{"type":"FeatureCollection","features":[{"geometry":{"coordinates":[[[105.85026819716862,21.02696890168091],[105.85032277573644,21.026986683069296],[105.85032590604584,21.026978311283717],[105.85035449119499,21.026904561509483],[105.85030013037105,21.026886204555215],[105.85024516641579,21.026902920247405],[105.85026819620514,21.026968903479553],[105.85026819716862,21.02696890168091]]],"type":"Polygon"},"properties":{"control":"Signed","id":0,"intersection_kind":"Fork","movements":["Road #119 -> Road #0","Road #119 -> Road #96"],"osm_node_ids":[103010880],"type":"intersection"},"type":"Feature"},{"geometry":{"coordinates":[[[105.84952902600484,21.028900107768717],[105.84958288004431,21.028919723773345],[105.84963560393513,21.02885546454087],[105.84961502135596,21.028840749839436],[105.84961624496106,21.028837620199965],[105.84956194001829,21.028819124750157],[105.84952792572372,21.028850964335152],[105.84954350790099,21.02886546769599],[105.84952902600484,21.028900107768717]]],"type":"Polygon"},"properties":{"control":"Signed","id":1,"intersection_kind":"Intersection","movements":["Road #38 -> Road #137","Road #38 -> Road #106","Road #3 -> Road #137","Road #3 -> Road #38","Road #3 -> Road #106","Road #106 -> Road #137","Road #106 -> Road #38"],"osm_node_ids":[103010881],"type":"intersection"},"type":"Feature"},{"geometry":{"coordinates":[[[105.84880738515179,21.030573944177604],[105.84888834348921,21.030602934711496],[105.84890925750156,21.03055147642391],[105.84882810839737,21.030522949940007],[105.84879996644376,21.03057008518825],[105.84880738515179,21.030573944177604]]],"type":"Polygon"},"properties":{"control":"Signed","id":2,"intersection_kind":"Fork","movements":["Road #13 -> Road #14","Road #13 -> Road #4"],"osm_node_ids":[103010886],"type":"intersection"},"type":"Feature"},{"geometry":{"coordinates":[[[105.8476684939995,21.029986596284754],[105.84774645594966,21.030022027760563],[105.84777459886674,21.029974892512325],[105.84777008887033,21.029972547081364],[105.84768939645025,21.029942915331112],[105.84768147673856,21.029961706657755],[105.8476684939995,21.029986596284754]]],"type":"Polygon"},"properties":{"control":"Signed","id":3,"intersection_kind":"Fork","movements":["Road #4 -> Road #102","Road #101 -> Road #102"],"osm_node_ids":[103010952],"type":"intersection"},"type":"Feature"},{"geometry":{"coordinates":[[[105.85156957247871,21.025933607951202],[105.85159926079938,21.02602387826482],[105.85158691009572,21.02605365390654],[105.85165429508785,21.026078007537816],[105.85169762805047,21.026076701722726],[105.85169436574589,21.02598246270251],[105.85172999192338,21.02597153864198],[105.85170293001805,21.025894643040488],[105.8516309435,21.025900512013816],[105.8516323569084,21.025915617920184],[105.85156957247871,21.025933607951202]]],"type":"Polygon"},"properties":{"control":"Signalled","id":4,"intersection_kind":"Intersection","movements":["Road #91 -> Road #5","Road #91 -> Road #8","Road #91 -> Road #92","Road #94 -> Road #5","Road #94 -> Road #8","Road #94 -> Road #92","Road #8 -> Road #5","Road #8 -> Road #92"],"osm_node_ids":[6644523689],"type":"intersection"},"type":"Feature"},{"geometry":{"coordinates":[[[105.85004433042788,21.026368868855666],[105.85007345415596,21.026459299248543],[105.85008882437013,21.026454986101733],[105.85008921072104,21.026456094066052],[105.8501441746763,21.026439379273185],[105.85015671903714,21.026435824254555],[105.85012733709948,21.026345465807417],[105.85012720992162,21.026345071904515],[105.85004433042788,21.02636886975499],[105.85004433042788,21.026368868855666]]],"type":"Polygon"},"properties":{"control":"Signalled","id":5,"intersection_kind":"Intersection","movements":["Road #6 -> Road #115","Road #6 -> Road #119","Road #6 -> Road #114","Road #114 -> Road #115","Road #114 -> Road #119"],"osm_node_ids":[98009579],"type":"intersection"},"type":"Feature"},{"geometry":{"coordinates":[[[105.85322615167527,21.02551175683241],[105.85316519976281,21.025490090374337],[105.85329274758665,21.025466305114367],[105.85319579856129,21.025435938618298],[105.85322615167527,21.02551175683241]]],"type":"Polygon"},"properties":{"control":"Signalled","id":6,"intersection_kind":"Connection","movements":["Road #7 -> Road #42"],"osm_node_ids":[75617751],"type":"intersection"},"type":"Feature"},{"geometry":{"coordinates":[[[105.85053338033225,21.029220635910367],[105.85061258901072,21.02925356907053],[105.85064803598307,21.029178133068132],[105.85056838410904,21.029146140598453],[105.85056009731584,21.029143635088236],[105.85053338033225,21.029220636809686],[105.85053338033225,21.029220635910367]]],"type":"Polygon"},"properties":{"control":"Signed","id":7,"intersection_kind":"Fork","movements":["Road #31 -> Road #9","Road #31 -> Road #37","Road #37 -> Road #9"],"osm_node_ids":[103011363],"type":"intersection"},"type":"Feature"},{"geometry":{"coordinates":[[[105.85106590097524,21.02800305776868],[105.8511472658964,21.028031039263634],[105.85121620978069,21.028010839599233],[105.85125081949884,21.027799919885428],[105.85121816947577,21.02777329276893],[105.8511478054388,21.027757933253845],[105.85106590097524,21.02800305776868]]],"type":"Polygon"},"properties":{"control":"Signed","id":8,"intersection_kind":"Intersection","movements":["Road #11 -> Road #94","Road #11 -> Road #91","Road #27 -> Road #94","Road #27 -> Road #91"],"osm_node_ids":[104763597],"type":"intersection"},"type":"Feature"},{"geometry":{"coordinates":[[[105.84939212579155,21.029186194587734],[105.8494721726877,21.02921731291673],[105.84948067240747,21.029163219616606],[105.84942731937166,21.029142447084286],[105.84941874642828,21.02913829491606],[105.84939212579155,21.02918619278909],[105.84939212579155,21.029186194587734]]],"type":"Polygon"},"properties":{"control":"Signed","id":9,"intersection_kind":"Fork","movements":["Road #139 -> Road #12","Road #22 -> Road #12"],"osm_node_ids":[322505330],"type":"intersection"},"type":"Feature"},{"geometry":{"coordinates":[[[105.84861382046121,21.03104490455574],[105.84869477879862,21.03107389508963],[105.8487258371716,21.030998325987625],[105.8486448788342,21.030969335453733],[105.84861382046121,21.03104490455574]]],"type":"Polygon"},"properties":{"control":"Signalled","id":10,"intersection_kind":"Terminus","movements":[],"osm_node_ids":[103012143],"type":"intersection"},"type":"Feature"},{"geometry":{"coordinates":[[[105.85582893890728,21.027044888068176],[105.85582206166859,21.026991311878017],[105.8557646639917,21.026997731236214],[105.8557715412304,21.027051307426376],[105.85582893890728,21.027044888068176]]],"type":"Polygon"},"properties":{"control":"Signed","id":11,"intersection_kind":"Terminus","movements":[],"osm_node_ids":[98010332],"type":"intersection"},"type":"Feature"},{"geometry":{"coordinates":[[[105.85350939024,21.02736446023087],[105.85363814818037,21.027347275992085],[105.85363827054087,21.027347260703614],[105.85362967447425,21.027293902149303],[105.85350110922761,21.027312308566266],[105.85350542556682,21.027338578652053],[105.85350939024,21.02736446023087]]],"type":"Polygon"},"properties":{"control":"Signed","id":12,"intersection_kind":"Fork","movements":["Road #15 -> Road #45","Road #44 -> Road #45"],"osm_node_ids":[309597635],"type":"intersection"},"type":"Feature"},{"geometry":{"coordinates":[[[105.85329824995569,21.026117079467813],[105.8534266899514,21.02609793111046],[105.85344054559299,21.02609318359128],[105.85341065783432,21.026017205297904],[105.85328310808356,21.026040990557874],[105.85329369178585,21.026090440660134],[105.85329824995569,21.026117079467813]]],"type":"Polygon"},"properties":{"control":"Signed","id":13,"intersection_kind":"Fork","movements":["Road #16 -> Road #43","Road #42 -> Road #43","Road #42 -> Road #16"],"osm_node_ids":[8184606185],"type":"intersection"},"type":"Feature"},{"geometry":{"coordinates":[[[105.85532684460188,21.02544668910974],[105.85529695587975,21.025370710816368],[105.85521555723719,21.025398608674408],[105.85524544595933,21.025474586967782],[105.85532684460188,21.02544668910974]]],"type":"Polygon"},"properties":{"control":"Signed","id":14,"intersection_kind":"Terminus","movements":[],"osm_node_ids":[309597639],"type":"intersection"},"type":"Feature"},{"geometry":{"coordinates":[[[105.84763409624445,21.024168916669602],[105.84761570362936,21.024174283821427],[105.84762145264634,21.024191450973106],[105.84763984526144,21.024186083821277],[105.84763409624445,21.024168916669602]]],"type":"Polygon"},"properties":{"control":"Signed","id":15,"intersection_kind":"Connection","movements":[],"osm_node_ids":[317319372],"type":"intersection"},"type":"Feature"},{"geometry":{"coordinates":[[[105.84809989861557,21.02562005045195],[105.84812668304195,21.02569703058968],[105.8481451199766,21.02569142691625],[105.84811822378786,21.025614480952743],[105.84809983117277,21.02561984900389],[105.84809989861557,21.02562005045195]]],"type":"Polygon"},"properties":{"control":"Signed","id":16,"intersection_kind":"Intersection","movements":["Road #111 -> Road #110","Road #110 -> Road #111"],"osm_node_ids":[317319370],"type":"intersection"},"type":"Feature"},{"geometry":{"coordinates":[[[105.84826985447219,21.029406783808312],[105.84830901368896,21.029334568276877],[105.84830964283394,21.029333254367895],[105.84826565471268,21.02931492079599],[105.84822893885222,21.029388246090388],[105.84825083752946,21.029397799584665],[105.84826985447219,21.029406783808312]]],"type":"Polygon"},"properties":{"control":"Signed","id":17,"intersection_kind":"Intersection","movements":["Road #18 -> Road #24","Road #18 -> Road #362","Road #24 -> Road #18","Road #24 -> Road #362","Road #362 -> Road #18","Road #362 -> Road #24"],"osm_node_ids":[322505474],"type":"intersection"},"type":"Feature"},{"geometry":{"coordinates":[[[105.84876815560182,21.029637592021217],[105.84880641108506,21.029564955607235],[105.84880656331309,21.02956466062972],[105.8487630453645,21.029545377374117],[105.84872577647309,21.02961845985166],[105.84874727820127,21.02962801244661],[105.84876815560182,21.029637592021217]]],"type":"Polygon"},"properties":{"control":"Signed","id":18,"intersection_kind":"Intersection","movements":["Road #365 -> Road #35","Road #365 -> Road #19","Road #35 -> Road #365","Road #35 -> Road #19","Road #19 -> Road #365","Road #19 -> Road #35"],"osm_node_ids":[4023283637],"type":"intersection"},"type":"Feature"},{"geometry":{"coordinates":[[[105.8477479233123,21.02815950826589],[105.84783463548405,21.028159358978492],[105.84785063677013,21.02810750498936],[105.84783565965114,21.02810347782685],[105.84774909970743,21.028098676348364],[105.8477479233123,21.02815950826589]]],"type":"Polygon"},"properties":{"control":"Signed","id":19,"intersection_kind":"Fork","movements":["Road #130 -> Road #131","Road #130 -> Road #20"],"osm_node_ids":[322505394],"type":"intersection"},"type":"Feature"},{"geometry":{"coordinates":[[[105.84774886558456,21.02859693203901],[105.84783557582938,21.0285965417334],[105.84783623676881,21.028551580145677],[105.84783541300318,21.028551569353816],[105.84774870083145,21.02855172133918],[105.84774886558456,21.02859693203901]]],"type":"Polygon"},"properties":{"control":"Signed","id":20,"intersection_kind":"Fork","movements":["Road #23 -> Road #132","Road #131 -> Road #132","Road #131 -> Road #23"],"osm_node_ids":[322505401],"type":"intersection"},"type":"Feature"},{"geometry":{"coordinates":[[[105.84841017692585,21.029012806265875],[105.84845416504712,21.029031139837777],[105.84845455525189,21.029031316104827],[105.84847554537826,21.028990843031643],[105.84848025770306,21.02898276802222],[105.84843795757875,21.028961250851545],[105.84840121185077,21.02899032951896],[105.84841412618354,21.029004548694147],[105.84841017692585,21.029012806265875]]],"type":"Polygon"},"properties":{"control":"Signed","id":21,"intersection_kind":"Intersection","movements":["Road #24 -> Road #364","Road #24 -> Road #363","Road #24 -> Road #23","Road #364 -> Road #24","Road #364 -> Road #363","Road #364 -> Road #23","Road #363 -> Road #24","Road #363 -> Road #364","Road #363 -> Road #23","Road #23 -> Road #24","Road #23 -> Road #364","Road #23 -> Road #363"],"osm_node_ids":[322505450],"type":"intersection"},"type":"Feature"},{"geometry":{"coordinates":[[[105.8509607904076,21.031417787608696],[105.85102963987197,21.031397308255247],[105.85100769976557,21.031333043626844],[105.8509388503012,21.031353522980293],[105.8509607904076,21.031417787608696]]],"type":"Polygon"},"properties":{"control":"Signed","id":22,"intersection_kind":"Terminus","movements":[],"osm_node_ids":[75617760],"type":"intersection"},"type":"Feature"},{"geometry":{"coordinates":[[[105.84775439300378,21.02778174999007],[105.84776525707544,21.02782555774807],[105.84785193648925,21.027827800656354],[105.84785289706741,21.02777888475118],[105.84776618489568,21.027779203111056],[105.84775439300378,21.02778174999007]]],"type":"Polygon"},"properties":{"control":"Signed","id":24,"intersection_kind":"Intersection","movements":["Road #28 -> Road #129","Road #128 -> Road #28","Road #128 -> Road #129"],"osm_node_ids":[2218033249],"type":"intersection"},"type":"Feature"},{"geometry":{"coordinates":[[[105.84636718902262,21.028977088805767],[105.84637701062127,21.02902111060233],[105.84642417240802,21.02901194381638],[105.84641435080937,21.028967922019817],[105.84636718902262,21.028977088805767]]],"type":"Polygon"},"properties":{"control":"Signed","id":25,"intersection_kind":"Terminus","movements":[],"osm_node_ids":[8909952769],"type":"intersection"},"type":"Feature"},{"geometry":{"coordinates":[[[105.85013687254796,21.02990726442081],[105.85020713831113,21.02995469284792],[105.85025791792238,21.02988908643156],[105.85025749977702,21.029888804943873],[105.8501865884899,21.02984222277847],[105.85013687254796,21.02990726442081]]],"type":"Polygon"},"properties":{"control":"Signalled","id":26,"intersection_kind":"Intersection","movements":["Road #97 -> Road #98","Road #97 -> Road #31","Road #98 -> Road #31"],"osm_node_ids":[309601310],"type":"intersection"},"type":"Feature"},{"geometry":{"coordinates":[[[105.85101315781505,21.0305108405735],[105.85108382438115,21.03052492934704],[105.85110447825699,21.030438958690407],[105.8510340352156,21.03042392922638],[105.85098148089524,21.030488309867284],[105.85101315781505,21.030510839674175],[105.85101315781505,21.0305108405735]]],"type":"Polygon"},"properties":{"control":"Signed","id":27,"intersection_kind":"Fork","movements":["Road #25 -> Road #26","Road #25 -> Road #32","Road #32 -> Road #26"],"osm_node_ids":[309601293],"type":"intersection"},"type":"Feature"},{"geometry":{"coordinates":[[[105.8506470359027,21.03025135928726],[105.85069208769326,21.03028517198403],[105.85069352229796,21.03028350733959],[105.85074607565485,21.03021912669869],[105.8506978164774,21.030185751072253],[105.85064703397575,21.030251358387936],[105.8506470359027,21.03025135928726]]],"type":"Polygon"},"properties":{"control":"Signed","id":28,"intersection_kind":"Intersection","movements":["Road #41 -> Road #32","Road #41 -> Road #98","Road #32 -> Road #98","Road #98 -> Road #32"],"osm_node_ids":[4023205753],"type":"intersection"},"type":"Feature"},{"geometry":{"coordinates":[[[105.8477233500463,21.027021235008494],[105.8477532580378,21.027111442369595],[105.84783964166677,21.027104417767898],[105.8478379970259,21.027086793760805],[105.84784993440155,21.027083277413013],[105.84781949457539,21.026993224735243],[105.84773637903183,21.027016290537862],[105.84773672395359,21.027017372421852],[105.8477233500463,21.027021235008494]]],"type":"Polygon"},"properties":{"control":"Signalled","id":29,"intersection_kind":"Intersection","movements":["Road #95 -> Road #65","Road #95 -> Road #128","Road #95 -> Road #33","Road #33 -> Road #65","Road #33 -> Road #128"],"osm_node_ids":[98009663],"type":"intersection"},"type":"Feature"},{"geometry":{"coordinates":[[[105.84736007229317,21.0258430561499],[105.847381324483,21.02592152736299],[105.84738173106673,21.025922742346587],[105.84746451421363,21.025898656713174],[105.84743690216774,21.025821929284838],[105.84739826900483,21.025834043147956],[105.84736007229317,21.0258430561499]]],"type":"Polygon"},"properties":{"control":"Signed","id":30,"intersection_kind":"Intersection","movements":["Road #322 -> Road #34","Road #322 -> Road #113","Road #34 -> Road #322","Road #34 -> Road #113","Road #113 -> Road #322","Road #113 -> Road #34"],"osm_node_ids":[98010039],"type":"intersection"},"type":"Feature"},{"geometry":{"coordinates":[[[105.84903640066858,21.029015050972806],[105.84907963728436,21.029034877418706],[105.84910625792108,21.028986978646355],[105.84910507670861,21.028986405778443],[105.84909305165732,21.028972352078444],[105.8490622216264,21.028966177335747],[105.84903665309736,21.029014571634345],[105.84903640066858,21.029015050972806]]],"type":"Polygon"},"properties":{"control":"Signed","id":31,"intersection_kind":"Intersection","movements":["Road #36 -> Road #22","Road #21 -> Road #36","Road #21 -> Road #22"],"osm_node_ids":[4023283638],"type":"intersection"},"type":"Feature"},{"geometry":{"coordinates":[[[105.84871487675309,21.02839431756098],[105.8487067643477,21.028438641529625],[105.84872500762516,21.028441550835282],[105.8487381223594,21.028448073615476],[105.84876077543254,21.02840838834809],[105.84876164929854,21.02840508244157],[105.84871487675309,21.02839431756098]]],"type":"Polygon"},"properties":{"control":"Signed","id":32,"intersection_kind":"Intersection","movements":["Road #80 -> Road #108","Road #80 -> Road #39","Road #108 -> Road #80","Road #108 -> Road #39","Road #39 -> Road #80","Road #39 -> Road #108"],"osm_node_ids":[4023288101],"type":"intersection"},"type":"Feature"},{"geometry":{"coordinates":[[[105.84994916189245,21.027821456841178],[105.8500036017208,21.027839605152813],[105.85001987470504,21.02779664815313],[105.8499652961372,21.027778863167455],[105.84996074856554,21.027777811860403],[105.84994916189245,21.0278214577405],[105.84994916189245,21.027821456841178]]],"type":"Polygon"},"properties":{"control":"Signed","id":33,"intersection_kind":"Intersection","movements":["Road #1 -> Road #2","Road #1 -> Road #40","Road #40 -> Road #2"],"osm_node_ids":[4023288103],"type":"intersection"},"type":"Feature"},{"geometry":{"coordinates":[[[105.8500430451608,21.031277659800097],[105.85010055460003,21.031283140266453],[105.85010642597753,21.03122945975498],[105.8500489165383,21.031223979288622],[105.8500430451608,21.031277659800097]]],"type":"Polygon"},"properties":{"control":"Signed","id":34,"intersection_kind":"Terminus","movements":[],"osm_node_ids":[4023205756],"type":"intersection"},"type":"Feature"},{"geometry":{"coordinates":[[[105.85359529887896,21.0279247736145],[105.85372400479201,21.027907249432115],[105.85371582398035,21.02785383511986],[105.85358698318169,21.027871028351868],[105.85359529887896,21.0279247736145]]],"type":"Polygon"},"properties":{"control":"Signed","id":35,"intersection_kind":"Fork","movements":["Road #45 -> Road #127","Road #45 -> Road #63"],"osm_node_ids":[309597644],"type":"intersection"},"type":"Feature"},{"geometry":{"coordinates":[[[105.85346460533023,21.027090178807637],[105.85359317057689,21.027071771491354],[105.8535862779227,21.02702726765837],[105.85358572392826,21.02702734230207],[105.85345728393254,21.0270464897601],[105.85346460533023,21.027090178807637]]],"type":"Polygon"},"properties":{"control":"Signed","id":36,"intersection_kind":"Fork","movements":["Road #46 -> Road #44","Road #43 -> Road #44","Road #43 -> Road #46"],"osm_node_ids":[5703662589],"type":"intersection"},"type":"Feature"},{"geometry":{"coordinates":[[[105.85442394640582,21.026959652157363],[105.85441705375163,21.026915148324377],[105.8543693765092,21.026921582971045],[105.8543762691634,21.02696608680403],[105.85442394640582,21.026959652157363]]],"type":"Polygon"},"properties":{"control":"Signed","id":37,"intersection_kind":"Terminus","movements":[],"osm_node_ids":[5703662588],"type":"intersection"},"type":"Feature"},{"geometry":{"coordinates":[[[105.8500770767978,21.027479995188628],[105.85013165536563,21.027497780174304],[105.85013805183351,21.027480674176502],[105.85008347326567,21.027462892788115],[105.85008122934735,21.02746243143609],[105.8500770767978,21.027479995188628]]],"type":"Polygon"},"properties":{"control":"Signed","id":38,"intersection_kind":"Connection","movements":["Road #0 -> Road #1"],"osm_node_ids":[5703662598],"type":"intersection"},"type":"Feature"},{"geometry":{"coordinates":[[[105.84902583430872,21.027561563665607],[105.84901427268582,21.02760521494163],[105.84903295337803,21.027609531685727],[105.84904454005111,21.027565885805632],[105.84902587573788,21.027561413478885],[105.84902583430872,21.027561563665607]]],"type":"Polygon"},"properties":{"control":"Signed","id":39,"intersection_kind":"Intersection","movements":["Road #39 -> Road #40","Road #40 -> Road #39"],"osm_node_ids":[5703662590],"type":"intersection"},"type":"Feature"},{"geometry":{"coordinates":[[[105.84938473020678,21.02655377838765],[105.84941315252973,21.026644404832656],[105.8494600406914,21.026631420426146],[105.84943091696331,21.02654099003327],[105.84943084373971,21.026540762504883],[105.84938473213371,21.02655377748833],[105.84938473020678,21.02655377838765]]],"type":"Polygon"},"properties":{"control":"Signed","id":40,"intersection_kind":"Intersection","movements":["Road #115 -> Road #117","Road #115 -> Road #49","Road #49 -> Road #117"],"osm_node_ids":[5703662600],"type":"intersection"},"type":"Feature"},{"geometry":{"coordinates":[[[105.84925085624828,21.025985192143825],[105.84920474464228,21.025998207127277],[105.84921868892297,21.026041248663198],[105.84926480052897,21.02602823367975],[105.84925085624828,21.025985192143825]]],"type":"Polygon"},"properties":{"control":"Signed","id":41,"intersection_kind":"Terminus","movements":[],"osm_node_ids":[5703662599],"type":"intersection"},"type":"Feature"},{"geometry":{"coordinates":[[[105.84855254000597,21.026142391776006],[105.84856664325896,21.02618538834584],[105.84856735237183,21.02618518599846],[105.84861320576826,21.026171398497684],[105.8485983654618,21.026128529631528],[105.8485525390425,21.026142391776006],[105.84855254000597,21.026142391776006]]],"type":"Polygon"},"properties":{"control":"Signed","id":42,"intersection_kind":"Intersection","movements":["Road #51 -> Road #50","Road #51 -> Road #52","Road #50 -> Road #51","Road #50 -> Road #52","Road #52 -> Road #51","Road #52 -> Road #50"],"osm_node_ids":[5703662604],"type":"intersection"},"type":"Feature"},{"geometry":{"coordinates":[[[105.84865187361603,21.02643009377677],[105.84869772701246,21.02641630537667],[105.84868295607573,21.02637350485896],[105.84863710267932,21.02638729325906],[105.84865187361603,21.02643009377677]]],"type":"Polygon"},"properties":{"control":"Signed","id":43,"intersection_kind":"Terminus","movements":[],"osm_node_ids":[5703662601],"type":"intersection"},"type":"Feature"},{"geometry":{"coordinates":[[[105.84764804823288,21.026400901794823],[105.84766215148588,21.026443898364658],[105.84770821395499,21.026430733194488],[105.84769411070198,21.026387736624653],[105.84764804823288,21.026400901794823]]],"type":"Polygon"},"properties":{"control":"Signed","id":44,"intersection_kind":"Terminus","movements":[],"osm_node_ids":[8176641004],"type":"intersection"},"type":"Feature"},{"geometry":{"coordinates":[[[105.84766627513139,21.025985611227732],[105.84768112410906,21.026028388363077],[105.8477269524553,21.026014528017242],[105.84771210347762,21.025971750881897],[105.84766627513139,21.025985611227732]]],"type":"Polygon"},"properties":{"control":"Signed","id":45,"intersection_kind":"Terminus","movements":[],"osm_node_ids":[5703662602],"type":"intersection"},"type":"Feature"},{"geometry":{"coordinates":[[[105.84686698930935,21.026494688456232],[105.8468811677129,21.02653766344235],[105.84692732941926,21.026524804041554],[105.84692724174361,21.02652453064776],[105.84691328397437,21.026481492709124],[105.84686698930935,21.026494688456232]]],"type":"Polygon"},"properties":{"control":"Signed","id":46,"intersection_kind":"Intersection","movements":["Road #53 -> Road #55","Road #53 -> Road #54","Road #55 -> Road #53","Road #55 -> Road #54","Road #54 -> Road #53","Road #54 -> Road #55"],"osm_node_ids":[5703662609],"type":"intersection"},"type":"Feature"},{"geometry":{"coordinates":[[[105.84702686921162,21.026993401901617],[105.84704089731406,21.027036420055175],[105.84708768720193,21.027022686513696],[105.84707282858957,21.026979912975637],[105.84702666784668,21.026992772376435],[105.84702686921162,21.026993401901617]]],"type":"Polygon"},"properties":{"control":"Signed","id":47,"intersection_kind":"Intersection","movements":["Road #53 -> Road #56","Road #53 -> Road #55","Road #56 -> Road #53","Road #56 -> Road #55","Road #55 -> Road #53","Road #55 -> Road #56"],"osm_node_ids":[5703662608],"type":"intersection"},"type":"Feature"},{"geometry":{"coordinates":[[[105.84751183304576,21.02631235997749],[105.84752579177847,21.026355397916124],[105.84760898343605,21.026332310529785],[105.84759461715612,21.026288273444756],[105.84751183400923,21.026312359078165],[105.84751183304576,21.02631235997749]]],"type":"Polygon"},"properties":{"control":"Signed","id":48,"intersection_kind":"Intersection","movements":["Road #54 -> Road #33","Road #54 -> Road #34","Road #33 -> Road #54","Road #33 -> Road #34","Road #34 -> Road #54","Road #34 -> Road #33"],"osm_node_ids":[5703662610],"type":"intersection"},"type":"Feature"},{"geometry":{"coordinates":[[[105.84737612946044,21.026935386659613],[105.84736127084808,21.026892613121554],[105.84731544635572,21.026906482460603],[105.84733030496808,21.026949255998662],[105.84737612946044,21.026935386659613]]],"type":"Polygon"},"properties":{"control":"Signed","id":49,"intersection_kind":"Terminus","movements":[],"osm_node_ids":[5703662607],"type":"intersection"},"type":"Feature"},{"geometry":{"coordinates":[[[105.84930055292085,21.025456303757892],[105.849315847021,21.02549894419634],[105.8493162516778,21.025498817391984],[105.84936162237648,21.025483706089684],[105.84935378070574,21.025463191662688],[105.84934626179698,21.02544210436778],[105.84930055292085,21.02545630465721],[105.84930055292085,21.025456303757892]]],"type":"Polygon"},"properties":{"control":"Signed","id":50,"intersection_kind":"Intersection","movements":["Road #57 -> Road #62","Road #57 -> Road #58","Road #62 -> Road #57","Road #62 -> Road #58","Road #58 -> Road #57","Road #58 -> Road #62"],"osm_node_ids":[5704289438],"type":"intersection"},"type":"Feature"},{"geometry":{"coordinates":[[[105.84876045267056,21.02562507945882],[105.84877574677073,21.025667719897267],[105.84882142866974,21.025653444964135],[105.84880613456957,21.025610804525687],[105.84876045267056,21.02562507945882]]],"type":"Polygon"},"properties":{"control":"Signed","id":51,"intersection_kind":"Terminus","movements":[],"osm_node_ids":[5704289437],"type":"intersection"},"type":"Feature"},{"geometry":{"coordinates":[[[105.84923609687318,21.025274026540483],[105.84926299306193,21.02535097250399],[105.84926322718478,21.025351630807464],[105.84930893606092,21.025337430518032],[105.84928357178721,21.025260031296394],[105.84923609687318,21.025274026540483]]],"type":"Polygon"},"properties":{"control":"Signed","id":52,"intersection_kind":"Intersection","movements":["Road #110 -> Road #58","Road #110 -> Road #109","Road #58 -> Road #110","Road #58 -> Road #109","Road #109 -> Road #110","Road #109 -> Road #58"],"osm_node_ids":[5704289440],"type":"intersection"},"type":"Feature"},{"geometry":{"coordinates":[[[105.84804944658364,21.025635256183026],[105.8480754101348,21.0257124827349],[105.84809458894026,21.025706759451683],[105.84806780451387,21.025629779313952],[105.84804936083495,21.025634989983807],[105.84804944754711,21.025635256183026],[105.84804944658364,21.025635256183026]]],"type":"Polygon"},"properties":{"control":"Signed","id":54,"intersection_kind":"Intersection","movements":["Road #112 -> Road #111","Road #111 -> Road #112"],"osm_node_ids":[5704289449],"type":"intersection"},"type":"Feature"},{"geometry":{"coordinates":[[[105.84759772145188,21.024179894689432],[105.8475792787364,21.024185105359283],[105.84758486010986,21.02420232107433],[105.84760330282532,21.02419711040448],[105.84759772145188,21.024179894689432]]],"type":"Polygon"},"properties":{"control":"Signed","id":55,"intersection_kind":"Connection","movements":[],"osm_node_ids":[5704289447],"type":"intersection"},"type":"Feature"},{"geometry":{"coordinates":[[[105.84935831382539,21.02560885479627],[105.84940368548752,21.02559374439329],[105.84938749632505,21.025551393536425],[105.84934212466293,21.025566503939405],[105.84935831382539,21.02560885479627]]],"type":"Polygon"},"properties":{"control":"Signed","id":56,"intersection_kind":"Terminus","movements":[],"osm_node_ids":[5706969277],"type":"intersection"},"type":"Feature"},{"geometry":{"coordinates":[[[105.8559704493177,21.027559818981533],[105.85593994975649,21.027513980555167],[105.85589084176323,21.02754244948248],[105.85592134132443,21.027588287908845],[105.8559704493177,21.027559818981533]]],"type":"Polygon"},"properties":{"control":"Signed","id":58,"intersection_kind":"Terminus","movements":[],"osm_node_ids":[13026719368],"type":"intersection"},"type":"Feature"},{"geometry":{"coordinates":[[[105.84835107198266,21.029931275410522],[105.84839352818888,21.029952524583333],[105.8484162920609,21.02991289597321],[105.84837383585467,21.0298916468004],[105.84835107198266,21.029931275410522]]],"type":"Polygon"},"properties":{"control":"Signed","id":59,"intersection_kind":"Terminus","movements":[],"osm_node_ids":[7202327211],"type":"intersection"},"type":"Feature"},{"geometry":{"coordinates":[[[105.84857071005982,21.029548918003595],[105.84861316626605,21.02957016717641],[105.84861396305456,21.029568780422366],[105.84865123290943,21.029495698844148],[105.84863175061139,21.029487042872912],[105.84860986734964,21.029476704270806],[105.84857071005982,21.029548919802238],[105.84857071005982,21.029548918003595]]],"type":"Polygon"},"properties":{"control":"Signed","id":60,"intersection_kind":"Intersection","movements":["Road #64 -> Road #19","Road #64 -> Road #18","Road #19 -> Road #64","Road #19 -> Road #18","Road #18 -> Road #64","Road #18 -> Road #19"],"osm_node_ids":[6363620554],"type":"intersection"},"type":"Feature"},{"geometry":{"coordinates":[[[105.84597510163216,21.027505310194787],[105.84600309617508,21.027596051752965],[105.8461003101543,21.02756992106204],[105.84607231561138,21.02747917950386],[105.84597510163216,21.027505310194787]]],"type":"Polygon"},"properties":{"control":"Signalled","id":61,"intersection_kind":"Terminus","movements":[],"osm_node_ids":[98044325],"type":"intersection"},"type":"Feature"},{"geometry":{"coordinates":[[[105.84823339585785,21.029734949889047],[105.84819120364202,21.029713249256748],[105.8481679551453,21.02975263235205],[105.84821014736114,21.029774332984346],[105.84823339585785,21.029734949889047]]],"type":"Polygon"},"properties":{"control":"Signed","id":62,"intersection_kind":"Terminus","movements":[],"osm_node_ids":[6408474767],"type":"intersection"},"type":"Feature"},{"geometry":{"coordinates":[[[105.84773628268498,21.02979906523005],[105.84782197743391,21.029811429104598],[105.84784292324073,21.02977093804498],[105.8478284500158,21.02976441616411],[105.84774174747874,21.029763176898825],[105.84774169545143,21.029766377584707],[105.84773628268498,21.02979906523005]]],"type":"Polygon"},"properties":{"control":"Signed","id":63,"intersection_kind":"Fork","movements":["Road #66 -> Road #100","Road #99 -> Road #100","Road #99 -> Road #66"],"osm_node_ids":[11433601785],"type":"intersection"},"type":"Feature"},{"geometry":{"coordinates":[[[105.8496896940244,21.027369363332706],[105.84967123203957,21.027364205722833],[105.84966570751075,21.02738143672635],[105.84968416564172,21.02738659433622],[105.8496896940244,21.027369363332706]]],"type":"Polygon"},"properties":{"control":"Signed","id":64,"intersection_kind":"Connection","movements":[],"osm_node_ids":[6588880020],"type":"intersection"},"type":"Feature"},{"geometry":{"coordinates":[[[105.84972306086809,21.02739746533677],[105.84974232831264,21.027397724341416],[105.84974239864586,21.02739315758589],[105.84974499615713,21.02738872123201],[105.84972808728364,21.027380094938394],[105.8497225608279,21.02739732594191],[105.84972306086809,21.02739746533677]]],"type":"Polygon"},"properties":{"control":"Signed","id":65,"intersection_kind":"Connection","movements":[],"osm_node_ids":[6588880035],"type":"intersection"},"type":"Feature"},{"geometry":{"coordinates":[[[105.84962508093136,21.027351313047134],[105.84961955640254,21.02736854405065],[105.84963801646045,21.027373700761203],[105.84964354098925,21.027356469757684],[105.84962508093136,21.027351313047134]]],"type":"Polygon"},"properties":{"control":"Signed","id":66,"intersection_kind":"Connection","movements":[],"osm_node_ids":[6588880019],"type":"intersection"},"type":"Feature"},{"geometry":{"coordinates":[[[105.84986394309699,21.027432296065694],[105.84988255345598,21.027436958149316],[105.84988295714932,21.02743705167877],[105.84988760684867,21.027419595844833],[105.84986902732066,21.027414828540575],[105.84986227918677,21.02743774775376],[105.84986394309699,21.027432296065694]]],"type":"Polygon"},"properties":{"control":"Signed","id":67,"intersection_kind":"Connection","movements":[],"osm_node_ids":[6588880022],"type":"intersection"},"type":"Feature"},{"geometry":{"coordinates":[[[105.85000671854165,21.02746550261965],[105.8500108710912,21.02744793886711],[105.8499925035263,21.027442501568192],[105.84999205069606,21.027443835262254],[105.84998740003326,21.02746129109619],[105.85000671854165,21.02746550261965]]],"type":"Polygon"},"properties":{"control":"Signed","id":68,"intersection_kind":"Connection","movements":[],"osm_node_ids":[5703662597],"type":"intersection"},"type":"Feature"},{"geometry":{"coordinates":[[[105.85227139574664,21.025720340108474],[105.85229845765197,21.025797235709966],[105.85234365396283,21.025783555228468],[105.85231729153568,21.02570644738706],[105.85231631457854,21.02570409026492],[105.85227139574664,21.02572033920915],[105.85227139574664,21.025720340108474]]],"type":"Polygon"},"properties":{"control":"Signed","id":69,"intersection_kind":"Intersection","movements":["Road #8 -> Road #7","Road #8 -> Road #72","Road #7 -> Road #8","Road #7 -> Road #72","Road #72 -> Road #8","Road #72 -> Road #7"],"osm_node_ids":[12408809720],"type":"intersection"},"type":"Feature"},{"geometry":{"coordinates":[[[105.85142632108058,21.025166266218704],[105.8514958526807,21.025147909264437],[105.8514877739967,21.02510357900054],[105.85148208567823,21.025104481919513],[105.8514131340862,21.025124657302232],[105.85141905749099,21.025142293899826],[105.85142632108058,21.025166266218704]]],"type":"Polygon"},"properties":{"control":"Signed","id":70,"intersection_kind":"Intersection","movements":["Road #92 -> Road #72","Road #92 -> Road #93","Road #72 -> Road #93"],"osm_node_ids":[6591425284],"type":"intersection"},"type":"Feature"},{"geometry":{"coordinates":[[[105.84834972698053,21.026837063819613],[105.84838016680669,21.026927116497383],[105.84838063119854,21.026928403426716],[105.84842628804736,21.026914061044458],[105.84839786765134,21.026823434599454],[105.84834972698053,21.026837063819613]]],"type":"Polygon"},"properties":{"control":"Signed","id":71,"intersection_kind":"Fork","movements":["Road #73 -> Road #95","Road #117 -> Road #95","Road #117 -> Road #73"],"osm_node_ids":[6591434256],"type":"intersection"},"type":"Feature"},{"geometry":{"coordinates":[[[105.84847097179293,21.02717897153572],[105.84851662864178,21.02716462915346],[105.84850126324494,21.027122012097376],[105.8484556063961,21.027136354479634],[105.84847097179293,21.02717897153572]]],"type":"Polygon"},"properties":{"control":"Signed","id":72,"intersection_kind":"Terminus","movements":[],"osm_node_ids":[6591434255],"type":"intersection"},"type":"Feature"},{"geometry":{"coordinates":[[[105.84942950259145,21.02913756017024],[105.84948285562726,21.02915833270256],[105.84950145635156,21.0291149826993],[105.84944756955417,21.029095447633622],[105.84942392410841,21.029134624784255],[105.84942950355492,21.0291375583716],[105.84942950259145,21.02913756017024]]],"type":"Polygon"},"properties":{"control":"Signed","id":75,"intersection_kind":"Intersection","movements":["Road #138 -> Road #139","Road #138 -> Road #75","Road #75 -> Road #139"],"osm_node_ids":[11201427648],"type":"intersection"},"type":"Feature"},{"geometry":{"coordinates":[[[105.85133896242142,21.029157599755386],[105.85141003942513,21.029169758584587],[105.85141321212716,21.029145495784803],[105.85134122368217,21.02913965379113],[105.8513371539909,21.029157233731457],[105.85133896242142,21.029157598856063],[105.85133896242142,21.029157599755386]]],"type":"Polygon"},"properties":{"control":"Signed","id":76,"intersection_kind":"Connection","movements":["Road #26 -> Road #27"],"osm_node_ids":[11832076990],"type":"intersection"},"type":"Feature"},{"geometry":{"coordinates":[[[105.85121787947173,21.02913293136152],[105.85123665747426,21.029136963919964],[105.85123692242811,21.029137017879265],[105.85124099211937,21.029119437938935],[105.85122221989766,21.029115379300162],[105.8512116198164,21.0291581105701],[105.85121787947173,21.02913293136152]]],"type":"Polygon"},"properties":{"control":"Signed","id":77,"intersection_kind":"Connection","movements":[],"osm_node_ids":[6591434558],"type":"intersection"},"type":"Feature"},{"geometry":{"coordinates":[[[105.85111367552801,21.02909040243896],[105.85109511912326,21.02908576913363],[105.85109008210954,21.02910312963947],[105.85110875413052,21.029107791723092],[105.85111367552801,21.02909040243896]]],"type":"Polygon"},"properties":{"control":"Signed","id":78,"intersection_kind":"Connection","movements":[],"osm_node_ids":[6591434562],"type":"intersection"},"type":"Feature"},{"geometry":{"coordinates":[[[105.85113421378762,21.029114068988466],[105.85115298986321,21.029118112338768],[105.85115732258139,21.029100578263844],[105.8511385465058,21.029096534913542],[105.85113362607179,21.029113924197674],[105.85113421378762,21.029114068988466]]],"type":"Polygon"},"properties":{"control":"Signed","id":79,"intersection_kind":"Connection","movements":[],"osm_node_ids":[6591434561],"type":"intersection"},"type":"Feature"},{"geometry":{"coordinates":[[[105.85097344171345,21.02907061466389],[105.85099097491458,21.0290780754366],[105.85099407921032,21.029078860544434],[105.85099911622403,21.029061500038598],[105.8509816138539,21.02905397811201],[105.85097683312283,21.029063670101827],[105.85097344171345,21.02907061466389]]],"type":"Polygon"},"properties":{"control":"Signed","id":80,"intersection_kind":"Connection","movements":[],"osm_node_ids":[11832076988],"type":"intersection"},"type":"Feature"},{"geometry":{"coordinates":[[[105.85063892157035,21.028993127308727],[105.85071857344438,21.029025119778407],[105.85073332800214,21.029030924899896],[105.85074082764153,21.02901435579714],[105.85072316533561,21.029007164820936],[105.85072619062693,21.02900859744038],[105.85064654260678,21.02897659777613],[105.85063892157035,21.028993127308727]]],"type":"Polygon"},"properties":{"control":"Signed","id":81,"intersection_kind":"Connection","movements":["Road #9 -> Road #10"],"osm_node_ids":[6591434569,11832076987],"type":"intersection"},"type":"Feature"},{"geometry":{"coordinates":[[[105.85077937505574,21.02904908400339],[105.8507971279277,21.029056082524757],[105.85080462371322,21.029039513422003],[105.85078687469513,21.02903251490064],[105.85077937505574,21.02904908400339]]],"type":"Polygon"},"properties":{"control":"Signed","id":82,"intersection_kind":"Connection","movements":[],"osm_node_ids":[6591434568],"type":"intersection"},"type":"Feature"},{"geometry":{"coordinates":[[[105.85068141438838,21.028900975614143],[105.85076106240854,21.028932975278398],[105.8507583165231,21.028931864616116],[105.85077598460983,21.028939043001817],[105.85078367405252,21.02892253685158],[105.85076853699773,21.028916396283105],[105.85068831860418,21.02888566466243],[105.85068510639996,21.02889296985249],[105.85068141438838,21.028900975614143]]],"type":"Polygon"},"properties":{"control":"Signed","id":83,"intersection_kind":"Connection","movements":["Road #10 -> Road #11"],"osm_node_ids":[6591434586,11832076994],"type":"intersection"},"type":"Feature"},{"geometry":{"coordinates":[[[105.85082632198899,21.02895946120139],[105.85084400356428,21.028966630593874],[105.85085167470108,21.02895012983957],[105.85083400661435,21.028942965843015],[105.85082632198899,21.02895946120139]]],"type":"Polygon"},"properties":{"control":"Signed","id":84,"intersection_kind":"Connection","movements":[],"osm_node_ids":[6591434570],"type":"intersection"},"type":"Feature"},{"geometry":{"coordinates":[[[105.8537423579049,21.02886472035967],[105.85387101179066,21.028846861629617],[105.8538794845333,21.028766309386146],[105.85385793848556,21.028764335375044],[105.8537292325725,21.028781857758787],[105.8537423579049,21.02886472035967]]],"type":"Polygon"},"properties":{"control":"Signed","id":85,"intersection_kind":"Fork","movements":["Road #103 -> Road #88","Road #127 -> Road #88","Road #127 -> Road #103"],"osm_node_ids":[309642117],"type":"intersection"},"type":"Feature"},{"geometry":{"coordinates":[[[105.85377675662343,21.03047006173094],[105.85386722439569,21.030512320856992],[105.85392489666111,21.030508611155035],[105.85395180152106,21.030284778980455],[105.85382183924499,21.03028967668636],[105.85377675662343,21.03047006173094]]],"type":"Polygon"},"properties":{"control":"Signed","id":86,"intersection_kind":"Fork","movements":["Road #88 -> Road #89","Road #88 -> Road #104"],"osm_node_ids":[75617763],"type":"intersection"},"type":"Feature"},{"geometry":{"coordinates":[[[105.85326773305204,21.03128292442925],[105.85335585574178,21.03132930244863],[105.85340554181619,21.031247047789204],[105.85331741912644,21.031200669769827],[105.85326773305204,21.03128292442925]]],"type":"Polygon"},"properties":{"control":"Signed","id":87,"intersection_kind":"Terminus","movements":[],"osm_node_ids":[5405026120],"type":"intersection"},"type":"Feature"},{"geometry":{"coordinates":[[[105.85134978024658,21.02471052955808],[105.85128082865454,21.0247307049408],[105.85130244407202,21.024795065796624],[105.85137139566406,21.024774890413905],[105.85134978024658,21.02471052955808]]],"type":"Polygon"},"properties":{"control":"Signalled","id":88,"intersection_kind":"Terminus","movements":[],"osm_node_ids":[98009137],"type":"intersection"},"type":"Feature"},{"geometry":{"coordinates":[[[105.85048453825631,21.026244268735308],[105.85051392019396,21.02633462718245],[105.85056827909096,21.026352985036038],[105.85058996484165,21.026313083032125],[105.85056027652098,21.02622281271851],[105.85048453825631,21.026244268735308]]],"type":"Polygon"},"properties":{"control":"Signed","id":90,"intersection_kind":"Fork","movements":["Road #96 -> Road #6","Road #5 -> Road #6"],"osm_node_ids":[1497570400],"type":"intersection"},"type":"Feature"},{"geometry":{"coordinates":[[[105.84910055226018,21.031294732522994],[105.84917484724893,21.03133646824383],[105.84921955989856,21.03126711974993],[105.84914526490981,21.031225384029096],[105.84910055226018,21.031294732522994]]],"type":"Polygon"},"properties":{"control":"Signed","id":91,"intersection_kind":"Terminus","movements":[],"osm_node_ids":[103011372],"type":"intersection"},"type":"Feature"},{"geometry":{"coordinates":[[[105.84775072218851,21.029216199556487],[105.84783742472557,21.02921743882177],[105.84787414058603,21.02914411172873],[105.84783832267829,21.029128485115102],[105.84775161243347,21.029128874521394],[105.84775174250173,21.029154054629295],[105.84775072218851,21.029216199556487]]],"type":"Polygon"},"properties":{"control":"Signed","id":92,"intersection_kind":"Fork","movements":["Road #362 -> Road #99","Road #132 -> Road #99","Road #132 -> Road #362"],"osm_node_ids":[103011356],"type":"intersection"},"type":"Feature"},{"geometry":{"coordinates":[[[105.84743773653153,21.030428998702728],[105.84747884580868,21.030426985121473],[105.84744222051428,21.030485128067156],[105.84751569848167,21.030464430178537],[105.84743773653153,21.030428998702728]]],"type":"Polygon"},"properties":{"control":"Signalled","id":93,"intersection_kind":"Connection","movements":["Road #102 -> Road #136"],"osm_node_ids":[81794043],"type":"intersection"},"type":"Feature"},{"geometry":{"coordinates":[[[105.85543356319859,21.028990075910244],[105.85544203594124,21.028909523666776],[105.85535573902445,21.02890161413254],[105.8553472662818,21.02898216637601],[105.85543356319859,21.028990075910244]]],"type":"Polygon"},"properties":{"control":"Signed","id":94,"intersection_kind":"Terminus","movements":[],"osm_node_ids":[309642113],"type":"intersection"},"type":"Feature"},{"geometry":{"coordinates":[[[105.85388836482315,21.03079865409015],[105.85394603612511,21.030794945287518],[105.85394206181725,21.03074111369],[105.85388439051529,21.030744822492636],[105.85388836482315,21.03079865409015]]],"type":"Polygon"},"properties":{"control":"Signed","id":95,"intersection_kind":"Terminus","movements":[],"osm_node_ids":[6644360680],"type":"intersection"},"type":"Feature"},{"geometry":{"coordinates":[[[105.84948911046524,21.02899560853726],[105.84954299726265,21.029015143602937],[105.84955003829099,21.02899827952267],[105.84949618617846,21.028978663518043],[105.84948660544696,21.02899426944727],[105.84948911046524,21.02899560943658],[105.84948911046524,21.02899560853726]]],"type":"Polygon"},"properties":{"control":"Signed","id":96,"intersection_kind":"Connection","movements":["Road #137 -> Road #138"],"osm_node_ids":[11197639570],"type":"intersection"},"type":"Feature"},{"geometry":{"coordinates":[[[105.84940612498995,21.028942093500977],[105.8494169216188,21.02895699166404],[105.84941918962383,21.028958204848994],[105.84942877035533,21.028942599819086],[105.84941109456086,21.028935437621175],[105.84940877741893,21.028940418963998],[105.84940612498995,21.028942093500977]]],"type":"Polygon"},"properties":{"control":"Signed","id":97,"intersection_kind":"Connection","movements":[],"osm_node_ids":[7171121007],"type":"intersection"},"type":"Feature"},{"geometry":{"coordinates":[[[105.84970256981843,21.02522502879703],[105.84966049321883,21.02520419421152],[105.84974337271258,21.025180396361044],[105.84967720361779,21.025147631374036],[105.84970256981843,21.02522502879703]]],"type":"Polygon"},"properties":{"control":"Signalled","id":98,"intersection_kind":"Intersection","movements":["Road #109 -> Road #114","Road #114 -> Road #109"],"osm_node_ids":[98009580],"type":"intersection"},"type":"Feature"},{"geometry":{"coordinates":[[[105.84692973038295,21.02796008098392],[105.84694090661841,21.02800382039347],[105.8469878371727,21.027993670648915],[105.84698780248783,21.027993533052697],[105.84697693937966,21.027949725294697],[105.84692973038295,21.02796008098392]]],"type":"Polygon"},"properties":{"control":"Signed","id":99,"intersection_kind":"Intersection","movements":["Road #29 -> Road #120","Road #29 -> Road #28","Road #120 -> Road #29","Road #120 -> Road #28","Road #28 -> Road #29","Road #28 -> Road #120"],"osm_node_ids":[8830844254],"type":"intersection"},"type":"Feature"},{"geometry":{"coordinates":[[[105.847240092515,21.029372860494973],[105.84725013571142,21.029416839124092],[105.84729816172948,21.02941332367562],[105.8472911524956,21.029363562408054],[105.84724385775019,21.02937211315865],[105.847240092515,21.029372860494973]]],"type":"Polygon"},"properties":{"control":"Signed","id":100,"intersection_kind":"Intersection","movements":["Road #123 -> Road #124","Road #123 -> Road #122","Road #124 -> Road #123","Road #124 -> Road #122","Road #122 -> Road #123","Road #122 -> Road #124"],"osm_node_ids":[8830844250],"type":"intersection"},"type":"Feature"},{"geometry":{"coordinates":[[[105.84649557795451,21.029521010253017],[105.84650562115094,21.029564988882136],[105.84655273572773,21.029555613453553],[105.8465426925313,21.029511634824434],[105.84649557795451,21.029521010253017]]],"type":"Polygon"},"properties":{"control":"Signed","id":101,"intersection_kind":"Terminus","movements":[],"osm_node_ids":[8909952759],"type":"intersection"},"type":"Feature"},{"geometry":{"coordinates":[[[105.8477215040405,21.029866734690362],[105.84780219646059,21.02989636554129],[105.84781821797952,21.0298341333799],[105.8477325232306,21.02982176950535],[105.84771157742378,21.02986226056497],[105.8477215040405,21.029866734690362]]],"type":"Polygon"},"properties":{"control":"Signed","id":102,"intersection_kind":"Intersection","movements":["Road #100 -> Road #101","Road #100 -> Road #124","Road #124 -> Road #101"],"osm_node_ids":[13886629298],"type":"intersection"},"type":"Feature"},{"geometry":{"coordinates":[[[105.84695435471279,21.028059188032426],[105.84700141437186,21.028049574283596],[105.84700173135302,21.02804950593515],[105.84699082488875,21.02800570717037],[105.84694389433447,21.0280158560156],[105.84694930035664,21.028037633989562],[105.84695435471279,21.028059188032426]]],"type":"Polygon"},"properties":{"control":"Signed","id":103,"intersection_kind":"Intersection","movements":["Road #121 -> Road #125","Road #121 -> Road #120","Road #125 -> Road #121","Road #125 -> Road #120","Road #120 -> Road #121","Road #120 -> Road #125"],"osm_node_ids":[8909952797],"type":"intersection"},"type":"Feature"},{"geometry":{"coordinates":[[[105.84775974025438,21.02784362242279],[105.84776248228593,21.02788851476274],[105.84784904126617,21.027893316241226],[105.847851407545,21.027845599131854],[105.84776472813118,21.02784335622357],[105.84775974025438,21.02784362242279]]],"type":"Polygon"},"properties":{"control":"Signed","id":104,"intersection_kind":"Intersection","movements":["Road #125 -> Road #130","Road #129 -> Road #125","Road #129 -> Road #130"],"osm_node_ids":[8909952787],"type":"intersection"},"type":"Feature"},{"geometry":{"coordinates":[[[105.84660120012398,21.028819566317107],[105.84664840623027,21.02881060547582],[105.84664927046158,21.02881042381284],[105.84663870699214,21.028766553102322],[105.84659153942458,21.028775693807948],[105.84660120012398,21.028819566317107]]],"type":"Polygon"},"properties":{"control":"Signed","id":105,"intersection_kind":"Intersection","movements":["Road #30 -> Road #126","Road #30 -> Road #29","Road #126 -> Road #30","Road #126 -> Road #29","Road #29 -> Road #30","Road #29 -> Road #126"],"osm_node_ids":[2218033254],"type":"intersection"},"type":"Feature"},{"geometry":{"coordinates":[[[105.84709680739547,21.02867044439232],[105.84710737086492,21.028714315102835],[105.84715466561033,21.028705766150882],[105.84714470912608,21.028660654376438],[105.847097649467,21.028670269024587],[105.84709680739547,21.02867044439232]]],"type":"Polygon"},"properties":{"control":"Signed","id":106,"intersection_kind":"Intersection","movements":["Road #126 -> Road #122","Road #126 -> Road #121","Road #122 -> Road #126","Road #122 -> Road #121","Road #121 -> Road #126","Road #121 -> Road #122"],"osm_node_ids":[8909958026],"type":"intersection"},"type":"Feature"},{"geometry":{"coordinates":[[[105.84655662621383,21.024687303676203],[105.84651077474435,21.02470109567359],[105.84652555049841,21.024743894392657],[105.84657140196789,21.02473010239527],[105.84655662621383,21.024687303676203]]],"type":"Polygon"},"properties":{"control":"Signed","id":107,"intersection_kind":"Terminus","movements":[],"osm_node_ids":[11112265407],"type":"intersection"},"type":"Feature"},{"geometry":{"coordinates":[[[105.84771518272319,21.02556588250812],[105.84772954225883,21.02560880533358],[105.84777563748585,21.02559555113056],[105.84776107080448,21.025552204724587],[105.84771518079624,21.0255658816088],[105.84771518272319,21.02556588250812]]],"type":"Polygon"},"properties":{"control":"Signed","id":108,"intersection_kind":"Intersection","movements":["Road #133 -> Road #134","Road #133 -> Road #135","Road #134 -> Road #133","Road #134 -> Road #135","Road #135 -> Road #133","Road #135 -> Road #134"],"osm_node_ids":[9903217941],"type":"intersection"},"type":"Feature"},{"geometry":{"coordinates":[[[105.84776589200122,21.025718772590775],[105.84779350501059,21.02579549911979],[105.8478148400587,21.025788809065762],[105.84783768197168,21.025782118112414],[105.84781171842052,21.02570489156054],[105.84776568003814,21.025718127777125],[105.84776589296469,21.025718772590775],[105.84776589200122,21.025718772590775]]],"type":"Polygon"},"properties":{"control":"Signed","id":109,"intersection_kind":"Intersection","movements":["Road #113 -> Road #112","Road #113 -> Road #134","Road #112 -> Road #113","Road #112 -> Road #134","Road #134 -> Road #113","Road #134 -> Road #112"],"osm_node_ids":[9903217936],"type":"intersection"},"type":"Feature"},{"geometry":{"coordinates":[[[105.84735904523566,21.024376961251978],[105.84731315522744,21.024390638136186],[105.847327808621,21.02443347372744],[105.84737369862923,21.024419796843233],[105.84735904523566,21.024376961251978]]],"type":"Polygon"},"properties":{"control":"Signed","id":110,"intersection_kind":"Terminus","movements":[],"osm_node_ids":[11112265406],"type":"intersection"},"type":"Feature"},{"geometry":{"coordinates":[[[105.8465826504635,21.029935142493773],[105.84654602516909,21.029993285439456],[105.84660831630288,21.03002747135473],[105.84664494159728,21.02996932840905],[105.8465826504635,21.029935142493773]]],"type":"Polygon"},"properties":{"control":"Signalled","id":111,"intersection_kind":"Terminus","movements":[],"osm_node_ids":[98044691],"type":"intersection"},"type":"Feature"},{"geometry":{"coordinates":[[[105.85108193887315,21.03073591021472],[105.85107786147414,21.03075349015505],[105.85109669439437,21.030757295185108],[105.85110077179338,21.030739715244778],[105.85108193887315,21.03073591021472]]],"type":"Polygon"},"properties":{"control":"Signed","id":112,"intersection_kind":"Connection","movements":[],"osm_node_ids":[11304265585],"type":"intersection"},"type":"Feature"},{"geometry":{"coordinates":[[[105.85305040537251,21.030644621868955],[105.85305459453389,21.030662178426923],[105.8530734033674,21.030658269075552],[105.85306921420604,21.030640712517584],[105.85305040537251,21.030644621868955]]],"type":"Polygon"},"properties":{"control":"Signed","id":113,"intersection_kind":"Connection","movements":[],"osm_node_ids":[11304265611],"type":"intersection"},"type":"Feature"},{"geometry":{"coordinates":[[[105.85305582777366,21.02571600897523],[105.85306858602453,21.025702529941793],[105.85306977494476,21.025697268010603],[105.85305091986474,21.025693555610683],[105.85304389617883,21.025710304577775],[105.85305289979266,21.025713595195825],[105.85305582777366,21.02571600897523]]],"type":"Polygon"},"properties":{"control":"Signed","id":115,"intersection_kind":"Connection","movements":[],"osm_node_ids":[11304265639],"type":"intersection"},"type":"Feature"},{"geometry":{"coordinates":[[[105.85307935760319,21.025654857798507],[105.85306050252319,21.025651145398584],[105.85305652628837,21.02566874422467],[105.85307538136838,21.02567245662459],[105.85307935760319,21.025654857798507]]],"type":"Polygon"},"properties":{"control":"Signed","id":116,"intersection_kind":"Connection","movements":[],"osm_node_ids":[5857305450],"type":"intersection"},"type":"Feature"},{"geometry":{"coordinates":[[[105.85300030789703,21.02588006053934],[105.85301948092167,21.025881864578643],[105.85301978248734,21.02587907398345],[105.85301041275544,21.025863357437654],[105.8530095186566,21.025863821487643],[105.85300565129374,21.02586277917381],[105.85300030789703,21.02588006053934]]],"type":"Polygon"},"properties":{"control":"Signed","id":117,"intersection_kind":"Connection","movements":[],"osm_node_ids":[11304265645],"type":"intersection"},"type":"Feature"},{"geometry":{"coordinates":[[[105.85300397678536,21.025976064028708],[105.8530111160875,21.025959358229056],[105.85301166526459,21.025954260873736],[105.85299249223995,21.025952456834432],[105.85298539725736,21.025969178821875],[105.8529973375234,21.02597359269271],[105.85300397678536,21.025976064028708]]],"type":"Polygon"},"properties":{"control":"Signed","id":118,"intersection_kind":"Connection","movements":[],"osm_node_ids":[11304265657],"type":"intersection"},"type":"Feature"},{"geometry":{"coordinates":[[[105.85320540048912,21.026362384746307],[105.8532244983632,21.026359990751978],[105.85322464384696,21.026359969168254],[105.85322158965158,21.026342209363587],[105.85320259583209,21.02634524007767],[105.85320417303015,21.026353849284177],[105.85320540048912,21.026362384746307]]],"type":"Polygon"},"properties":{"control":"Signed","id":119,"intersection_kind":"Connection","movements":[],"osm_node_ids":[11304265664],"type":"intersection"},"type":"Feature"},{"geometry":{"coordinates":[[[105.85327862699121,21.026351879769685],[105.85327557279584,21.026334119965018],[105.85325654718189,21.026336970814764],[105.85325960137726,21.02635473061943],[105.85327862699121,21.026351879769685]]],"type":"Polygon"},"properties":{"control":"Signed","id":120,"intersection_kind":"Connection","movements":[],"osm_node_ids":[11304265665],"type":"intersection"},"type":"Feature"},{"geometry":{"coordinates":[[[105.85325008808856,21.02667286386743],[105.8532691782549,21.026670410517866],[105.85326682161076,21.026652558982388],[105.85326658074362,21.02665258686136],[105.85324748286953,21.02665498085569],[105.85325008808856,21.02667286386743]]],"type":"Polygon"},"properties":{"control":"Signed","id":121,"intersection_kind":"Connection","movements":[],"osm_node_ids":[11304265666],"type":"intersection"},"type":"Feature"},{"geometry":{"coordinates":[[[105.85334557842249,21.026661625943632],[105.85334322177835,21.026643774408154],[105.85332409692714,21.02664597324968],[105.85332645357127,21.026663824785157],[105.85334557842249,21.026661625943632]]],"type":"Polygon"},"properties":{"control":"Signed","id":122,"intersection_kind":"Connection","movements":[],"osm_node_ids":[11304265667],"type":"intersection"},"type":"Feature"},{"geometry":{"coordinates":[[[105.85342565807656,21.027136603591742],[105.85342294109518,21.027118797022347],[105.8534038644174,21.027121332210182],[105.85340658139877,21.027139138779575],[105.85342565807656,21.027136603591742]]],"type":"Polygon"},"properties":{"control":"Signed","id":123,"intersection_kind":"Connection","movements":[],"osm_node_ids":[11304265668],"type":"intersection"},"type":"Feature"},{"geometry":{"coordinates":[[[105.85332305638107,21.02715058354736],[105.85334207910462,21.027147711113894],[105.85333936212324,21.0271299045445],[105.85333915016015,21.02712993242347],[105.85332008215359,21.027132525167893],[105.85332305638107,21.02715058354736]]],"type":"Polygon"},"properties":{"control":"Signed","id":124,"intersection_kind":"Connection","movements":[],"osm_node_ids":[11304265669],"type":"intersection"},"type":"Feature"},{"geometry":{"coordinates":[[[105.85338701431549,21.030469218167198],[105.85340418525243,21.03047738220947],[105.85341293162016,21.03046135539769],[105.85339576068321,21.03045319135542],[105.85338701431549,21.030469218167198]]],"type":"Polygon"},"properties":{"control":"Signed","id":125,"intersection_kind":"Connection","movements":[],"osm_node_ids":[11304570756],"type":"intersection"},"type":"Feature"},{"geometry":{"coordinates":[[[105.8533797661414,21.03012197117824],[105.85339896614316,21.030123485635958],[105.85340806514039,21.030107630594625],[105.85340638677813,21.03010679062817],[105.85339252824615,21.030094293654013],[105.85339155706983,21.03009523164653],[105.85337609532613,21.03010596595018],[105.8533797661414,21.03012197117824]]],"type":"Polygon"},"properties":{"control":"Signed","id":126,"intersection_kind":"Connection","movements":[],"osm_node_ids":[11304265696],"type":"intersection"},"type":"Feature"},{"geometry":{"coordinates":[[[105.85352605439247,21.029965276964848],[105.85353991292446,21.029977773939006],[105.85355909365686,21.029976049040012],[105.85355725921268,21.029958273047555],[105.85355744612559,21.029957632730515],[105.85353885310903,21.02995291129166],[105.85352605439247,21.029965276964848]]],"type":"Polygon"},"properties":{"control":"Signed","id":127,"intersection_kind":"Connection","movements":[],"osm_node_ids":[11304265699],"type":"intersection"},"type":"Feature"},{"geometry":{"coordinates":[[[105.85377173117135,21.03019217402774],[105.85377046902751,21.030174225365517],[105.85375124108516,21.030175403476928],[105.85375250322899,21.03019335213915],[105.85377173117135,21.03019217402774]]],"type":"Polygon"},"properties":{"control":"Signed","id":128,"intersection_kind":"Connection","movements":[],"osm_node_ids":[11304265700],"type":"intersection"},"type":"Feature"},{"geometry":{"coordinates":[[[105.8536134448461,21.03047436498521],[105.85363055604799,21.03048263514744],[105.85363941706848,21.030466663194286],[105.85362230586658,21.030458393032056],[105.8536134448461,21.03047436498521]]],"type":"Polygon"},"properties":{"control":"Signed","id":130,"intersection_kind":"Connection","movements":[],"osm_node_ids":[11304265713],"type":"intersection"},"type":"Feature"},{"geometry":{"coordinates":[[[105.85368933726575,21.030196197592964],[105.85370859507563,21.030196825319504],[105.85370862397968,21.030196042010314],[105.85370736183586,21.03017809334809],[105.85369918873194,21.03017859427027],[105.85369017548341,21.030178227347022],[105.85368933726575,21.030196197592964]]],"type":"Polygon"},"properties":{"control":"Signed","id":131,"intersection_kind":"Connection","movements":[],"osm_node_ids":[11304265719],"type":"intersection"},"type":"Feature"},{"geometry":{"coordinates":[[[105.85340160315666,21.029391439581698],[105.85342077232742,21.029389610361385],[105.85341898027588,21.02937170216864],[105.85341240942019,21.029372275036554],[105.85341090255534,21.02937144496264],[105.85340111178768,21.029386936678012],[105.85340160315666,21.029391439581698]]],"type":"Polygon"},"properties":{"control":"Signed","id":132,"intersection_kind":"Connection","movements":[],"osm_node_ids":[11304897930],"type":"intersection"},"type":"Feature"},{"geometry":{"coordinates":[[[105.85331454413623,21.029789524326276],[105.8533332624037,21.029793792507004],[105.8533387137089,21.029776539919766],[105.85333708448353,21.029776092057567],[105.85331803285592,21.029773397689794],[105.85331454413623,21.029789524326276]]],"type":"Polygon"},"properties":{"control":"Signed","id":133,"intersection_kind":"Connection","movements":[],"osm_node_ids":[11304265725],"type":"intersection"},"type":"Feature"},{"geometry":{"coordinates":[[[105.85338280299435,21.02980742982106],[105.85340138252235,21.029812196225997],[105.85340642820728,21.029794566822975],[105.85338777738261,21.029790045033533],[105.85338232607741,21.02980729852009],[105.85338280299435,21.02980742982106]]],"type":"Polygon"},"properties":{"control":"Signed","id":134,"intersection_kind":"Connection","movements":[],"osm_node_ids":[11304265726],"type":"intersection"},"type":"Feature"},{"geometry":{"coordinates":[[[105.85337377143993,21.029845195935966],[105.85339289051034,21.029847435246964],[105.85340126112531,21.0298312348661],[105.85339641873225,21.029829054910333],[105.85337783824079,21.029824287606072],[105.85337377143993,21.029845195935966]]],"type":"Polygon"},"properties":{"control":"Signed","id":135,"intersection_kind":"Connection","movements":[],"osm_node_ids":[11304265723],"type":"intersection"},"type":"Feature"},{"geometry":{"coordinates":[[[105.85354910152427,21.029917752310322],[105.85356769454081,21.029922473749174],[105.85358462846449,21.029900373818048],[105.85356997410747,21.02988869342798],[105.85355070473597,21.029888804943873],[105.85355076928836,21.0298985347052],[105.85354239867338,21.029914735086063],[105.85354910152427,21.029917752310322]]],"type":"Polygon"},"properties":{"control":"Signed","id":136,"intersection_kind":"Connection","movements":[],"osm_node_ids":[11304265727],"type":"intersection"},"type":"Feature"},{"geometry":{"coordinates":[[[105.85358263890188,21.030159315511277],[105.85360186009996,21.030160596145357],[105.85361334849925,21.03014615663636],[105.85360151806861,21.030137955721898],[105.85359756688399,21.030128166605337],[105.85357953460614,21.030134506823227],[105.85357938719545,21.03015249325696],[105.85358315821145,21.030152520236612],[105.85358263890188,21.030159315511277]]],"type":"Polygon"},"properties":{"control":"Signed","id":137,"intersection_kind":"Connection","movements":[],"osm_node_ids":[11304265704],"type":"intersection"},"type":"Feature"},{"geometry":{"coordinates":[[[105.85353050176342,21.030446444644127],[105.85354909863385,21.03045115529112],[105.85355414528225,21.030433796583928],[105.85353554841181,21.030429085936934],[105.85353050176342,21.030446444644127]]],"type":"Polygon"},"properties":{"control":"Signed","id":138,"intersection_kind":"Connection","movements":[],"osm_node_ids":[11304570763],"type":"intersection"},"type":"Feature"},{"geometry":{"coordinates":[[[105.85338252936927,21.030271242390427],[105.8533859805137,21.030288937443935],[105.85340508224168,21.03028656683197],[105.85340295779346,21.030269335828454],[105.85338377513415,21.03027103015051],[105.85338252936927,21.030271242390427]]],"type":"Polygon"},"properties":{"control":"Signed","id":139,"intersection_kind":"Connection","movements":[],"osm_node_ids":[11304265693],"type":"intersection"},"type":"Feature"},{"geometry":{"coordinates":[[[105.85333937175793,21.030295999817138],[105.85335846963201,21.030293611218738],[105.85335501848759,21.030275916165234],[105.85335490865216,21.030275935050987],[105.85333618749429,21.030280198735106],[105.85333937175793,21.030295999817138]]],"type":"Polygon"},"properties":{"control":"Signed","id":140,"intersection_kind":"Connection","movements":[],"osm_node_ids":[11304581313],"type":"intersection"},"type":"Feature"},{"geometry":{"coordinates":[[[105.85355162870233,21.028880993585588],[105.85357043946279,21.028884891245777],[105.8535845147752,21.028876546439847],[105.85357418446515,21.028861364091135],[105.85355508466411,21.028858984485954],[105.85355240429453,21.02887773084651],[105.85355162870233,21.028880993585588]]],"type":"Polygon"},"properties":{"control":"Signed","id":141,"intersection_kind":"Connection","movements":[],"osm_node_ids":[11304265586],"type":"intersection"},"type":"Feature"},{"geometry":{"coordinates":[[[105.8536952654879,21.028810891460118],[105.85368493517784,21.028795709111403],[105.85366866893789,21.02880535163853],[105.85367899924795,21.02882053398724],[105.8536952654879,21.028810891460118]]],"type":"Polygon"},"properties":{"control":"Signed","id":142,"intersection_kind":"Connection","movements":[],"osm_node_ids":[11304265491],"type":"intersection"},"type":"Feature"},{"geometry":{"coordinates":[[[105.85342185141222,21.02957873231615],[105.8534410571948,21.02958018202271],[105.85344422893334,21.029562440204476],[105.85344103407155,21.029561942879585],[105.85342189380484,21.029564016715394],[105.85342262026015,21.02956985870907],[105.85342185141222,21.02957873231615]]],"type":"Polygon"},"properties":{"control":"Signed","id":143,"intersection_kind":"Connection","movements":[],"osm_node_ids":[11304265730],"type":"intersection"},"type":"Feature"},{"geometry":{"coordinates":[[[105.8535796097567,21.02960399066504],[105.85359831068173,21.0296083307915],[105.85360290257296,21.029590592570553],[105.85358413998593,21.029586493462308],[105.85358334897823,21.02958634597355],[105.85357961072016,21.02960399066504],[105.8535796097567,21.02960399066504]]],"type":"Polygon"},"properties":{"control":"Signed","id":144,"intersection_kind":"Connection","movements":[],"osm_node_ids":[11304897907],"type":"intersection"},"type":"Feature"},{"geometry":{"coordinates":[[[105.8533255604359,21.029477566720303],[105.85334482209966,21.029477046912366],[105.85334513811735,21.02945906227728],[105.85334418524693,21.02945904698881],[105.85332492936399,21.029459723278716],[105.8533255604359,21.029477566720303]]],"type":"Polygon"},"properties":{"control":"Signed","id":145,"intersection_kind":"Connection","movements":[],"osm_node_ids":[11304897932],"type":"intersection"},"type":"Feature"},{"geometry":{"coordinates":[[[105.85341205390029,21.029484901587978],[105.853431194167,21.02948282775217],[105.85343799818207,21.029465999644767],[105.85342828256496,21.029458213317607],[105.85340911339419,21.029460042537917],[105.8534087973765,21.029478026273683],[105.85341120315753,21.029478063145874],[105.85341205390029,21.029484901587978]]],"type":"Polygon"},"properties":{"control":"Signed","id":146,"intersection_kind":"Connection","movements":[],"osm_node_ids":[11304897869],"type":"intersection"},"type":"Feature"},{"geometry":{"coordinates":[[[105.85349520701911,21.029592875948317],[105.85351445134043,21.02959196043884],[105.85351819056197,21.029574315747347],[105.85351310152096,21.029569107775462],[105.85349386683433,21.02957017257234],[105.85349069509577,21.02958791439057],[105.85349520701911,21.029592875948317]]],"type":"Polygon"},"properties":{"control":"Signed","id":147,"intersection_kind":"Connection","movements":[],"osm_node_ids":[11304890263],"type":"intersection"},"type":"Feature"},{"geometry":{"coordinates":[[[105.85354964973789,21.029730709587295],[105.85356891910938,21.029730598071406],[105.85357527800197,21.029713618877963],[105.85357205230919,21.02970692073004],[105.85355335138415,21.02970258060358],[105.85354180517675,21.029716980542425],[105.85354964973789,21.029730709587295]]],"type":"Polygon"},"properties":{"control":"Signed","id":148,"intersection_kind":"Connection","movements":[],"osm_node_ids":[11304890266],"type":"intersection"},"type":"Feature"},{"geometry":{"coordinates":[[[105.8536257088376,21.029398350868856],[105.8536445947486,21.029401922974596],[105.85364547343194,21.02939787602701],[105.85364862590112,21.029397051349022],[105.85364342509774,21.02937973221198],[105.85364143264474,21.029374180699207],[105.85362316142668,21.029379893190562],[105.8536206313582,21.02939772314232],[105.8536257088376,21.029398350868856]]],"type":"Polygon"},"properties":{"control":"Signed","id":149,"intersection_kind":"Connection","movements":[],"osm_node_ids":[11304897914],"type":"intersection"},"type":"Feature"},{"geometry":{"coordinates":[[[105.85334052984716,21.029342218806466],[105.85335779713095,21.029350201185757],[105.8533748177668,21.0293417682463],[105.85336849933988,21.029330658925506],[105.85335176774461,21.02932173585573],[105.85334052984716,21.029342218806466]]],"type":"Polygon"},"properties":{"control":"Signed","id":150,"intersection_kind":"Connection","movements":[],"osm_node_ids":[11304897931],"type":"intersection"},"type":"Feature"},{"geometry":{"coordinates":[[[105.85358772216209,21.02957221043528],[105.85360648474912,21.029576311342172],[105.8536089810962,21.029576506494976],[105.85361059201566,21.029558583013763],[105.85359170610465,21.029555010908023],[105.85358958647377,21.029564776642218],[105.85358772216209,21.02957221043528]]],"type":"Polygon"},"properties":{"control":"Signed","id":151,"intersection_kind":"Connection","movements":[],"osm_node_ids":[11304897940],"type":"intersection"},"type":"Feature"},{"geometry":{"coordinates":[[[105.85375789479914,21.029588161704034],[105.8537595057186,21.02957023822282],[105.8537403037899,21.029568735456284],[105.85373869287044,21.029586658937497],[105.85375789479914,21.029588161704034]]],"type":"Polygon"},"properties":{"control":"Signed","id":152,"intersection_kind":"Connection","movements":[],"osm_node_ids":[11304897929],"type":"intersection"},"type":"Feature"},{"geometry":{"coordinates":[[[105.85338636590114,21.029265211689083],[105.85340309749641,21.029274134758857],[105.85340567188445,21.029275168079476],[105.85341328521312,21.02925864574145],[105.85339710664881,21.029248875510646],[105.85338636590114,21.029265211689083]]],"type":"Polygon"},"properties":{"control":"Signed","id":153,"intersection_kind":"Connection","movements":[],"osm_node_ids":[11304897990],"type":"intersection"},"type":"Feature"},{"geometry":{"coordinates":[[[105.85360259618994,21.029326302611256],[105.85360404717362,21.02930836653954],[105.85358629815553,21.029293195882005],[105.85357328554896,21.029306460876885],[105.85357203111288,21.029324409539107],[105.85360259618994,21.029326302611256]]],"type":"Polygon"},"properties":{"control":"Signed","id":154,"intersection_kind":"Connection","movements":[],"osm_node_ids":[11304898042],"type":"intersection"},"type":"Feature"},{"geometry":{"coordinates":[[[105.85374557974382,21.029413129422135],[105.85375381932707,21.02939686968604],[105.8537364007787,21.029389178686976],[105.85372816119545,21.02940543842307],[105.85374557974382,21.029413129422135]]],"type":"Polygon"},"properties":{"control":"Signed","id":155,"intersection_kind":"Connection","movements":[],"osm_node_ids":[11304897945],"type":"intersection"},"type":"Feature"},{"geometry":{"coordinates":[[[105.85361335813393,21.029327060739437],[105.85363249647371,21.029329161554898],[105.8536332788102,21.029323360930018],[105.85362092521612,21.02930955634213],[105.8536148091176,21.02930912466772],[105.85361335813393,21.029327060739437]]],"type":"Polygon"},"properties":{"control":"Signed","id":156,"intersection_kind":"Connection","movements":[],"osm_node_ids":[11304897989],"type":"intersection"},"type":"Feature"},{"geometry":{"coordinates":[[[105.85363162838851,21.029181034279894],[105.85364815187458,21.02917178025974],[105.85364833589708,21.029171516758485],[105.8536321592597,21.029161742930395],[105.85362893356691,21.029179475755413],[105.85363081907491,21.029179774330213],[105.85363162838851,21.029181034279894]]],"type":"Polygon"},"properties":{"control":"Signed","id":158,"intersection_kind":"Connection","movements":[],"osm_node_ids":[11304897995],"type":"intersection"},"type":"Feature"},{"geometry":{"coordinates":[[[105.8537355885747,21.02904568726538],[105.85371941193732,21.02903591343729],[105.85370894192431,21.02905101304841],[105.85372511856168,21.0290607868765],[105.8537355885747,21.02904568726538]]],"type":"Polygon"},"properties":{"control":"Signed","id":159,"intersection_kind":"Connection","movements":[],"osm_node_ids":[11304898075],"type":"intersection"},"type":"Feature"},{"geometry":{"coordinates":[[[105.85356737948659,21.029182690830442],[105.85358487607591,21.02919022894482],[105.85360093035278,21.02918166560372],[105.85359664484456,21.029164130629475],[105.85357382894524,21.02916043351802],[105.85357053195577,21.029178155551175],[105.85356968988424,21.029178018854278],[105.85356737948659,21.029182690830442]]],"type":"Polygon"},"properties":{"control":"Signed","id":160,"intersection_kind":"Connection","movements":[],"osm_node_ids":[11304898076],"type":"intersection"},"type":"Feature"},{"geometry":{"coordinates":[[[105.85346926562774,21.029144771830847],[105.85348544419205,21.02915454206165],[105.85348679401152,21.029155125721424],[105.85349489100142,21.029138804831458],[105.85347759288663,21.029130880008754],[105.8534735010356,21.029138660939985],[105.85346926562774,21.029144771830847]]],"type":"Polygon"},"properties":{"control":"Signed","id":161,"intersection_kind":"Connection","movements":[],"osm_node_ids":[11304898080],"type":"intersection"},"type":"Feature"},{"geometry":{"coordinates":[[[105.85361448828257,21.029160330096026],[105.85361877379079,21.029177866868913],[105.85362199948358,21.029160132245256],[105.85361194954288,21.029175512444738],[105.85361448828257,21.029160330096026]]],"type":"Polygon"},"properties":{"control":"Signed","id":162,"intersection_kind":"Connection","movements":[],"osm_node_ids":[11304898077],"type":"intersection"},"type":"Feature"},{"geometry":{"coordinates":[[[105.85349846932371,21.029091182150864],[105.85351576743851,21.029099106973565],[105.85353009614315,21.02908707944533],[105.85352388080737,21.02908062861087],[105.85350507004692,21.02907673095068],[105.85350424435435,21.02908020053375],[105.85349846932371,21.029091182150864]]],"type":"Polygon"},"properties":{"control":"Signed","id":163,"intersection_kind":"Connection","movements":[],"osm_node_ids":[11304898069],"type":"intersection"},"type":"Feature"},{"geometry":{"coordinates":[[[105.8536238291104,21.02838580727986],[105.85362116993714,21.028367993515893],[105.85360208458813,21.028370475643747],[105.85360474376141,21.028388289407715],[105.8536238291104,21.02838580727986]]],"type":"Polygon"},"properties":{"control":"Signed","id":164,"intersection_kind":"Connection","movements":[],"osm_node_ids":[11304898110],"type":"intersection"},"type":"Feature"},{"geometry":{"coordinates":[[[105.85351807783614,21.028399396929867],[105.85353718534492,21.028397076679916],[105.85353728554566,21.02839706408941],[105.8535346263724,21.028379250325443],[105.85351553813298,21.02838170817161],[105.85351807783614,21.028399396929867]]],"type":"Polygon"},"properties":{"control":"Signed","id":165,"intersection_kind":"Connection","movements":[],"osm_node_ids":[11304898111],"type":"intersection"},"type":"Feature"},{"geometry":{"coordinates":[[[105.85357804990106,21.028091104059765],[105.85357535026212,21.028073295691726],[105.85355627069393,21.02807581559109],[105.85355897033287,21.02809362395913],[105.85357804990106,21.028091104059765]]],"type":"Polygon"},"properties":{"control":"Signed","id":166,"intersection_kind":"Connection","movements":[],"osm_node_ids":[11305152242],"type":"intersection"},"type":"Feature"},{"geometry":{"coordinates":[[[105.8534745704857,21.02810471079688],[105.85349365872511,21.028102248454104],[105.85349104194447,21.028084429294207],[105.85347194792425,21.028086853865474],[105.8534745704857,21.02810471079688]]],"type":"Polygon"},"properties":{"control":"Signed","id":167,"intersection_kind":"Connection","movements":[],"osm_node_ids":[11305152243],"type":"intersection"},"type":"Feature"},{"geometry":{"coordinates":[[[105.85355728040899,21.027958113268067],[105.85355471950952,21.027940286913598],[105.85353562067196,21.02794267731064],[105.85353818157144,21.02796050366511],[105.85355728040899,21.027958113268067]]],"type":"Polygon"},"properties":{"control":"Signed","id":168,"intersection_kind":"Connection","movements":[],"osm_node_ids":[11304265493],"type":"intersection"},"type":"Feature"},{"geometry":{"coordinates":[[[105.85345505446625,21.027970941192606],[105.85347414848647,21.02796851662134],[105.853471587587,21.027950690266866],[105.85345248200515,21.027953051885618],[105.85345505446625,21.027970941192606]]],"type":"Polygon"},"properties":{"control":"Signed","id":169,"intersection_kind":"Connection","movements":[],"osm_node_ids":[11305152252],"type":"intersection"},"type":"Feature"},{"geometry":{"coordinates":[[[105.85350677924016,21.027640685987596],[105.85350382139164,21.027622913592424],[105.8534847803622,21.027625674510002],[105.85348773821072,21.027643446905174],[105.85350677924016,21.027640685987596]]],"type":"Polygon"},"properties":{"control":"Signed","id":170,"intersection_kind":"Connection","movements":[],"osm_node_ids":[5857305441],"type":"intersection"},"type":"Feature"},{"geometry":{"coordinates":[[[105.85341008649745,21.027654298120645],[105.85342918822542,21.027651936501893],[105.85342934045346,21.027651914918174],[105.85342638260494,21.027634142523002],[105.85340735988139,21.02763701495647],[105.85340887060012,21.02764572758497],[105.85341008649745,21.027654298120645]]],"type":"Polygon"},"properties":{"control":"Signed","id":171,"intersection_kind":"Connection","movements":[],"osm_node_ids":[11305152260],"type":"intersection"},"type":"Feature"},{"geometry":{"coordinates":[[[105.85119942423118,21.030286069507074],[105.85119577653916,21.030303730386358],[105.85121469713502,21.030307135218262],[105.85121834482705,21.03028947433898],[105.85119942423118,21.030286069507074]]],"type":"Polygon"},"properties":{"control":"Signed","id":172,"intersection_kind":"Connection","movements":[],"osm_node_ids":[11305178211],"type":"intersection"},"type":"Feature"},{"geometry":{"coordinates":[[[105.85131259324999,21.030299084490522],[105.8513232164545,21.030314090572187],[105.85134187498691,21.03031858178469],[105.85134896611564,21.03029108952073],[105.8513299125611,21.03028840234753],[105.85131259324999,21.030299084490522]]],"type":"Polygon"},"properties":{"control":"Signed","id":173,"intersection_kind":"Connection","movements":[],"osm_node_ids":[11304265581],"type":"intersection"},"type":"Feature"},{"geometry":{"coordinates":[[[105.85124380352067,21.030117517737246],[105.85124079557178,21.030135282937845],[105.85125982889349,21.03013808972083],[105.85126283684238,21.03012032452023],[105.85124380352067,21.030117517737246]]],"type":"Polygon"},"properties":{"control":"Signed","id":174,"intersection_kind":"Connection","movements":[],"osm_node_ids":[11305178216],"type":"intersection"},"type":"Feature"},{"geometry":{"coordinates":[[[105.85135204343426,21.03015168836405],[105.8513710969888,21.03015437553725],[105.85137383612997,21.03013620654122],[105.85135472862117,21.030133875499406],[105.85135172163575,21.0301516407],[105.85135204343426,21.03015168836405]]],"type":"Polygon"},"properties":{"control":"Signed","id":175,"intersection_kind":"Connection","movements":[],"osm_node_ids":[11305178217],"type":"intersection"},"type":"Feature"},{"geometry":{"coordinates":[[[105.85131474563879,21.029817722557762],[105.8513116548316,21.029835476966497],[105.85133067466474,21.029838361990468],[105.85133376547192,21.029820607581733],[105.85131474563879,21.029817722557762]]],"type":"Polygon"},"properties":{"control":"Signed","id":176,"intersection_kind":"Connection","movements":[],"osm_node_ids":[11305178227],"type":"intersection"},"type":"Feature"},{"geometry":{"coordinates":[[[105.85139473569029,21.029848079161294],[105.85141384319907,21.029850410203103],[105.85141647057787,21.029832920194945],[105.85139741316945,21.029830261800036],[105.85139432236227,21.029848016208774],[105.85139473569029,21.029848079161294]]],"type":"Polygon"},"properties":{"control":"Signed","id":177,"intersection_kind":"Connection","movements":[],"osm_node_ids":[11305178228],"type":"intersection"},"type":"Feature"},{"geometry":{"coordinates":[[[105.8513706219988,21.029578627095514],[105.85136637888318,21.02959617286162],[105.85138517519162,21.029600132575005],[105.85138941830722,21.0295825868089],[105.8513706219988,21.029578627095514]]],"type":"Polygon"},"properties":{"control":"Signed","id":178,"intersection_kind":"Connection","movements":[],"osm_node_ids":[11305178246],"type":"intersection"},"type":"Feature"},{"geometry":{"coordinates":[[[105.85143264817872,21.02961013393148],[105.85145170558712,21.02961279232639],[105.85145300723318,21.029604660659697],[105.85145474051313,21.029595466894097],[105.85143576210915,21.02959234984513],[105.85143151899354,21.029609895611237],[105.85143264817872,21.02961013303216],[105.85143264817872,21.02961013393148]]],"type":"Polygon"},"properties":{"control":"Signed","id":179,"intersection_kind":"Connection","movements":[],"osm_node_ids":[11305178247],"type":"intersection"},"type":"Feature"},{"geometry":{"coordinates":[[[105.85145646223148,21.02948255166041],[105.85147544063547,21.029485668709377],[105.85147872509984,21.029467714651226],[105.85145971586486,21.029464764876092],[105.85145495054928,21.029482191931734],[105.85145646223148,21.02948255166041]]],"type":"Polygon"},"properties":{"control":"Signed","id":180,"intersection_kind":"Connection","movements":[],"osm_node_ids":[11304265577],"type":"intersection"},"type":"Feature"},{"geometry":{"coordinates":[[[105.85139978233869,21.029450486345674],[105.85139501702311,21.029467913401316],[105.85141368808063,21.02947236144638],[105.85141845339619,21.029454934390735],[105.85139978233869,21.029450486345674]]],"type":"Polygon"},"properties":{"control":"Signed","id":181,"intersection_kind":"Connection","movements":[],"osm_node_ids":[11305178256],"type":"intersection"},"type":"Feature"},{"geometry":{"coordinates":[[[105.85145057062114,21.029178812056006],[105.85144763011505,21.029196588048464],[105.85146667403491,21.02919933277825],[105.85146961454099,21.029181556785794],[105.85145057062114,21.029178812056006]]],"type":"Polygon"},"properties":{"control":"Signed","id":182,"intersection_kind":"Connection","movements":[],"osm_node_ids":[11306485230],"type":"intersection"},"type":"Feature"},{"geometry":{"coordinates":[[[105.85150599607786,21.0292049994042],[105.85152500531284,21.029207949179334],[105.85152677038727,21.02918707412434],[105.85150750101577,21.029187016567754],[105.85150456050968,21.02920479256021],[105.85150599607786,21.0292049994042]]],"type":"Polygon"},"properties":{"control":"Signed","id":183,"intersection_kind":"Connection","movements":[],"osm_node_ids":[11304265526],"type":"intersection"},"type":"Feature"},{"geometry":{"coordinates":[[[105.85146015520652,21.028927314048378],[105.85146022843014,21.02894530048211],[105.85147949780163,21.028945231234342],[105.85147942457803,21.02892724480061],[105.85146015520652,21.028927314048378]]],"type":"Polygon"},"properties":{"control":"Signed","id":184,"intersection_kind":"Connection","movements":[],"osm_node_ids":[11306485237],"type":"intersection"},"type":"Feature"},{"geometry":{"coordinates":[[[105.85150745187887,21.028927144975903],[105.85150752510248,21.028945131409635],[105.85150833441608,21.02894512871167],[105.85152760378759,21.028945186268256],[105.85152664224594,21.028925515405007],[105.85150745187887,21.028927144975903]]],"type":"Polygon"},"properties":{"control":"Signed","id":185,"intersection_kind":"Connection","movements":[],"osm_node_ids":[11306485238],"type":"intersection"},"type":"Feature"},{"geometry":{"coordinates":[[[105.85143890398017,21.02872071827324],[105.8514398963528,21.02873868132461],[105.85145914067412,21.028737755922595],[105.85145814830149,21.02871979287123],[105.85143890398017,21.02872071827324]]],"type":"Polygon"},"properties":{"control":"Signed","id":186,"intersection_kind":"Connection","movements":[],"osm_node_ids":[11306485245],"type":"intersection"},"type":"Feature"},{"geometry":{"coordinates":[[[105.85148704561445,21.0287184025199],[105.85148803798708,21.02873636557127],[105.85148884537375,21.028736326900436],[105.85150803574082,21.02873469732954],[105.85150622634684,21.028716681218192],[105.85148704561445,21.0287184025199]]],"type":"Polygon"},"properties":{"control":"Signed","id":187,"intersection_kind":"Connection","movements":[],"osm_node_ids":[11306485246],"type":"intersection"},"type":"Feature"},{"geometry":{"coordinates":[[[105.85140045387628,21.028524434120566],[105.85140194532563,21.028542366594998],[105.85142115688902,21.028540974445026],[105.85141966543966,21.028523041970594],[105.85140045387628,21.028524434120566]]],"type":"Polygon"},"properties":{"control":"Signed","id":188,"intersection_kind":"Connection","movements":[],"osm_node_ids":[11306485254],"type":"intersection"},"type":"Feature"},{"geometry":{"coordinates":[[[105.85146662586148,21.028519638937333],[105.85146811731083,21.028537571411764],[105.85146841502262,21.028537549828044],[105.851487595755,21.028535828526334],[105.85148581622855,21.02851801835965],[105.85146662586148,21.028519638937333]]],"type":"Polygon"},"properties":{"control":"Signed","id":189,"intersection_kind":"Connection","movements":[],"osm_node_ids":[11306485255],"type":"intersection"},"type":"Feature"},{"geometry":{"coordinates":[[[105.85317322930992,21.026184910806027],[105.85319222312941,21.02618188009194],[105.8531957185934,21.026164192233008],[105.85318815247469,21.026162889115884],[105.85316952477325,21.026167491844276],[105.85317097479346,21.026172603588744],[105.85317322930992,21.026184910806027]]],"type":"Polygon"},"properties":{"control":"Signed","id":190,"intersection_kind":"Connection","movements":[],"osm_node_ids":[11304265568],"type":"intersection"},"type":"Feature"},{"geometry":{"coordinates":[[[105.85325765228033,21.026193144096066],[105.85326114774432,21.026175456237134],[105.85324219824439,21.026172193498056],[105.8532387027804,21.026189881356988],[105.85325765228033,21.026193144096066]]],"type":"Polygon"},"properties":{"control":"Signed","id":191,"intersection_kind":"Connection","movements":[],"osm_node_ids":[11304265507],"type":"intersection"},"type":"Feature"},{"geometry":{"coordinates":[[[105.85265018245342,21.025936519055502],[105.85265293026579,21.025954322027612],[105.85268320148495,21.025950251697658],[105.85268538374127,21.025950123094656],[105.85268416784393,21.02593217263379],[105.85265874190824,21.025920405009522],[105.85265018245342,21.025936519055502]]],"type":"Polygon"},"properties":{"control":"Signed","id":192,"intersection_kind":"Connection","movements":[],"osm_node_ids":[11307444193],"type":"intersection"},"type":"Feature"},{"geometry":{"coordinates":[[[105.85255030159318,21.02588071164824],[105.85255976478153,21.025896379630666],[105.85256149035375,21.02589547131576],[105.85257004980858,21.025879358169103],[105.85256965285951,21.025879173808157],[105.85256914703852,21.025876961476808],[105.85255030159318,21.02588071164824]]],"type":"Polygon"},"properties":{"control":"Signed","id":193,"intersection_kind":"Connection","movements":[],"osm_node_ids":[11307444194],"type":"intersection"},"type":"Feature"},{"geometry":{"coordinates":[[[105.8525453223876,21.02577262487269],[105.85252647694227,21.025776375044124],[105.85253049364276,21.025793966675636],[105.85254933908809,21.025790216504202],[105.8525453223876,21.02577262487269]]],"type":"Polygon"},"properties":{"control":"Signed","id":194,"intersection_kind":"Connection","movements":[],"osm_node_ids":[11307444195],"type":"intersection"},"type":"Feature"},{"geometry":{"coordinates":[[[105.85238348375371,21.02596100758503],[105.85239036291934,21.025977808712778],[105.85240364915099,21.025990834488088],[105.85242756051409,21.025969585315277],[105.85244578644911,21.025963749616853],[105.85244351266329,21.025957559585684],[105.85243404947494,21.02594189160326],[105.85242167468456,21.02593625645357],[105.852410960914,21.02595120677729],[105.85238348375371,21.02596100758503]]],"type":"Polygon"},"properties":{"control":"Signed","id":195,"intersection_kind":"Connection","movements":[],"osm_node_ids":[11307444196],"type":"intersection"},"type":"Feature"},{"geometry":{"coordinates":[[[105.85244245670172,21.026010135730125],[105.85245682972592,21.026022116493635],[105.85245963052907,21.026019188302225],[105.85246863317943,21.026014085550973],[105.8524586304487,21.025998712546063],[105.85244040355019,21.026004547345167],[105.85244245670172,21.026010135730125]]],"type":"Polygon"},"properties":{"control":"Signed","id":197,"intersection_kind":"Connection","movements":[],"osm_node_ids":[11304265559],"type":"intersection"},"type":"Feature"},{"geometry":{"coordinates":[[[105.85236867813212,21.026101468142656],[105.85238623060262,21.026108891143856],[105.85239442201245,21.026094872517405],[105.85237800065406,21.026085462015274],[105.85236622128726,21.02609969647893],[105.85236867813212,21.026101467243333],[105.85236867813212,21.026101468142656]]],"type":"Polygon"},"properties":{"control":"Signed","id":198,"intersection_kind":"Connection","movements":[],"osm_node_ids":[11307444224],"type":"intersection"},"type":"Feature"},{"geometry":{"coordinates":[[[105.85230613745999,21.02605242633244],[105.85231910767395,21.02606572909883],[105.85232159438634,21.02606752234627],[105.85233337375313,21.026053287882615],[105.85232008752148,21.026040262107305],[105.85231208880538,21.02604737124524],[105.85230613745999,21.02605242633244]]],"type":"Polygon"},"properties":{"control":"Signed","id":199,"intersection_kind":"Connection","movements":[],"osm_node_ids":[11307444227],"type":"intersection"},"type":"Feature"},{"geometry":{"coordinates":[[[105.85192412217002,21.026202442182985],[105.85193445055314,21.02621762633034],[105.85194353124446,21.02621224478937],[105.85194539844656,21.0262138923467],[105.85195863650478,21.026200821605304],[105.85194523080303,21.02618790015131],[105.85194260438769,21.026190274360566],[105.85193172201014,21.026185914449027],[105.85192412217002,21.026202442182985]]],"type":"Polygon"},"properties":{"control":"Signed","id":200,"intersection_kind":"Connection","movements":[],"osm_node_ids":[11307611921],"type":"intersection"},"type":"Feature"},{"geometry":{"coordinates":[[[105.85221685764449,21.026021449196943],[105.8522247677215,21.026037851025865],[105.85224389449964,21.026040027384347],[105.85224526069808,21.026029567373808],[105.85225557944652,21.026025886450146],[105.8522487002809,21.026009085322396],[105.85222969875366,21.026006097775753],[105.85221685764449,21.026021449196943]]],"type":"Polygon"},"properties":{"control":"Signed","id":201,"intersection_kind":"Connection","movements":[],"osm_node_ids":[11307444225],"type":"intersection"},"type":"Feature"},{"geometry":{"coordinates":[[[105.85221252685325,21.026131555849002],[105.85222423492337,21.026145840674673],[105.85224727338394,21.02612675077323],[105.85223430316998,21.026113448006843],[105.85221517639182,21.02611127164836],[105.85221252685325,21.026131555849002]]],"type":"Polygon"},"properties":{"control":"Signed","id":202,"intersection_kind":"Connection","movements":[],"osm_node_ids":[11307444244],"type":"intersection"},"type":"Feature"},{"geometry":{"coordinates":[[[105.85212584840289,21.02619269803251],[105.85213610356242,21.026207925347308],[105.8521379832896,21.026206821879597],[105.85214763531778,21.02621102440984],[105.85215578240805,21.02619472510359],[105.85214407433793,21.026180440277923],[105.85214231119043,21.026181699328284],[105.85212395711409,21.026187175298034],[105.85212584840289,21.026192697133187],[105.85212584840289,21.02619269803251]]],"type":"Polygon"},"properties":{"control":"Signed","id":203,"intersection_kind":"Connection","movements":[],"osm_node_ids":[11307444243],"type":"intersection"},"type":"Feature"},{"geometry":{"coordinates":[[[105.85218210533299,21.02622603408879],[105.85219288847328,21.026240941245067],[105.85220919325198,21.026231401240615],[105.852201834279,21.02621477817856],[105.85219025242326,21.02620973478254],[105.85218210533299,21.02622603408879]]],"type":"Polygon"},"properties":{"control":"Signed","id":204,"intersection_kind":"Connection","movements":[],"osm_node_ids":[11304265553],"type":"intersection"},"type":"Feature"},{"geometry":{"coordinates":[[[105.85204117204024,21.026101175863108],[105.852054577742,21.026114097317098],[105.85205926212622,21.026117629852685],[105.85207137099927,21.026103638205885],[105.8520622951253,21.026087772372687],[105.85205712804331,21.02609034803],[105.85204115277088,21.026100406943065],[105.85204149672916,21.026100882684236],[105.85204117204024,21.026101175863108]]],"type":"Polygon"},"properties":{"control":"Signed","id":205,"intersection_kind":"Connection","movements":[],"osm_node_ids":[11307444226],"type":"intersection"},"type":"Feature"},{"geometry":{"coordinates":[[[105.85208181692555,21.025903754068494],[105.85206258223893,21.025904845845023],[105.8520637509263,21.02592279900385],[105.85208298561294,21.025921707227326],[105.85208181692555,21.025903754068494]]],"type":"Polygon"},"properties":{"control":"Signed","id":206,"intersection_kind":"Connection","movements":[],"osm_node_ids":[11307444280],"type":"intersection"},"type":"Feature"},{"geometry":{"coordinates":[[[105.85207410821349,21.026081884513605],[105.85208318408746,21.026097752145446],[105.85208835598677,21.02609517468949],[105.85210078087752,21.02608995322778],[105.85209287080052,21.02607355139886],[105.85207363611389,21.026074643175384],[105.85207410821349,21.026081884513605]]],"type":"Polygon"},"properties":{"control":"Signed","id":207,"intersection_kind":"Connection","movements":[],"osm_node_ids":[11307444281],"type":"intersection"},"type":"Feature"},{"geometry":{"coordinates":[[[105.85281218198655,21.02592462102959],[105.85281339788389,21.025942571490454],[105.85282153630294,21.025942091252674],[105.85283170185988,21.025942013011687],[105.85283154192409,21.025924026577954],[105.8528123216895,21.025922762131664],[105.85281218198655,21.02592462102959]]],"type":"Polygon"},"properties":{"control":"Signed","id":208,"intersection_kind":"Connection","movements":[],"osm_node_ids":[11307444327],"type":"intersection"},"type":"Feature"},{"geometry":{"coordinates":[[[105.85281454344803,21.025691164314317],[105.85279605641301,21.025696236488628],[105.85280149133924,21.02571349267315],[105.85281997837426,21.02570842049884],[105.85281454344803,21.025691164314317]]],"type":"Polygon"},"properties":{"control":"Signed","id":209,"intersection_kind":"Connection","movements":[],"osm_node_ids":[11307444329],"type":"intersection"},"type":"Feature"},{"geometry":{"coordinates":[[[105.85282246701358,21.025788313539515],[105.85284168821165,21.025789577985805],[105.85284142229433,21.025771593350715],[105.85283988074461,21.02577161313579],[105.85282139370959,21.025776685310106],[105.85282296801725,21.025781681941396],[105.85282246701358,21.025788313539515]]],"type":"Polygon"},"properties":{"control":"Signed","id":210,"intersection_kind":"Connection","movements":[],"osm_node_ids":[11307444328],"type":"intersection"},"type":"Feature"},{"geometry":{"coordinates":[[[105.8529018587511,21.0257708172361],[105.85290212466843,21.02578880187119],[105.8529212109809,21.02578633413248],[105.85292027641638,21.02578003618271],[105.852921529889,21.025774574602107],[105.85290268829755,21.02577080644424],[105.8529018587511,21.0257708172361]]],"type":"Polygon"},"properties":{"control":"Signed","id":211,"intersection_kind":"Connection","movements":[],"osm_node_ids":[11304265650],"type":"intersection"},"type":"Feature"},{"geometry":{"coordinates":[[[105.85195038728683,21.02594267041584],[105.85193441297787,21.025952730228227],[105.85194519033735,21.02596764098179],[105.85196116464631,21.025957581169404],[105.85195038728683,21.02594267041584]]],"type":"Polygon"},"properties":{"control":"Signed","id":212,"intersection_kind":"Connection","movements":[],"osm_node_ids":[11307444360],"type":"intersection"},"type":"Feature"},{"geometry":{"coordinates":[[[105.8517572995132,21.026116036254656],[105.85174969967308,21.02613256398861],[105.85176740726202,21.026139657838076],[105.85177500710213,21.02612313010412],[105.8517572995132,21.026116036254656]]],"type":"Polygon"},"properties":{"control":"Signed","id":213,"intersection_kind":"Connection","movements":[],"osm_node_ids":[11307611939],"type":"intersection"},"type":"Feature"},{"geometry":{"coordinates":[[[105.85206617790364,21.026321865807716],[105.8520801848098,21.026334217091758],[105.8520865677891,21.026327910148773],[105.8520931530968,21.026321904478547],[105.85207968573306,21.0263090387825],[105.85207961539986,21.02630897493066],[105.85206617694017,21.026321865807716],[105.85206617790364,21.026321865807716]]],"type":"Polygon"},"properties":{"control":"Signed","id":214,"intersection_kind":"Connection","movements":[],"osm_node_ids":[11307611922],"type":"intersection"},"type":"Feature"},{"geometry":{"coordinates":[[[105.85200397348204,21.026265579961315],[105.85201589736913,21.02627970830501],[105.85201803048855,21.02627813988799],[105.85202075999501,21.026280618418557],[105.8520341984547,21.0262677275415],[105.85202394233173,21.026252500226704],[105.85201989383677,21.0262548762346],[105.85201721154026,21.026252509219923],[105.85200397348204,21.026265579961315]]],"type":"Polygon"},"properties":{"control":"Signed","id":215,"intersection_kind":"Connection","movements":[],"osm_node_ids":[11307611920],"type":"intersection"},"type":"Feature"},{"geometry":{"coordinates":[[[105.85188901722901,21.026596506959628],[105.85190699169875,21.0266029874717],[105.85191396335736,21.02658652089162],[105.85189609872305,21.026579777777613],[105.85189583473266,21.026579684248155],[105.85188901722901,21.026596506959628]]],"type":"Polygon"},"properties":{"control":"Signed","id":217,"intersection_kind":"Connection","movements":[],"osm_node_ids":[11307716602],"type":"intersection"},"type":"Feature"},{"geometry":{"coordinates":[[[105.85177518052649,21.026572721699658],[105.85178108273497,21.02655560041339],[105.85177618060686,21.026542735616662],[105.85175802500504,21.026548762870604],[105.85175220758178,21.026565909337883],[105.85177518052649,21.026572721699658]]],"type":"Polygon"},"properties":{"control":"Signed","id":218,"intersection_kind":"Connection","movements":[],"osm_node_ids":[11307716626],"type":"intersection"},"type":"Feature"},{"geometry":{"coordinates":[[[105.85179177723616,21.026577705740447],[105.85180991742249,21.026583310313196],[105.85181612408704,21.026566282556384],[105.85179767944464,21.026560584454177],[105.85179177723616,21.026577705740447]]],"type":"Polygon"},"properties":{"control":"Signed","id":219,"intersection_kind":"Connection","movements":[],"osm_node_ids":[11307716635],"type":"intersection"},"type":"Feature"},{"geometry":{"coordinates":[[[105.85141450028463,21.02806672434816],[105.85142529691349,21.028081622511223],[105.85142937142209,21.028082605469827],[105.85143419454577,21.028065191004686],[105.85141509859862,21.028062780822566],[105.85141453015216,21.028066704563084],[105.85141450028463,21.02806672434816]]],"type":"Polygon"},"properties":{"control":"Signed","id":220,"intersection_kind":"Connection","movements":[],"osm_node_ids":[11307716872],"type":"intersection"},"type":"Feature"},{"geometry":{"coordinates":[[[105.851722093408,21.02653814188149],[105.85170307357487,21.02653304722413],[105.85169826586667,21.026550465286558],[105.85171627598474,21.026555288348764],[105.851722093408,21.02653814188149]]],"type":"Polygon"},"properties":{"control":"Signed","id":221,"intersection_kind":"Connection","movements":[],"osm_node_ids":[11307716634],"type":"intersection"},"type":"Feature"},{"geometry":{"coordinates":[[[105.85182252248185,21.026587314093344],[105.85184006146379,21.02659476587284],[105.85184695122757,21.02658165196401],[105.85185377065814,21.026564829252536],[105.8518518803328,21.026564161955847],[105.85183263986535,21.026565138619198],[105.85182873010987,21.026570286336533],[105.85182252344532,21.026587314093344],[105.85182252248185,21.026587314093344]]],"type":"Polygon"},"properties":{"control":"Signed","id":222,"intersection_kind":"Connection","movements":[],"osm_node_ids":[11307716627,11307611943],"type":"intersection"},"type":"Feature"},{"geometry":{"coordinates":[[[105.8516492041199,21.026520090696593],[105.85164439641171,21.02653750875902],[105.85166305590761,21.026541996374235],[105.85166786361579,21.026524578311808],[105.8516492041199,21.026520090696593]]],"type":"Polygon"},"properties":{"control":"Signed","id":223,"intersection_kind":"Connection","movements":[],"osm_node_ids":[11307716636],"type":"intersection"},"type":"Feature"},{"geometry":{"coordinates":[[[105.85182850658516,21.02649414976254],[105.85184774705262,21.02649317309919],[105.85184733468806,21.026486101732768],[105.85184880590457,21.026482677115787],[105.85183092007395,21.026475984363795],[105.85182728587048,21.026476200201],[105.85182850754863,21.026494150661865],[105.85182850658516,21.02649414976254]]],"type":"Polygon"},"properties":{"control":"Signed","id":224,"intersection_kind":"Connection","movements":[],"osm_node_ids":[11307611942],"type":"intersection"},"type":"Feature"},{"geometry":{"coordinates":[[[105.85174561071244,21.02648328685589],[105.8517648723762,21.02648277064524],[105.85177768265437,21.026469334779243],[105.85176543118797,21.026459158055037],[105.85174680541348,21.026454548132072],[105.85174561071244,21.02648328685589]]],"type":"Polygon"},"properties":{"control":"Signed","id":225,"intersection_kind":"Connection","movements":[],"osm_node_ids":[11307716624],"type":"intersection"},"type":"Feature"},{"geometry":{"coordinates":[[[105.851694361892,21.026344784121576],[105.8516888373632,21.02636201512509],[105.85170729838457,21.026367171835645],[105.85171282291337,21.026349940832127],[105.851694361892,21.026344784121576]]],"type":"Polygon"},"properties":{"control":"Signed","id":226,"intersection_kind":"Connection","movements":[],"osm_node_ids":[11307716623],"type":"intersection"},"type":"Feature"},{"geometry":{"coordinates":[[[105.85176667695283,21.026384585401463],[105.85178530272734,21.026389195324427],[105.85178705334972,21.026389726823545],[105.85179301914715,21.02637262352371],[105.85177643977991,21.02636345763708],[105.85177414768818,21.026367069312972],[105.85177241922554,21.026366586377225],[105.85176689469674,21.02638381738074],[105.85176667695283,21.026384585401463]]],"type":"Polygon"},"properties":{"control":"Signed","id":227,"intersection_kind":"Connection","movements":[],"osm_node_ids":[11307716605],"type":"intersection"},"type":"Feature"},{"geometry":{"coordinates":[[[105.85185862557628,21.026411476019213],[105.85187651140691,21.026418168771205],[105.85187984982552,21.02641039683319],[105.85188318535373,21.02640635078492],[105.85186791437683,21.026395382657633],[105.85186459137371,21.026394372719377],[105.85185862557628,21.026411476019213]]],"type":"Polygon"},"properties":{"control":"Signed","id":228,"intersection_kind":"Connection","movements":[],"osm_node_ids":[11307716697],"type":"intersection"},"type":"Feature"},{"geometry":{"coordinates":[[[105.85168423391035,21.026870704745946],[105.85170170737642,21.026878286027763],[105.85170220548967,21.02687728598205],[105.85171143166475,21.026861495691875],[105.85171028224674,21.026860910233456],[105.8516927432648,21.02685345845396],[105.85169241375854,21.026854133844548],[105.85168924202,21.026853337045534],[105.85168423391035,21.026870704745946]]],"type":"Polygon"},"properties":{"control":"Signed","id":229,"intersection_kind":"Connection","movements":[],"osm_node_ids":[11307716698],"type":"intersection"},"type":"Feature"},{"geometry":{"coordinates":[[[105.8516479072912,21.026842953477342],[105.8516292940418,21.026838281501178],[105.85162429556684,21.026855652798876],[105.85164289918154,21.026860321177754],[105.8516479072912,21.026842953477342]]],"type":"Polygon"},"properties":{"control":"Signed","id":230,"intersection_kind":"Connection","movements":[],"osm_node_ids":[11307716699],"type":"intersection"},"type":"Feature"},{"geometry":{"coordinates":[[[105.85156679961615,21.026822614418077],[105.85156180114119,21.026839985715775],[105.85158041053671,21.026844651396686],[105.85158540901168,21.026827280098985],[105.85156679961615,21.026822614418077]]],"type":"Polygon"},"properties":{"control":"Signed","id":231,"intersection_kind":"Connection","movements":[],"osm_node_ids":[11307716700],"type":"intersection"},"type":"Feature"},{"geometry":{"coordinates":[[[105.85173986265893,21.02689645412448],[105.85175648634572,21.026905549864015],[105.8517662732595,21.026889360275014],[105.85174933355502,21.026880787940698],[105.851749088834,21.026880663834305],[105.85173986265893,21.02689645412448]]],"type":"Polygon"},"properties":{"control":"Signed","id":232,"intersection_kind":"Connection","movements":[],"osm_node_ids":[11307716732],"type":"intersection"},"type":"Feature"},{"geometry":{"coordinates":[[[105.85160893209694,21.027047354907562],[105.85162757328692,21.02705190727394],[105.85162994245614,21.027043453650084],[105.85163268159731,21.027035786932707],[105.8516144026715,21.02703009782372],[105.85161374173207,21.02702993864378],[105.85160893209694,21.027047354907562]]],"type":"Polygon"},"properties":{"control":"Signed","id":233,"intersection_kind":"Connection","movements":[],"osm_node_ids":[11307716749],"type":"intersection"},"type":"Feature"},{"geometry":{"coordinates":[[[105.85151670503106,21.027006592252793],[105.85151189539594,21.027024008516577],[105.85153055489182,21.027028497930438],[105.85153536452695,21.027011081666654],[105.85151670503106,21.027006592252793]]],"type":"Polygon"},"properties":{"control":"Signed","id":234,"intersection_kind":"Connection","movements":[],"osm_node_ids":[11307716750],"type":"intersection"},"type":"Feature"},{"geometry":{"coordinates":[[[105.85155220017684,21.02724971757552],[105.85157083558602,21.027254293324262],[105.85157128841624,21.027252686236405],[105.85157493032746,21.02725292185869],[105.85157626376797,21.027234978592396],[105.8515576216145,21.02723042622602],[105.85155709074333,21.02723231839885],[105.85155687107249,21.027232267137514],[105.85155220017684,21.02724971757552]]],"type":"Polygon"},"properties":{"control":"Signed","id":235,"intersection_kind":"Connection","movements":[],"osm_node_ids":[11307716782],"type":"intersection"},"type":"Feature"},{"geometry":{"coordinates":[[[105.85146343581702,21.027210474774403],[105.85145876492138,21.027227925212408],[105.85147745910213,21.027232285123947],[105.85148212999779,21.02721483468594],[105.85146343581702,21.027210474774403]]],"type":"Polygon"},"properties":{"control":"Signed","id":236,"intersection_kind":"Connection","movements":[],"osm_node_ids":[11307716783],"type":"intersection"},"type":"Feature"},{"geometry":{"coordinates":[[[105.85162058813975,21.02725587613043],[105.8516395434205,21.02725910649393],[105.85164276429595,21.027240476145867],[105.85162367220266,21.02723804617867],[105.85162191965333,21.02723793286414],[105.85162058813975,21.02725587613043]]],"type":"Polygon"},"properties":{"control":"Signed","id":237,"intersection_kind":"Connection","movements":[],"osm_node_ids":[11307716784],"type":"intersection"},"type":"Feature"},{"geometry":{"coordinates":[[[105.85143110470206,21.02732460679033],[105.85143129546883,21.027342593224063],[105.85145056387687,21.027342414259046],[105.85145037311008,21.027324427825313],[105.85143110470206,21.02732460679033]]],"type":"Polygon"},"properties":{"control":"Signed","id":239,"intersection_kind":"Connection","movements":[],"osm_node_ids":[11307716787],"type":"intersection"},"type":"Feature"},{"geometry":{"coordinates":[[[105.85142862377047,21.027359307117607],[105.85141677696087,21.02737349301789],[105.85143197471417,21.02738455107735],[105.85144382152377,21.027370365177067],[105.85142862377047,21.027359307117607]]],"type":"Polygon"},"properties":{"control":"Signed","id":240,"intersection_kind":"Connection","movements":[],"osm_node_ids":[11307716828],"type":"intersection"},"type":"Feature"},{"geometry":{"coordinates":[[[105.85149310775873,21.02737781515792],[105.8515119243,21.027381693033032],[105.85151783807011,21.027364574444725],[105.85151299856746,21.027363117543594],[105.85149419551475,21.027367047579364],[105.85149493160473,21.027370114266315],[105.85149310775873,21.02737781515792]]],"type":"Polygon"},"properties":{"control":"Signed","id":242,"intersection_kind":"Connection","movements":[],"osm_node_ids":[11307716835],"type":"intersection"},"type":"Feature"},{"geometry":{"coordinates":[[[105.85151451603046,21.027382472744932],[105.85153300691935,21.027387532328742],[105.85153830695998,21.02736970147766],[105.8515196715508,21.02736512572892],[105.8515137577807,21.027382245216547],[105.85151451603046,21.027382473644256],[105.85151451603046,21.027382472744932]]],"type":"Polygon"},"properties":{"control":"Signed","id":243,"intersection_kind":"Connection","movements":[],"osm_node_ids":[11307716836],"type":"intersection"},"type":"Feature"},{"geometry":{"coordinates":[[[105.8514455191554,21.0276095802491],[105.85146469603391,21.027611342919602],[105.85146935536795,21.027593890682954],[105.85146826953887,21.02759363887288],[105.85144977864998,21.027588579289073],[105.85144958402933,21.027589198921714],[105.85144473007465,21.02760660619228],[105.85144580530557,21.02760686699557],[105.8514455191554,21.0276095802491]]],"type":"Polygon"},"properties":{"control":"Signed","id":244,"intersection_kind":"Connection","movements":[],"osm_node_ids":[11307716747],"type":"intersection"},"type":"Feature"},{"geometry":{"coordinates":[[[105.85136972693648,21.027569796056326],[105.8513648729818,21.027587203326892],[105.85138352091607,21.02759173410955],[105.85138837487075,21.027574326838984],[105.85136972693648,21.027569796056326]]],"type":"Polygon"},"properties":{"control":"Signed","id":245,"intersection_kind":"Connection","movements":[],"osm_node_ids":[11307716848],"type":"intersection"},"type":"Feature"},{"geometry":{"coordinates":[[[105.85152702763338,21.02762583908587],[105.85154606769936,21.027628601802093],[105.85154918644713,21.02761117654509],[105.85153021189701,21.027608043308334],[105.85152555352646,21.027625495544985],[105.85152702763338,21.02762583908587]]],"type":"Polygon"},"properties":{"control":"Signed","id":246,"intersection_kind":"Connection","movements":[],"osm_node_ids":[11307716862],"type":"intersection"},"type":"Feature"},{"geometry":{"coordinates":[[[105.85131115864529,21.02778377975912],[105.85130644150314,21.027801219405266],[105.85132512508575,21.02780562158492],[105.85132984222788,21.027788181938774],[105.85131115864529,21.02778377975912]]],"type":"Polygon"},"properties":{"control":"Signed","id":247,"intersection_kind":"Connection","movements":[],"osm_node_ids":[11307716867],"type":"intersection"},"type":"Feature"},{"geometry":{"coordinates":[[[105.8513683992768,21.027815818094204],[105.8513870703343,21.027820227468432],[105.85139180674582,21.027802793218214],[105.85137311641893,21.027798378448058],[105.8513683992768,21.027815818094204]]],"type":"Polygon"},"properties":{"control":"Signed","id":248,"intersection_kind":"Connection","movements":[],"osm_node_ids":[11307716873],"type":"intersection"},"type":"Feature"},{"geometry":{"coordinates":[[[105.85144166913499,21.02783315072107],[105.85146093272567,21.0278336165697],[105.85146084312309,21.027814164241622],[105.8514415795324,21.02781457433231],[105.8514368431209,21.02783200858253],[105.85144166913499,21.02783315072107]]],"type":"Polygon"},"properties":{"control":"Signed","id":249,"intersection_kind":"Connection","movements":[],"osm_node_ids":[11307716868],"type":"intersection"},"type":"Feature"},{"geometry":{"coordinates":[[[105.8513047014789,21.02813605125834],[105.85131549810775,21.0281509494214],[105.85133145892816,21.02814087162258],[105.8513206622993,21.02812597345952],[105.8513047014789,21.02813605125834]]],"type":"Polygon"},"properties":{"control":"Signed","id":250,"intersection_kind":"Connection","movements":[],"osm_node_ids":[11307716891],"type":"intersection"},"type":"Feature"},{"geometry":{"coordinates":[[[105.85144146584311,21.0280855237687],[105.8514605791327,21.028087804448496],[105.85146375087125,21.028071976386812],[105.8514450075536,21.0280677999369],[105.8514401844299,21.028085214402036],[105.85144146584311,21.0280855237687]]],"type":"Polygon"},"properties":{"control":"Signed","id":251,"intersection_kind":"Connection","movements":[],"osm_node_ids":[11304265534],"type":"intersection"},"type":"Feature"},{"geometry":{"coordinates":[[[105.85134102424416,21.028258638696762],[105.85134537526825,21.028276161080505],[105.8513641465265,21.028272098844447],[105.85135979550242,21.028254576460704],[105.85134102424416,21.028258638696762]]],"type":"Polygon"},"properties":{"control":"Signed","id":252,"intersection_kind":"Connection","movements":[],"osm_node_ids":[11308870545],"type":"intersection"},"type":"Feature"},{"geometry":{"coordinates":[[[105.85135541557428,21.02832514893142],[105.85136138522556,21.028342250432612],[105.85137970654398,21.02833667823544],[105.8513737368927,21.028319576734248],[105.85135541557428,21.02832514893142]]],"type":"Polygon"},"properties":{"control":"Signed","id":253,"intersection_kind":"Connection","movements":[],"osm_node_ids":[11308870554],"type":"intersection"},"type":"Feature"},{"geometry":{"coordinates":[[[105.85136507145633,21.028372160972587],[105.85137172902418,21.028389039442],[105.8513898114024,21.028382825129146],[105.85138315383455,21.028365946659733],[105.85136507145633,21.028372160972587]]],"type":"Polygon"},"properties":{"control":"Signed","id":254,"intersection_kind":"Connection","movements":[],"osm_node_ids":[11308870522],"type":"intersection"},"type":"Feature"},{"geometry":{"coordinates":[[[105.85143024914196,21.02832087985137],[105.85144642577933,21.02833065367946],[105.85146422489778,21.028323761278056],[105.85145776580445,21.028308050128192],[105.85143852148315,21.02830894944988],[105.85143024914196,21.02832087985137]]],"type":"Polygon"},"properties":{"control":"Signed","id":255,"intersection_kind":"Connection","movements":[],"osm_node_ids":[11308870523],"type":"intersection"},"type":"Feature"},{"geometry":{"coordinates":[[[105.85309308028611,21.025783172117432],[105.85311164054474,21.025788005072176],[105.85311139004291,21.025770020437086],[105.85311093721268,21.025770025833015],[105.85309290108096,21.025776358856334],[105.85309417285947,21.025779515475453],[105.85309308028611,21.025783172117432]]],"type":"Polygon"},"properties":{"control":"Signed","id":256,"intersection_kind":"Connection","movements":[],"osm_node_ids":[11304265655],"type":"intersection"},"type":"Feature"},{"geometry":{"coordinates":[[[105.85317872493468,21.02578719208537],[105.85317847443285,21.02576920745028],[105.85315920698828,21.02576944127392],[105.85315945749011,21.02578742590901],[105.85317872493468,21.02578719208537]]],"type":"Polygon"},"properties":{"control":"Signed","id":257,"intersection_kind":"Connection","movements":[],"osm_node_ids":[11323279183],"type":"intersection"},"type":"Feature"},{"geometry":{"coordinates":[[[105.85338205534273,21.02687272821974],[105.85337974494509,21.026854871288332],[105.85336061431306,21.026857026962414],[105.85336292471071,21.026874883893825],[105.85338205534273,21.02687272821974]]],"type":"Polygon"},"properties":{"control":"Signed","id":258,"intersection_kind":"Connection","movements":[],"osm_node_ids":[11323279195],"type":"intersection"},"type":"Feature"},{"geometry":{"coordinates":[[[105.85328138829215,21.02688451562909],[105.85330045726218,21.026881923783986],[105.85329814686455,21.02686406685258],[105.85329775184242,21.02686411091934],[105.85327866167609,21.0268665642689],[105.85328138829215,21.02688451562909]]],"type":"Polygon"},"properties":{"control":"Signed","id":259,"intersection_kind":"Connection","movements":[],"osm_node_ids":[11323279196],"type":"intersection"},"type":"Feature"},{"geometry":{"coordinates":[[[105.85356834680904,21.02876622664855],[105.85358744661008,21.028768606253735],[105.85359627390916,21.028763503502486],[105.85358612665813,21.02874821323517],[105.85356701914935,21.02875053348512],[105.85356878229685,21.028763184243285],[105.85356834680904,21.02876622664855]]],"type":"Polygon"},"properties":{"control":"Signed","id":260,"intersection_kind":"Connection","movements":[],"osm_node_ids":[11304265575],"type":"intersection"},"type":"Feature"},{"geometry":{"coordinates":[[[105.85366794440951,21.028640018541015],[105.85365805536806,21.028624580784943],[105.85364151742998,21.028633811422736],[105.85365140647143,21.02864924917881],[105.85366794440951,21.028640018541015]]],"type":"Polygon"},"properties":{"control":"Signed","id":261,"intersection_kind":"Connection","movements":[],"osm_node_ids":[11323279228],"type":"intersection"},"type":"Feature"},{"geometry":{"coordinates":[[[105.85349586795856,21.028248610360635],[105.85351495619797,21.028246151615146],[105.85351232111141,21.028228335153212],[105.85349323383548,21.02823079749599],[105.85349586795856,21.028248610360635]]],"type":"Polygon"},"properties":{"control":"Signed","id":262,"intersection_kind":"Connection","movements":[],"osm_node_ids":[11329521243],"type":"intersection"},"type":"Feature"},{"geometry":{"coordinates":[[[105.85360034552735,21.02823490469813],[105.85359765359615,21.02821709453145],[105.8535785730645,21.028219608135565],[105.8535812649957,21.028237418302247],[105.85360034552735,21.02823490469813]]],"type":"Polygon"},"properties":{"control":"Signed","id":263,"intersection_kind":"Connection","movements":[],"osm_node_ids":[11329521244],"type":"intersection"},"type":"Feature"},{"geometry":{"coordinates":[[[105.84685867361208,21.02596136461574],[105.8468799258019,21.026039835828826],[105.84696399325242,21.026019999490384],[105.84694274106259,21.025941528277297],[105.84685867361208,21.02596136461574]]],"type":"Polygon"},"properties":{"control":"Signalled","id":264,"intersection_kind":"Terminus","movements":[],"osm_node_ids":[317319368],"type":"intersection"},"type":"Feature"},{"geometry":{"coordinates":[[[105.85397104776932,21.027555437486278],[105.85395199614172,21.027558199303176],[105.85395496362493,21.027575971698347],[105.85397399405622,21.027573211680092],[105.85397104776932,21.027555437486278]]],"type":"Polygon"},"properties":{"control":"Signed","id":265,"intersection_kind":"Connection","movements":[],"osm_node_ids":[11435216521],"type":"intersection"},"type":"Feature"},{"geometry":{"coordinates":[[[105.85423457280353,21.027535586758688],[105.85423162651664,21.027517812564874],[105.85421258356025,21.02752056179127],[105.85421552984715,21.027538335985085],[105.85423457280353,21.027535586758688]]],"type":"Polygon"},"properties":{"control":"Signed","id":266,"intersection_kind":"Connection","movements":[],"osm_node_ids":[11435116356],"type":"intersection"},"type":"Feature"},{"geometry":{"coordinates":[[[105.85379485538061,21.02781250499311],[105.85381154458327,21.027821494612688],[105.85382117541515,21.027805915663112],[105.85380448621248,21.027796926043532],[105.85379485538061,21.02781250499311]]],"type":"Polygon"},"properties":{"control":"Signed","id":267,"intersection_kind":"Connection","movements":[],"osm_node_ids":[9966237354],"type":"intersection"},"type":"Feature"},{"geometry":{"coordinates":[[[105.85373876994792,21.027360736139766],[105.85372583056497,21.027374064087162],[105.85374010916925,21.027386142876736],[105.8537530485522,21.02737281492934],[105.85373876994792,21.027360736139766]]],"type":"Polygon"},"properties":{"control":"Signed","id":268,"intersection_kind":"Connection","movements":[],"osm_node_ids":[11217220360],"type":"intersection"},"type":"Feature"},{"geometry":{"coordinates":[[[105.8537266023033,21.02769870212892],[105.8537293982891,21.027716497906454],[105.85374846340525,21.027713887175597],[105.85374566741946,21.027696091398063],[105.8537266023033,21.02769870212892]]],"type":"Polygon"},"properties":{"control":"Signed","id":269,"intersection_kind":"Connection","movements":[],"osm_node_ids":[11435116387],"type":"intersection"},"type":"Feature"},{"geometry":{"coordinates":[[[105.85383243739932,21.027684211358583],[105.85383523338513,21.027702007136117],[105.85385430813596,21.02769945486117],[105.85385155743319,21.02768162760738],[105.85383248653622,21.02768420506333],[105.85383243739932,21.027684211358583]]],"type":"Polygon"},"properties":{"control":"Signed","id":270,"intersection_kind":"Connection","movements":[],"osm_node_ids":[11435116388],"type":"intersection"},"type":"Feature"},{"geometry":{"coordinates":[[[105.8536970315258,21.02749428541023],[105.85369956930202,21.02751211536199],[105.85371867102998,21.027509746548667],[105.85371613325376,21.027491916596908],[105.8536970315258,21.02749428541023]]],"type":"Polygon"},"properties":{"control":"Signed","id":271,"intersection_kind":"Connection","movements":[],"osm_node_ids":[11435116389],"type":"intersection"},"type":"Feature"},{"geometry":{"coordinates":[[[105.85380107938761,21.02748138194267],[105.85380361716383,21.02749921189443],[105.85380382623651,21.0274991858141],[105.85382289713348,21.02749661555272],[105.85382015221151,21.027478825171116],[105.85380107938761,21.027481381043348],[105.85380107938761,21.02748138194267]]],"type":"Polygon"},"properties":{"control":"Signed","id":272,"intersection_kind":"Connection","movements":[],"osm_node_ids":[11435116390],"type":"intersection"},"type":"Feature"},{"geometry":{"coordinates":[[[105.85371112803452,21.027593012045664],[105.85371407239448,21.027610788038125],[105.85373311535086,21.027608038811728],[105.8537301709909,21.02759026281927],[105.85371112803452,21.027593012045664]]],"type":"Polygon"},"properties":{"control":"Signed","id":273,"intersection_kind":"Connection","movements":[],"osm_node_ids":[5857305389],"type":"intersection"},"type":"Feature"},{"geometry":{"coordinates":[[[105.85381581371253,21.027577899844044],[105.85381875807249,21.0275956758365],[105.85383782896946,21.027593098380546],[105.85383780199234,21.02759292391214],[105.85383799468606,21.027592896033166],[105.85383504454528,21.027575121839355],[105.85381597364831,21.027577692100735],[105.8538160015889,21.02757787286439],[105.85381581371253,21.027577899844044]]],"type":"Polygon"},"properties":{"control":"Signed","id":274,"intersection_kind":"Connection","movements":[],"osm_node_ids":[11435116386],"type":"intersection"},"type":"Feature"},{"geometry":{"coordinates":[[[105.853933653627,21.027579063566307],[105.85395270332765,21.027576299950763],[105.85394973584444,21.02755852755559],[105.85393070348621,21.027561289372493],[105.853933653627,21.027579063566307]]],"type":"Polygon"},"properties":{"control":"Signed","id":275,"intersection_kind":"Connection","movements":[],"osm_node_ids":[11435216520],"type":"intersection"},"type":"Feature"},{"geometry":{"coordinates":[[[105.85073749307679,21.028976499750065],[105.8507551553827,21.02898369072627],[105.85076296911285,21.028967248427875],[105.85076285253315,21.028967200763823],[105.85074518444642,21.028960022378122],[105.85073749307679,21.028976499750065]]],"type":"Polygon"},"properties":{"control":"Signed","id":276,"intersection_kind":"Connection","movements":[],"osm_node_ids":[11832076995],"type":"intersection"},"type":"Feature"},{"geometry":{"coordinates":[[[105.85091762701543,21.029050967183004],[105.85093500798853,21.029058733725087],[105.85094333139355,21.029042464096456],[105.85092593500495,21.02903472992995],[105.85092544074558,21.029034525783928],[105.85091762701543,21.029050967183004]]],"type":"Polygon"},"properties":{"control":"Signed","id":277,"intersection_kind":"Connection","movements":[],"osm_node_ids":[11832076983],"type":"intersection"},"type":"Feature"},{"geometry":{"coordinates":[[[105.85093022147664,21.029026329366076],[105.85094761786523,21.02903406353258],[105.85094793002905,21.02903419663219],[105.85095594994148,21.029017841568],[105.85093859401856,21.029010027361863],[105.85093425359264,21.029018426127095],[105.85093022147664,21.029026329366076]]],"type":"Polygon"},"properties":{"control":"Signed","id":278,"intersection_kind":"Connection","movements":[],"osm_node_ids":[11832076993],"type":"intersection"},"type":"Feature"},{"geometry":{"coordinates":[[[105.85090581681764,21.02907396823446],[105.85092318430218,21.02908175815891],[105.85092348201397,21.02908188586259],[105.85093151926881,21.02906553799297],[105.85091413829572,21.029057771450884],[105.85091004740816,21.02906575023289],[105.85090581681764,21.02907396823446]]],"type":"Polygon"},"properties":{"control":"Signed","id":279,"intersection_kind":"Connection","movements":[],"osm_node_ids":[11832076992],"type":"intersection"},"type":"Feature"},{"geometry":{"coordinates":[[[105.85026776938857,21.029140339074253],[105.85029448637215,21.029063337352802],[105.8502945335821,21.029063198857262],[105.85027613904008,21.02905783890001],[105.85024982093248,21.029134959331923],[105.85026776938857,21.029140339074253]]],"type":"Polygon"},"properties":{"control":"Signed","id":281,"intersection_kind":"Intersection","movements":["Road #37 -> Road #38","Road #38 -> Road #37"],"osm_node_ids":[11832076984],"type":"intersection"},"type":"Feature"},{"geometry":{"coordinates":[[[105.85035259701577,21.028889580309052],[105.85033420247375,21.0288842203518],[105.85032846020104,21.02890138930212],[105.85034685474307,21.02890674925937],[105.85035259701577,21.028889580309052]]],"type":"Polygon"},"properties":{"control":"Signed","id":282,"intersection_kind":"Connection","movements":[],"osm_node_ids":[11832076996],"type":"intersection"},"type":"Feature"},{"geometry":{"coordinates":[[[105.84909993178643,21.028963792334633],[105.84911689268722,21.02897232869608],[105.84914113644696,21.02893347350261],[105.8491241225554,21.028924299522085],[105.84910019963068,21.028963328284643],[105.84909993178643,21.028963792334633]]],"type":"Polygon"},"properties":{"control":"Signed","id":286,"intersection_kind":"Intersection","movements":["Road #77 -> Road #78","Road #78 -> Road #77"],"osm_node_ids":[12404456167],"type":"intersection"},"type":"Feature"},{"geometry":{"coordinates":[[[105.84923651309161,21.029036069919265],[105.84926015853738,21.02899689366795],[105.84926080309785,21.02897891802608],[105.84920178390335,21.028966197120823],[105.84917781665908,21.029005202501015],[105.84923651309161,21.029036069919265]]],"type":"Polygon"},"properties":{"control":"Signed","id":287,"intersection_kind":"Intersection","movements":["Road #75 -> Road #76","Road #76 -> Road #75"],"osm_node_ids":[12404456169],"type":"intersection"},"type":"Feature"},{"geometry":{"coordinates":[[[105.8493888837198,21.028788638644304],[105.84940591206339,21.028780219194672],[105.84942855261144,21.028740529430678],[105.84938194192871,21.028717365601995],[105.84935925802459,21.028757034681593],[105.8493888837198,21.028788638644304]]],"type":"Polygon"},"properties":{"control":"Signed","id":288,"intersection_kind":"Intersection","movements":["Road #106 -> Road #107","Road #107 -> Road #106"],"osm_node_ids":[12404456174],"type":"intersection"},"type":"Feature"},{"geometry":{"coordinates":[[[105.84915623399954,21.028993648015984],[105.84918020124381,21.028954642635792],[105.84918034191021,21.02895440521487],[105.84916351589503,21.028945638627068],[105.84913927020834,21.028984494719857],[105.84915623399954,21.028993648015984]]],"type":"Polygon"},"properties":{"control":"Signed","id":289,"intersection_kind":"Intersection","movements":["Road #76 -> Road #77","Road #77 -> Road #76"],"osm_node_ids":[7202327205],"type":"intersection"},"type":"Feature"},{"geometry":{"coordinates":[[[105.84929535211748,21.028725204989136],[105.84931217813268,21.028733971576937],[105.84931235830129,21.02873366940485],[105.84933504220542,21.028694000325256],[105.84931800519061,21.02868551972175],[105.84929535211748,21.028725204989136]]],"type":"Polygon"},"properties":{"control":"Signed","id":290,"intersection_kind":"Intersection","movements":["Road #107 -> Road #108","Road #108 -> Road #107"],"osm_node_ids":[12404456176],"type":"intersection"},"type":"Feature"},{"geometry":{"coordinates":[[[105.84893031410726,21.02887260111561],[105.84895423703199,21.028833572353054],[105.84894710736452,21.028809835656457],[105.84893705260649,21.028825179883075],[105.84893749580202,21.028824660075138],[105.84891369812823,21.028863757186144],[105.84893031410726,21.02887260111561]]],"type":"Polygon"},"properties":{"control":"Signed","id":291,"intersection_kind":"Intersection","movements":["Road #78 -> Road #79","Road #79 -> Road #78"],"osm_node_ids":[12404456178,12404456180],"type":"intersection"},"type":"Feature"},{"geometry":{"coordinates":[[[105.8489517040731,21.02880650007232],[105.84895154606426,21.028803679799513],[105.84895107203772,21.028800891002962],[105.84895028970124,21.028798162460966],[105.84894920483562,21.0287955265491],[105.8489478318929,21.02879301024702],[105.84894618436164,21.028790641433698],[105.84894427958426,21.028788447088782],[105.84894214068403,21.02878645059464],[105.8489397898207,21.028784672635666],[105.84893725204448,21.02878313479558],[105.84893455625941,21.028781853262178],[105.84893173233301,21.02878084062596],[105.84892880916935,21.02878011037675],[105.8489258214533,21.02877966791048],[105.84892280001586,21.028779520421722],[105.8489197785784,21.02877966791048],[105.84891679086235,21.02878011037675],[105.8489138676987,21.02878084062596],[105.8489110437723,21.028781853262178],[105.84890834798723,21.02878313479558],[105.848905810211,21.028784672635666],[105.84890345934768,21.02878645059464],[105.84890132044744,21.028788447088782],[105.84889941567008,21.028790641433698],[105.84889776813881,21.02879301024702],[105.84889639519609,21.0287955265491],[105.84889531033048,21.028798162460966],[105.84889452799399,21.028800891002962],[105.84889405396746,21.028803679799513],[105.8488938959586,21.02880650007232],[105.84889405396746,21.02880932034513],[105.84889452799399,21.02881210914168],[105.84889531033048,21.02881483768368],[105.84889639519609,21.02881747359554],[105.84889776813881,21.02881998989762],[105.84889941567008,21.028822358710944],[105.84890132044744,21.02882455305586],[105.84890345934768,21.028826549550004],[105.848905810211,21.028828327508975],[105.84890834798723,21.02882986534906],[105.8489110437723,21.028831146882464],[105.8489138676987,21.028832159518682],[105.84891679086235,21.028832889767894],[105.8489197785784,21.028833332234164],[105.84892280001586,21.02883347972292],[105.8489258214533,21.028833332234164],[105.84892880916935,21.028832889767894],[105.84893173233301,21.028832159518682],[105.84893455625941,21.028831146882464],[105.84893725204448,21.02882986534906],[105.8489397898207,21.028828327508975],[105.84894214068403,21.028826549550004],[105.84894427958426,21.02882455305586],[105.84894618436164,21.028822358710944],[105.8489478318929,21.02881998989762],[105.84894920483562,21.02881747359554],[105.84895028970124,21.02881483768368],[105.84895107203772,21.02881210914168],[105.84895154606426,21.02880932034513],[105.8489517040731,21.02880650007232]]],"type":"Polygon"},"properties":{"control":"Signed","id":292,"intersection_kind":"Connection","movements":[],"osm_node_ids":[12404456179],"type":"intersection"},"type":"Feature"},{"geometry":{"coordinates":[[[105.84893230366987,21.028795299920034],[105.84893214566102,21.028792479647226],[105.84893167163449,21.028789690850676],[105.848930889298,21.02878696230868],[105.84892980443239,21.028784326396817],[105.84892843148967,21.02878181009474],[105.8489267839584,21.028779441281415],[105.84892487918104,21.0287772469365],[105.8489227402808,21.028775250442354],[105.84892038941747,21.02877347248338],[105.84891785164125,21.028771934643295],[105.84891515585618,21.02877065310989],[105.84891233192978,21.028769640473673],[105.84890940876613,21.028768910224464],[105.84890642105007,21.028768467758194],[105.84890339961262,21.02876832026944],[105.84890037817517,21.028768467758194],[105.84889739045913,21.028768910224464],[105.84889446729547,21.028769640473673],[105.84889164336907,21.02877065310989],[105.848888947584,21.028771934643295],[105.84888640980778,21.02877347248338],[105.84888405894445,21.028775250442354],[105.84888192004422,21.0287772469365],[105.84888001526684,21.028779441281415],[105.84887836773558,21.02878181009474],[105.84887699479286,21.028784326396817],[105.84887590992724,21.02878696230868],[105.84887512759076,21.028789690850676],[105.84887465356422,21.028792479647226],[105.84887449555538,21.028795299920034],[105.84887465356422,21.028798120192846],[105.84887512759076,21.028800908989396],[105.84887590992724,21.028803637531393],[105.84887699479286,21.028806273443255],[105.84887836773558,21.028808789745334],[105.84888001526684,21.028811158558657],[105.84888192004422,21.028813352903573],[105.84888405894445,21.028815349397718],[105.84888640980778,21.028817127356692],[105.848888947584,21.028818665196777],[105.84889164336907,21.02881994673018],[105.84889446729547,21.0288209593664],[105.84889739045913,21.028821689615608],[105.84890037817517,21.028822132081878],[105.84890339961262,21.028822279570633],[105.84890642105007,21.028822132081878],[105.84890940876613,21.028821689615608],[105.84891233192978,21.0288209593664],[105.84891515585618,21.02881994673018],[105.84891785164125,21.028818665196777],[105.84892038941747,21.028817127356692],[105.8489227402808,21.028815349397718],[105.84892487918104,21.028813352903573],[105.8489267839584,21.028811158558657],[105.84892843148967,21.028808789745334],[105.84892980443239,21.028806273443255],[105.848930889298,21.028803637531393],[105.84893167163449,21.028800908989396],[105.84893214566102,21.028798120192846],[105.84893230366987,21.028795299920034]]],"type":"Polygon"},"properties":{"control":"Signed","id":294,"intersection_kind":"Connection","movements":[],"osm_node_ids":[12404456181],"type":"intersection"},"type":"Feature"},{"geometry":{"coordinates":[[[105.8489532369516,21.028760367567763],[105.84893663253418,21.028751241251285],[105.84892685429162,21.02876673926191],[105.84894345870903,21.028775867377032],[105.8489532369516,21.028760367567763]]],"type":"Polygon"},"properties":{"control":"Signed","id":295,"intersection_kind":"Connection","movements":[],"osm_node_ids":[7202327210],"type":"intersection"},"type":"Feature"},{"geometry":{"coordinates":[[[105.84891049459522,21.02880992648795],[105.84892070543518,21.02879467399214],[105.84892888239297,21.02879896915252],[105.84891228182941,21.02878983744011],[105.84890218756915,21.02880516188165],[105.84891049459522,21.02880992648795]]],"type":"Polygon"},"properties":{"control":"Signed","id":296,"intersection_kind":"Connection","movements":[],"osm_node_ids":[12404456182],"type":"intersection"},"type":"Feature"},{"geometry":{"coordinates":[[[105.84888093056199,21.028773101063525],[105.84885451514407,21.02877932257095],[105.8488708247401,21.028788900346914],[105.84887144232346,21.0287887546568],[105.84888093056199,21.028773101063525]]],"type":"Polygon"},"properties":{"control":"Signed","id":297,"intersection_kind":"Connection","movements":[],"osm_node_ids":[12404456183],"type":"intersection"},"type":"Feature"},{"geometry":{"coordinates":[[[105.84884682666484,21.028828294234074],[105.84887062433864,21.02878919712307],[105.84885431474261,21.02877961934711],[105.84885385227768,21.028780305529555],[105.84883006809245,21.028819409835133],[105.84884682666484,21.028828294234074]]],"type":"Polygon"},"properties":{"control":"Signed","id":298,"intersection_kind":"Intersection","movements":["Road #79 -> Road #80","Road #80 -> Road #79"],"osm_node_ids":[12404456184],"type":"intersection"},"type":"Feature"},{"geometry":{"coordinates":[[[105.84981284650459,21.028177275265133],[105.84986715144734,21.028195770714937],[105.84986771218605,21.02819595327724],[105.84988350921681,21.028153474716696],[105.84982906746151,21.02813532640506],[105.84981284650459,21.028177275265133]]],"type":"Polygon"},"properties":{"control":"Signed","id":299,"intersection_kind":"Fork","movements":["Road #359 -> Road #3","Road #2 -> Road #3","Road #2 -> Road #359"],"osm_node_ids":[13886629283],"type":"intersection"},"type":"Feature"},{"geometry":{"coordinates":[[[105.84993666088769,21.02860447195203],[105.84998173965538,21.02862032879201],[105.84999872849676,21.028578251328934],[105.84995364972907,21.028562394488958],[105.84993666088769,21.02860447195203]]],"type":"Polygon"},"properties":{"control":"Signed","id":300,"intersection_kind":"Terminus","movements":[],"osm_node_ids":[13886629281],"type":"intersection"},"type":"Feature"},{"geometry":{"coordinates":[[[105.84854117782106,21.0287844460066],[105.84858347794537,21.028805963177273],[105.84860904647442,21.02875756797935],[105.84858756594254,21.028743984624597],[105.84854405762863,21.02877951322715],[105.84854117782106,21.0287844460066]]],"type":"Polygon"},"properties":{"control":"Signed","id":304,"intersection_kind":"Intersection","movements":["Road #363 -> Road #21","Road #20 -> Road #363","Road #20 -> Road #21"],"osm_node_ids":[322505365],"type":"intersection"},"type":"Feature"},{"geometry":{"coordinates":[[[105.84891799038073,21.02924071416634],[105.84896150832932,21.029259997421946],[105.8489716661785,21.029240024386606],[105.84898217762066,21.02922005135127],[105.84893894100489,21.029200224905367],[105.84891795184198,21.02924069797855],[105.84891799038073,21.02924071416634]]],"type":"Polygon"},"properties":{"control":"Signed","id":305,"intersection_kind":"Intersection","movements":["Road #35 -> Road #36","Road #35 -> Road #364","Road #36 -> Road #35","Road #36 -> Road #364","Road #364 -> Road #35","Road #364 -> Road #36"],"osm_node_ids":[322505458],"type":"intersection"},"type":"Feature"},{"geometry":{"coordinates":[[[105.84912015595528,21.029799111095457],[105.84920130505947,21.029827637579356],[105.84921492176085,21.02979388873442],[105.84923236246898,21.029754799717313],[105.84915231557284,21.02972368138831],[105.8491140600896,21.029796315104335],[105.84912015595528,21.0297991128941],[105.84912015595528,21.029799111095457]]],"type":"Polygon"},"properties":{"control":"Signed","id":306,"intersection_kind":"Intersection","movements":["Road #12 -> Road #13","Road #12 -> Road #365","Road #365 -> Road #13"],"osm_node_ids":[103010884],"type":"intersection"},"type":"Feature"},{"geometry":{"coordinates":[[[105.85281292482082,21.025543827543075],[105.85285927536702,21.02553157158713],[105.85284614618075,21.025488307918753],[105.85279979563455,21.025500563874697],[105.85281292482082,21.025543827543075]]],"type":"Polygon"},"properties":{"control":"Signed","id":307,"intersection_kind":"Terminus","movements":[],"osm_node_ids":[13976546146],"type":"intersection"},"type":"Feature"},{"geometry":{"coordinates":[[[105.85276847519812,21.0252323717586],[105.8527221246519,21.025244627714546],[105.85273525383818,21.025287891382927],[105.85278160438439,21.02527563542698],[105.85276847519812,21.0252323717586]]],"type":"Polygon"},"properties":{"control":"Signed","id":308,"intersection_kind":"Terminus","movements":[],"osm_node_ids":[13976546147],"type":"intersection"},"type":"Feature"},{"geometry":{"coordinates":[[[105.85276085512515,21.02556162781722],[105.85280714400938,21.02554917221186],[105.8527937999696,21.025505965200747],[105.8527475110854,21.025518420806108],[105.85276085512515,21.02556162781722]]],"type":"Polygon"},"properties":{"control":"Signed","id":309,"intersection_kind":"Terminus","movements":[],"osm_node_ids":[13976546159],"type":"intersection"},"type":"Feature"},{"geometry":{"coordinates":[[[105.85236102241083,21.025016486889765],[105.85233277736609,21.025052913015358],[105.85237180169725,21.025079277529922],[105.85240004674199,21.02504285140433],[105.85236102241083,21.025016486889765]]],"type":"Polygon"},"properties":{"control":"Signed","id":310,"intersection_kind":"Terminus","movements":[],"osm_node_ids":[13976546160],"type":"intersection"},"type":"Feature"},{"geometry":{"coordinates":[[[105.85041436402265,21.025900916708572],[105.85033223603438,21.025926883722953],[105.85036005522602,21.026003543702164],[105.85044218321428,21.025977576687783],[105.85041436402265,21.025900916708572]]],"type":"Polygon"},"properties":{"control":"Signed","id":312,"intersection_kind":"Terminus","movements":[],"osm_node_ids":[13979637059],"type":"intersection"},"type":"Feature"},{"geometry":{"coordinates":[[[105.85053104006708,21.02619880712473],[105.85061436082944,21.026176392431008],[105.85059034637521,21.026098619091552],[105.85050702561284,21.02612103378527],[105.85053104006708,21.02619880712473]]],"type":"Polygon"},"properties":{"control":"Signed","id":313,"intersection_kind":"Terminus","movements":[],"osm_node_ids":[13979637062],"type":"intersection"},"type":"Feature"},{"geometry":{"coordinates":[[[105.8509822054236,21.02595195321429],[105.85095775259117,21.025874298585293],[105.85087455997014,21.0258971233697],[105.85089901280257,21.025974777998695],[105.8509822054236,21.02595195321429]]],"type":"Polygon"},"properties":{"control":"Signed","id":314,"intersection_kind":"Terminus","movements":[],"osm_node_ids":[13979637065],"type":"intersection"},"type":"Feature"},{"geometry":{"coordinates":[[[105.85045844174648,21.026010043999314],[105.85048248414131,21.0260878101442],[105.85056579623244,21.02606536757151],[105.85054175383763,21.025987601426625],[105.85045844174648,21.026010043999314]]],"type":"Polygon"},"properties":{"control":"Signed","id":315,"intersection_kind":"Terminus","movements":[],"osm_node_ids":[13979637064],"type":"intersection"},"type":"Feature"},{"geometry":{"coordinates":[[[105.85074381439411,21.026226794914937],[105.85082774406861,21.026206452258386],[105.8508059513729,21.02612811144694],[105.85072202169842,21.02614845410349],[105.85074381439411,21.026226794914937]]],"type":"Polygon"},"properties":{"control":"Signed","id":316,"intersection_kind":"Terminus","movements":[],"osm_node_ids":[13979637066],"type":"intersection"},"type":"Feature"},{"geometry":{"coordinates":[[[105.85066558556316,21.025954244685945],[105.85068962795798,21.026032010830832],[105.85077355955943,21.026011669972924],[105.8507327219804,21.02602040148718],[105.85070826914797,21.025942746858185],[105.85066558556316,21.025954244685945]]],"type":"Polygon"},"properties":{"control":"Signed","id":317,"intersection_kind":"Intersection","movements":["Road #371 -> Road #372","Road #371 -> Road #370","Road #372 -> Road #371","Road #372 -> Road #370","Road #370 -> Road #371","Road #370 -> Road #372"],"osm_node_ids":[13979637063],"type":"intersection"},"type":"Feature"}]}