{
  "features": [
    {
      "geometry": {
        "coordinates": [
          [
            [
              105.85028184181057,
              21.026973347927328
            ],
            [
              105.85009711790762,
              21.027467338135214
            ],
            [
              105.85008347326567,
              21.027462891888792
            ],
            [
              105.85026819716862,
              21.02696890168091
            ],
            [
              105.85028184181057,
              21.026973347927328
            ]
          ]
        ],
        "type": "Polygon"
      },
      "properties": {
        "allowed_turns": [],
        "direction": "Back",
        "index": 0,
        "layer": 0,
        "osm_way_ids": [
          11552833
        ],
        "road": 0,
        "speed_limit": "None",
        "type": "Sidewalk",
        "width": 1.5
      },
      "type": "Feature"
    },
    {
      "geometry": {
        "coordinates": [
          [
            [
              105.85030913109449,
              21.02698223862152
            ],
            [
              105.85012440719154,
              21.027476228829407
            ],
            [
              105.85009711790762,
              21.027467338135214
            ],
            [
              105.85028184181057,
              21.026973347927328
            ],
            [
              105.85030913109449,
              21.02698223862152
            ]
          ]
        ],
        "type": "Polygon"
      },
      "properties": {
        "allowed_turns": [],
        "direction": "Fwd",
        "index": 1,
        "layer": 0,
        "osm_way_ids": [
          11552833
        ],
        "road": 0,
        "speed_limit": "None",
        "type": "Driving",
        "width": 3.0
      },
      "type": "Feature"
    },
    {
      "geometry": {
        "coordinates": [
          [
            [
              105.85032277573644,
              21.02698668486794
            ],
            [
              105.85013805183351,
              21.027480675075825
            ],
            [
              105.85012440719154,
              21.027476228829407
            ],
            [
              105.85030913109449,
              21.02698223862152
            ],
            [
              105.85032277573644,
              21.02698668486794
            ]
          ]
        ],
        "type": "Polygon"
      },
      "properties": {
        "allowed_turns": [],
        "direction": "Fwd",
        "index": 2,
        "layer": 0,
        "osm_way_ids": [
          11552833
        ],
        "road": 0,
        "speed_limit": "None",
        "type": "Sidewalk",
        "width": 1.5
      },
      "type": "Feature"
    },
    {
      "geometry": {
        "coordinates": [
          [
            [
              105.85009072143976,
              21.02748444143505
            ],
            [
              105.84997894077917,
              21.027783309413874
            ],
            [
              105.8499652961372,
              21.027778863167455
            ],
            [
              105.8500770767978,
              21.027479995188628
            ],
            [
              105.85009072143976,
              21.02748444143505
            ]
          ]
        ],
        "type": "Polygon"
      },
      "properties": {
        "allowed_turns": [],
        "direction": "Back",
        "index": 0,
        "layer": 0,
        "osm_way_ids": [
          11552833
        ],
        "road": 1,
        "speed_limit": "None",
        "type": "Sidewalk",
        "width": 1.5
      },
      "type": "Feature"
    },
    {
      "geometry": {
        "coordinates": [
          [
            [
              105.85011801072368,
              21.027493333927886
            ],
            [
              105.85000623006307,
              21.027792201906713
            ],
            [
              105.84997894077917,
              21.027783309413874
            ],
            [
              105.85009072143976,
              21.02748444143505
            ],
            [
              105.85011801072368,
              21.027493333927886
            ]
          ]
        ],
        "type": "Polygon"
      },
      "properties": {
        "allowed_turns": [],
        "direction": "Fwd",
        "index": 1,
        "layer": 0,
        "osm_way_ids": [
          11552833
        ],
        "road": 1,
        "speed_limit": "None",
        "type": "Driving",
        "width": 3.0
      },
      "type": "Feature"
    },
    {
      "geometry": {
        "coordinates": [
          [
            [
              105.85013165536563,
              21.027497780174304
            ],
            [
              105.85001987470504,
              21.02779664815313
            ],
            [
              105.85000623006307,
              21.027792201906713
            ],
            [
              105.85011801072368,
              21.027493333927886
            ],
            [
              105.85013165536563,
              21.027497780174304
            ]
          ]
        ],
        "type": "Polygon"
      },
      "properties": {
        "allowed_turns": [],
        "direction": "Fwd",
        "index": 2,
        "layer": 0,
        "osm_way_ids": [
          11552833
        ],
        "road": 1,
        "speed_limit": "None",
        "type": "Sidewalk",
        "width": 1.5
      },
      "type": "Feature"
    },
    {
      "geometry": {
        "coordinates": [
          [
            [
              105.84996277184953,
              21.027825993919087
            ],
            [
              105.84984267741861,
              21.02813986348297
            ],
            [
              105.84982906746151,
              21.028135325505737
            ],
            [
              105.84994916189245,
              21.027821455941858
            ],
            [
              105.84996277184953,
              21.027825993919087
            ]
          ]
        ],
        "type": "Polygon"
      },
      "properties": {
        "allowed_turns": [],
        "direction": "Back",
        "index": 0,
        "layer": 0,
        "osm_way_ids": [
          11552833
        ],
        "road": 2,
        "speed_limit": "None",
        "type": "Sidewalk",
        "width": 1.5
      },
      "type": "Feature"
    },
    {
      "geometry": {
        "coordinates": [
          [
            [
              105.84998999176372,
              21.027835068074904
            ],
            [
              105.84986989733278,
              21.028148937638786
            ],
            [
              105.84984267741861,
              21.02813986348297
            ],
            [
              105.84996277184953,
              21.027825993919087
            ],
            [
              105.84998999176372,
              21.027835068074904
            ]
          ]
        ],
        "type": "Polygon"
      },
      "properties": {
        "allowed_turns": [],
        "direction": "Fwd",
        "index": 1,
        "layer": 0,
        "osm_way_ids": [
          11552833
        ],
        "road": 2,
        "speed_limit": "None",
        "type": "Driving",
        "width": 3.0
      },
      "type": "Feature"
    },
    {
      "geometry": {
        "coordinates": [
          [
            [
              105.8500036017208,
              21.027839606052137
            ],
            [
              105.84988350728987,
              21.028153475616016
            ],
            [
              105.84986989733278,
              21.028148937638786
            ],
            [
              105.84998999176372,
              21.027835068074904
            ],
            [
              105.8500036017208,
              21.027839606052137
            ]
          ]
        ],
        "type": "Polygon"
      },
      "properties": {
        "allowed_turns": [],
        "direction": "Fwd",
        "index": 2,
        "layer": 0,
        "osm_way_ids": [
          11552833
        ],
        "road": 2,
        "speed_limit": "None",
        "type": "Sidewalk",
        "width": 1.5
      },
      "type": "Feature"
    },
    {
      "geometry": {
        "coordinates": [
          [
            [
              105.84982642274028,
              21.02818189867792
            ],
            [
              105.84957551625399,
              21.02882374906227
            ],
            [
              105.84956193905482,
              21.028819124750157
            ],
            [
              105.84981284554112,
              21.02817727436581
            ],
            [
              105.84982642274028,
              21.02818189867792
            ]
          ]
        ],
        "type": "Polygon"
      },
      "properties": {
        "allowed_turns": [],
        "direction": "Back",
        "index": 0,
        "layer": 0,
        "osm_way_ids": [
          11552833
        ],
        "road": 3,
        "speed_limit": "None",
        "type": "Sidewalk",
        "width": 1.5
      },
      "type": "Feature"
    },
    {
      "geometry": {
        "coordinates": [
          [
            [
              105.84985357521165,
              21.02819114730215
            ],
            [
              105.84960266872537,
              21.028832997686496
            ],
            [
              105.84957551625399,
              21.02882374906227
            ],
            [
              105.84982642274028,
              21.02818189867792
            ],
            [
              105.84985357521165,
              21.02819114730215
            ]
          ]
        ],
        "type": "Polygon"
      },
      "properties": {
        "allowed_turns": [],
        "direction": "Fwd",
        "index": 1,
        "layer": 0,
        "osm_way_ids": [
          11552833
        ],
        "road": 3,
        "speed_limit": "None",
        "type": "Driving",
        "width": 3.0
      },
      "type": "Feature"
    },
    {
      "geometry": {
        "coordinates": [
          [
            [
              105.84986715241081,
              21.02819577161426
            ],
            [
              105.84961624592452,
              21.02883762199861
            ],
            [
              105.84960266872537,
              21.028832997686496
            ],
            [
              105.84985357521165,
              21.02819114730215
            ],
            [
              105.84986715241081,
              21.02819577161426
            ]
          ]
        ],
        "type": "Polygon"
      },
      "properties": {
        "allowed_turns": [],
        "direction": "Fwd",
        "index": 2,
        "layer": 0,
        "osm_way_ids": [
          11552833
        ],
        "road": 3,
        "speed_limit": "None",
        "type": "Sidewalk",
        "width": 1.5
      },
      "type": "Feature"
    },
    {
      "geometry": {
        "coordinates": [
          [
            [
              105.8488210741133,
              21.03053473465139
            ],
            [
              105.8477675636192,
              21.02998667452574
            ],
            [
              105.84777459886674,
              21.029974891613
            ],
            [
              105.84882810936084,
              21.03052295173865
            ],
            [
              105.8488210741133,
              21.03053473465139
            ]
          ]
        ],
        "type": "Polygon"
      },
      "properties": {
        "allowed_turns": [],
        "direction": "Back",
        "index": 0,
        "layer": 0,
        "osm_way_ids": [
          11552836
        ],
        "road": 4,
        "speed_limit": "None",
        "type": "Sidewalk",
        "width": 1.5
      },
      "type": "Feature"
    },
    {
      "geometry": {
        "coordinates": [
          [
            [
              105.84880700265477,
              21.03055830137619
            ],
            [
              105.84775349216066,
              21.030010241250537
            ],
            [
              105.84776756265573,
              21.02998667542506
            ],
            [
              105.84882107314984,
              21.03053473555071
            ],
            [
              105.84880700265477,
              21.03055830137619
            ]
          ]
        ],
        "type": "Polygon"
      },
      "properties": {
        "allowed_turns": [],
        "direction": "Fwd",
        "index": 1,
        "layer": 0,
        "osm_way_ids": [
          11552836
        ],
        "road": 4,
        "speed_limit": "None",
        "type": "Driving",
        "width": 3.0
      },
      "type": "Feature"
    },
    {
      "geometry": {
        "coordinates": [
          [
            [
              105.84879996644376,
              21.03057008518825
            ],
            [
              105.84774645594966,
              21.030022025062596
            ],
            [
              105.8477534911972,
              21.03001024214986
            ],
            [
              105.8488070016913,
              21.03055830227551
            ],
            [
              105.84879996644376,
              21.03057008518825
            ]
          ]
        ],
        "type": "Polygon"
      },
      "properties": {
        "allowed_turns": [],
        "direction": "Fwd",
        "index": 2,
        "layer": 0,
        "osm_way_ids": [
          11552836
        ],
        "road": 4,
        "speed_limit": "None",
        "type": "Sidewalk",
        "width": 1.5
      },
      "type": "Feature"
    },
    {
      "geometry": {
        "coordinates": [
          [
            [
              105.85157805485605,
              21.025959399597856
            ],
            [
              105.85056875889832,
              21.026248604365158
            ],
            [
              105.85056027652098,
              21.026222811819185
            ],
            [
              105.85156957247871,
              21.025933607051883
            ],
            [
              105.85157805485605,
              21.025959399597856
            ]
          ]
        ],
        "type": "Polygon"
      },
      "properties": {
        "allowed_turns": [],
        "direction": "Fwd",
        "index": 0,
        "layer": 0,
        "osm_way_ids": [
          11706198
        ],
        "road": 5,
        "speed_limit": "None",
        "type": "Driving",
        "width": 3.0
      },
      "type": "Feature"
    },
    {
      "geometry": {
        "coordinates": [
          [
            [
              105.85158653723337,
              21.025985191244505
            ],
            [
              105.85057724127564,
              21.026274396011807
            ],
            [
              105.85056875889832,
              21.026248603465838
            ],
            [
              105.85157805485605,
              21.025959398698532
            ],
            [
              105.85158653723337,
              21.025985191244505
            ]
          ]
        ],
        "type": "Polygon"
      },
      "properties": {
        "allowed_turns": [],
        "direction": "Fwd",
        "index": 1,
        "layer": 0,
        "osm_way_ids": [
          11706198
        ],
        "road": 5,
        "speed_limit": "None",
        "type": "Driving",
        "width": 3.0
      },
      "type": "Feature"
    },
    {
      "geometry": {
        "coordinates": [
          [
            [
              105.85159501961071,
              21.026010982891155
            ],
            [
              105.85058572365298,
              21.02630018765846
            ],
            [
              105.85057724127564,
              21.026274395112488
            ],
            [
              105.85158653723337,
              21.02598519034518
            ],
            [
              105.85159501961071,
              21.026010982891155
            ]
          ]
        ],
        "type": "Polygon"
      },
      "properties": {
        "allowed_turns": [],
        "direction": "Fwd",
        "index": 2,
        "layer": 0,
        "osm_way_ids": [
          11706198
        ],
        "road": 5,
        "speed_limit": "None",
        "type": "Driving",
        "width": 3.0
      },
      "type": "Feature"
    },
    {
      "geometry": {
        "coordinates": [
          [
            [
              105.85159926079938,
              21.026023879164143
            ],
            [
              105.85058996484165,
              21.026313083931445
            ],
            [
              105.85058572365298,
              21.02630018765846
            ],
            [
              105.85159501961071,
              21.026010982891155
            ],
            [
              105.85159926079938,
              21.026023879164143
            ]
          ]
        ],
        "type": "Polygon"
      },
      "properties": {
        "allowed_turns": [],
        "direction": "Fwd",
        "index": 3,
        "layer": 0,
        "osm_way_ids": [
          11706198
        ],
        "road": 5,
        "speed_limit": "None",
        "type": "Sidewalk",
        "width": 1.5
      },
      "type": "Feature"
    },
    {
      "geometry": {
        "coordinates": [
          [
            [
              105.850492932958,
              21.026270084663643
            ],
            [
              105.85013573276464,
              21.026371281735752
            ],
            [
              105.85012733902641,
              21.026345465807417
            ],
            [
              105.85048453921978,
              21.026244268735308
            ],
            [
              105.850492932958,
              21.026270084663643
            ]
          ]
        ],
        "type": "Polygon"
      },
      "properties": {
        "allowed_turns": [],
        "direction": "Fwd",
        "index": 0,
        "layer": 0,
        "osm_way_ids": [
          11706198
        ],
        "road": 6,
        "speed_limit": "None",
        "type": "Driving",
        "width": 3.0
      },
      "type": "Feature"
    },
    {
      "geometry": {
        "coordinates": [
          [
            [
              105.8505013276597,
              21.026295901491302
            ],
            [
              105.85014412746634,
              21.02639709856341
            ],
            [
              105.85013573372811,
              21.026371282635072
            ],
            [
              105.85049293392147,
              21.026270085562967
            ],
            [
              105.8505013276597,
              21.026295901491302
            ]
          ]
        ],
        "type": "Polygon"
      },
      "properties": {
        "allowed_turns": [],
        "direction": "Fwd",
        "index": 1,
        "layer": 0,
        "osm_way_ids": [
          11706198
        ],
        "road": 6,
        "speed_limit": "None",
        "type": "Driving",
        "width": 3.0
      },
      "type": "Feature"
    },
    {
      "geometry": {
        "coordinates": [
          [
            [
              105.85050972236138,
              21.026321718318957
            ],
            [
              105.85015252216803,
              21.026422915391066
            ],
            [
              105.8501441284298,
              21.02639709946273
            ],
            [
              105.85050132862317,
              21.026295902390622
            ],
            [
              105.85050972236138,
              21.026321718318957
            ]
          ]
        ],
        "type": "Polygon"
      },
      "properties": {
        "allowed_turns": [],
        "direction": "Fwd",
        "index": 2,
        "layer": 0,
        "osm_way_ids": [
          11706198
        ],
        "road": 6,
        "speed_limit": "None",
        "type": "Driving",
        "width": 3.0
      },
      "type": "Feature"
    },
    {
      "geometry": {
        "coordinates": [
          [
            [
              105.8505139192305,
              21.02633462718245
            ],
            [
              105.85015671903714,
              21.026435824254555
            ],
            [
              105.85015252216803,
              21.026422915391066
            ],
            [
              105.85050972236138,
              21.026321718318957
            ],
            [
              105.8505139192305,
              21.02633462718245
            ]
          ]
        ],
        "type": "Polygon"
      },
      "properties": {
        "allowed_turns": [],
        "direction": "Fwd",
        "index": 3,
        "layer": 0,
        "osm_way_ids": [
          11706198
        ],
        "road": 6,
        "speed_limit": "None",
        "type": "Sidewalk",
        "width": 1.5
      },
      "type": "Feature"
    },
    {
      "geometry": {
        "coordinates": [
          [
            [
              105.85320085773478,
              21.025448574987315
            ],
            [
              105.85302734764258,
              21.025509094840217
            ],
            [
              105.85232168495239,
              21.02571929869396
            ],
            [
              105.85231729153568,
              21.02570644738706
            ],
            [
              105.85302260352331,
              21.02549634785463
            ],
            [
              105.85319579952476,
              21.025435937718978
            ],
            [
              105.85320085773478,
              21.025448574987315
            ]
          ]
        ],
        "type": "Polygon"
      },
      "properties": {
        "allowed_turns": [],
        "direction": "Back",
        "index": 0,
        "layer": 0,
        "osm_way_ids": [
          27933445
        ],
        "road": 7,
        "speed_limit": "None",
        "type": "Sidewalk",
        "width": 1.5
      },
      "type": "Feature"
    },
    {
      "geometry": {
        "coordinates": [
          [
            [
              105.85321097511829,
              21.025473847725355
            ],
            [
              105.85303680023277,
              21.02553459960325
            ],
            [
              105.85233047274926,
              21.025745001307765
            ],
            [
              105.85232168591585,
              21.02571929869396
            ],
            [
              105.85302733511749,
              21.025509098437503
            ],
            [
              105.85320085677131,
              21.025448574987315
            ],
            [
              105.85321097511829,
              21.025473847725355
            ]
          ]
        ],
        "type": "Polygon"
      },
      "properties": {
        "allowed_turns": [],
        "direction": "Back",
        "index": 1,
        "layer": 0,
        "osm_way_ids": [
          27933445
        ],
        "road": 7,
        "speed_limit": "None",
        "type": "Driving",
        "width": 3.0
      },
      "type": "Feature"
    },
    {
      "geometry": {
        "coordinates": [
          [
            [
              105.85322109346527,
              21.02549912046339
            ],
            [
              105.85304626534806,
              21.025560100768995
            ],
            [
              105.85233925958266,
              21.02577070392157
            ],
            [
              105.85233047274926,
              21.025745001307765
            ],
            [
              105.85303680023277,
              21.02553459960325
            ],
            [
              105.85321097511829,
              21.025473847725355
            ],
            [
              105.85322109346527,
              21.02549912046339
            ]
          ]
        ],
        "type": "Polygon"
      },
      "properties": {
        "allowed_turns": [],
        "direction": "Fwd",
        "index": 2,
        "layer": 0,
        "osm_way_ids": [
          27933445
        ],
        "road": 7,
        "speed_limit": "None",
        "type": "Driving",
        "width": 3.0
      },
      "type": "Feature"
    },
    {
      "geometry": {
        "coordinates": [
          [
            [
              105.8532261507118,
              21.02551175773173
            ],
            [
              105.85305099694223,
              21.025572851351868
            ],
            [
              105.85234365396283,
              21.025783555228468
            ],
            [
              105.85233926054613,
              21.02577070392157
            ],
            [
              105.85304625282296,
              21.02556010436628
            ],
            [
              105.8532210925018,
              21.02549912046339
            ],
            [
              105.8532261507118,
              21.02551175773173
            ]
          ]
        ],
        "type": "Polygon"
      },
      "properties": {
        "allowed_turns": [],
        "direction": "Fwd",
        "index": 3,
        "layer": 0,
        "osm_way_ids": [
          27933445
        ],
        "road": 7,
        "speed_limit": "None",
        "type": "Sidewalk",
        "width": 1.5
      },
      "type": "Feature"
    },
    {
      "geometry": {
        "coordinates": [
          [
            [
              105.85227590670651,
              21.02573315544251
            ],
            [
              105.85170744097792,
              21.025907458374522
            ],
            [
              105.85170293001805,
              21.025894643040488
            ],
            [
              105.85227139574664,
              21.025720340108474
            ],
            [
              105.85227590670651,
              21.02573315544251
            ]
          ]
        ],
        "type": "Polygon"
      },
      "properties": {
        "allowed_turns": [],
        "direction": "Back",
        "index": 0,
        "layer": 0,
        "osm_way_ids": [
          27933445
        ],
        "road": 8,
        "speed_limit": "None",
        "type": "Sidewalk",
        "width": 1.5
      },
      "type": "Feature"
    },
    {
      "geometry": {
        "coordinates": [
          [
            [
              105.85228492669931,
              21.025758787909222
            ],
            [
              105.8517164609707,
              21.025933090841235
            ],
            [
              105.85170744097792,
              21.025907458374522
            ],
            [
              105.85227590670651,
              21.02573315544251
            ],
            [
              105.85228492669931,
              21.025758787909222
            ]
          ]
        ],
        "type": "Polygon"
      },
      "properties": {
        "allowed_turns": [],
        "direction": "Back",
        "index": 1,
        "layer": 0,
        "osm_way_ids": [
          27933445
        ],
        "road": 8,
        "speed_limit": "None",
        "type": "Driving",
        "width": 3.0
      },
      "type": "Feature"
    },
    {
      "geometry": {
        "coordinates": [
          [
            [
              105.85229394669211,
              21.02578442037593
            ],
            [
              105.85172548096351,
              21.025958723307944
            ],
            [
              105.8517164609707,
              21.025933090841235
            ],
            [
              105.85228492669931,
              21.025758787909222
            ],
            [
              105.85229394669211,
              21.02578442037593
            ]
          ]
        ],
        "type": "Polygon"
      },
      "properties": {
        "allowed_turns": [],
        "direction": "Fwd",
        "index": 2,
        "layer": 0,
        "osm_way_ids": [
          27933445
        ],
        "road": 8,
        "speed_limit": "None",
        "type": "Driving",
        "width": 3.0
      },
      "type": "Feature"
    },
    {
      "geometry": {
        "coordinates": [
          [
            [
              105.85229845765197,
              21.025797235709966
            ],
            [
              105.85172999192338,
              21.02597153864198
            ],
            [
              105.85172548096351,
              21.025958723307944
            ],
            [
              105.85229394669211,
              21.02578442037593
            ],
            [
              105.85229845765197,
              21.025797235709966
            ]
          ]
        ],
        "type": "Polygon"
      },
      "properties": {
        "allowed_turns": [],
        "direction": "Fwd",
        "index": 3,
        "layer": 0,
        "osm_way_ids": [
          27933445
        ],
        "road": 8,
        "speed_limit": "None",
        "type": "Sidewalk",
        "width": 1.5
      },
      "type": "Feature"
    },
    {
      "geometry": {
        "coordinates": [
          [
            [
              105.85063476034958,
              21.029172800989855
            ],
            [
              105.85070529781089,
              21.02901978770013
            ],
            [
              105.85071857248091,
              21.029025118879087
            ],
            [
              105.8506480350196,
              21.029178132168813
            ],
            [
              105.85063476034958,
              21.029172800989855
            ]
          ]
        ],
        "type": "Polygon"
      },
      "properties": {
        "allowed_turns": [],
        "direction": "Back",
        "index": 0,
        "layer": 0,
        "osm_way_ids": [
          28102089
        ],
        "road": 9,
        "speed_limit": "None",
        "type": "Sidewalk",
        "width": 1.5
      },
      "type": "Feature"
    },
    {
      "geometry": {
        "coordinates": [
          [
            [
              105.85060821004606,
              21.029162136833293
            ],
            [
              105.85067874750736,
              21.029009123543567
            ],
            [
              105.85070529877436,
              21.02901978770013
            ],
            [
              105.85063476131305,
              21.029172800989855
            ],
            [
              105.85060821004606,
              21.029162136833293
            ]
          ]
        ],
        "type": "Polygon"
      },
      "properties": {
        "allowed_turns": [],
        "direction": "Fwd",
        "index": 1,
        "layer": 0,
        "osm_way_ids": [
          28102089
        ],
        "road": 9,
        "speed_limit": "None",
        "type": "Driving",
        "width": 3.0
      },
      "type": "Feature"
    },
    {
      "geometry": {
        "coordinates": [
          [
            [
              105.85058165877906,
              21.029151472676734
            ],
            [
              105.85065219624038,
              21.028998459387008
            ],
            [
              105.85067874750736,
              21.029009123543567
            ],
            [
              105.85060821004606,
              21.029162136833293
            ],
            [
              105.85058165877906,
              21.029151472676734
            ]
          ]
        ],
        "type": "Polygon"
      },
      "properties": {
        "allowed_turns": [],
        "direction": "Fwd",
        "index": 2,
        "layer": 0,
        "osm_way_ids": [
          28102089
        ],
        "road": 9,
        "speed_limit": "None",
        "type": "Driving",
        "width": 3.0
      },
      "type": "Feature"
    },
    {
      "geometry": {
        "coordinates": [
          [
            [
              105.8505683850725,
              21.029146141497776
            ],
            [
              105.85063892253382,
              21.02899312820805
            ],
            [
              105.85065219720384,
              21.028998459387008
            ],
            [
              105.85058165974253,
              21.029151472676734
            ],
            [
              105.8505683850725,
              21.029146141497776
            ]
          ]
        ],
        "type": "Polygon"
      },
      "properties": {
        "allowed_turns": [],
        "direction": "Fwd",
        "index": 3,
        "layer": 0,
        "osm_way_ids": [
          28102089
        ],
        "road": 9,
        "speed_limit": "None",
        "type": "Sidewalk",
        "width": 1.5
      },
      "type": "Feature"
    },
    {
      "geometry": {
        "coordinates": [
          [
            [
              105.8507129159569,
              21.02900326446278
            ],
            [
              105.85074778773851,
              21.028927642300797
            ],
            [
              105.85076106240854,
              21.028932975278398
            ],
            [
              105.85072619062693,
              21.02900859744038
            ],
            [
              105.8507129159569,
              21.02900326446278
            ]
          ]
        ],
        "type": "Polygon"
      },
      "properties": {
        "allowed_turns": [],
        "direction": "Back",
        "index": 0,
        "layer": 0,
        "osm_way_ids": [
          28102089
        ],
        "road": 10,
        "speed_limit": "None",
        "type": "Sidewalk",
        "width": 1.5
      },
      "type": "Feature"
    },
    {
      "geometry": {
        "coordinates": [
          [
            [
              105.85068636661686,
              21.028992597608255
            ],
            [
              105.85072123839846,
              21.028916975446272
            ],
            [
              105.85074778773851,
              21.028927641401474
            ],
            [
              105.8507129159569,
              21.029003263563457
            ],
            [
              105.85068636661686,
              21.028992597608255
            ]
          ]
        ],
        "type": "Polygon"
      },
      "properties": {
        "allowed_turns": [],
        "direction": "Fwd",
        "index": 1,
        "layer": 0,
        "osm_way_ids": [
          28102089
        ],
        "road": 10,
        "speed_limit": "None",
        "type": "Driving",
        "width": 3.0
      },
      "type": "Feature"
    },
    {
      "geometry": {
        "coordinates": [
          [
            [
              105.8506598172768,
              21.02898193165305
            ],
            [
              105.8506946890584,
              21.028906309491067
            ],
            [
              105.85072123839846,
              21.028916975446272
            ],
            [
              105.85068636661686,
              21.028992597608255
            ],
            [
              105.8506598172768,
              21.02898193165305
            ]
          ]
        ],
        "type": "Polygon"
      },
      "properties": {
        "allowed_turns": [],
        "direction": "Fwd",
        "index": 2,
        "layer": 0,
        "osm_way_ids": [
          28102089
        ],
        "road": 10,
        "speed_limit": "None",
        "type": "Driving",
        "width": 3.0
      },
      "type": "Feature"
    },
    {
      "geometry": {
        "coordinates": [
          [
            [
              105.85064654260678,
              21.02897659777613
            ],
            [
              105.85068141438838,
              21.028900975614143
            ],
            [
              105.8506946890584,
              21.028906308591747
            ],
            [
              105.8506598172768,
              21.02898193075373
            ],
            [
              105.85064654260678,
              21.02897659777613
            ]
          ]
        ],
        "type": "Polygon"
      },
      "properties": {
        "allowed_turns": [],
        "direction": "Fwd",
        "index": 3,
        "layer": 0,
        "osm_way_ids": [
          28102089
        ],
        "road": 10,
        "speed_limit": "None",
        "type": "Sidewalk",
        "width": 1.5
      },
      "type": "Feature"
    },
    {
      "geometry": {
        "coordinates": [
          [
            [
              105.85075516790779,
              21.028911273746775
            ],
            [
              105.85104113405205,
              21.02826090228945
            ],
            [
              105.85113370507621,
              21.02802637538137
            ],
            [
              105.85114726685987,
              21.028031039263634
            ],
            [
              105.85105461683129,
              21.02826576582113
            ],
            [
              105.85076853699773,
              21.028916396283105
            ],
            [
              105.85075516790779,
              21.028911273746775
            ]
          ]
        ],
        "type": "Polygon"
      },
      "properties": {
        "allowed_turns": [],
        "direction": "Back",
        "index": 0,
        "layer": 0,
        "osm_way_ids": [
          28102089
        ],
        "road": 11,
        "speed_limit": "None",
        "type": "Sidewalk",
        "width": 1.5
      },
      "type": "Feature"
    },
    {
      "geometry": {
        "coordinates": [
          [
            [
              105.85072842780096,
              21.028901030472767
            ],
            [
              105.85101420028805,
              21.028251099683064
            ],
            [
              105.85110658343582,
              21.02801704851616
            ],
            [
              105.85113370507621,
              21.028026376280692
            ],
            [
              105.85104113694247,
              21.028260895094874
            ],
            [
              105.85075516790779,
              21.028911273746775
            ],
            [
              105.85072842780096,
              21.028901030472767
            ]
          ]
        ],
        "type": "Polygon"
      },
      "properties": {
        "allowed_turns": [],
        "direction": "Fwd",
        "index": 1,
        "layer": 0,
        "osm_way_ids": [
          28102089
        ],
        "road": 11,
        "speed_limit": "None",
        "type": "Driving",
        "width": 3.0
      },
      "type": "Feature"
    },
    {
      "geometry": {
        "coordinates": [
          [
            [
              105.85070168769414,
              21.028890787198755
            ],
            [
              105.85098726363363,
              21.028241304271255
            ],
            [
              105.85107946179544,
              21.028007720751624
            ],
            [
              105.85110658343582,
              21.02801704851616
            ],
            [
              105.85101420028805,
              21.028251099683064
            ],
            [
              105.85072842780096,
              21.028901030472767
            ],
            [
              105.85070168769414,
              21.028890787198755
            ]
          ]
        ],
        "type": "Polygon"
      },
      "properties": {
        "allowed_turns": [],
        "direction": "Fwd",
        "index": 2,
        "layer": 0,
        "osm_way_ids": [
          28102089
        ],
        "road": 11,
        "speed_limit": "None",
        "type": "Driving",
        "width": 3.0
      },
      "type": "Feature"
    },
    {
      "geometry": {
        "coordinates": [
          [
            [
              105.85068831860418,
              21.02888566466243
            ],
            [
              105.85097378374479,
              21.028236433545
            ],
            [
              105.85106590001178,
              21.02800305776868
            ],
            [
              105.85107946179544,
              21.028007721650944
            ],
            [
              105.85098726652403,
              21.02824129707668
            ],
            [
              105.85070168769414,
              21.028890787198755
            ],
            [
              105.85068831860418,
              21.02888566466243
            ]
          ]
        ],
        "type": "Polygon"
      },
      "properties": {
        "allowed_turns": [],
        "direction": "Fwd",
        "index": 3,
        "layer": 0,
        "osm_way_ids": [
          28102089
        ],
        "road": 11,
        "speed_limit": "None",
        "type": "Sidewalk",
        "width": 1.5
      },
      "type": "Feature"
    },
    {
      "geometry": {
        "coordinates": [
          [
            [
              105.84940546694091,
              21.0291913809759
            ],
            [
              105.84916565672219,
              21.02972886777648
            ],
            [
              105.84915231460937,
              21.029723682287635
            ],
            [
              105.84939212482809,
              21.029186195487053
            ],
            [
              105.84940546694091,
              21.0291913809759
            ]
          ]
        ],
        "type": "Polygon"
      },
      "properties": {
        "allowed_turns": [],
        "direction": "Back",
        "index": 0,
        "layer": 0,
        "osm_way_ids": [
          28102094
        ],
        "road": 12,
        "speed_limit": "None",
        "type": "Sidewalk",
        "width": 1.5
      },
      "type": "Feature"
    },
    {
      "geometry": {
        "coordinates": [
          [
            [
              105.84943214923963,
              21.029201753752233
            ],
            [
              105.84919233902092,
              21.029739240552814
            ],
            [
              105.84916565672219,
              21.02972886777648
            ],
            [
              105.84940546694091,
              21.0291913809759
            ],
            [
              105.84943214923963,
              21.029201753752233
            ]
          ]
        ],
        "type": "Polygon"
      },
      "properties": {
        "allowed_turns": [],
        "direction": "Fwd",
        "index": 1,
        "layer": 0,
        "osm_way_ids": [
          28102094
        ],
        "road": 12,
        "speed_limit": "None",
        "type": "Driving",
        "width": 3.0
      },
      "type": "Feature"
    },
    {
      "geometry": {
        "coordinates": [
          [
            [
              105.84945883153834,
              21.029212126528567
            ],
            [
              105.84921902131963,
              21.029749613329148
            ],
            [
              105.84919233902092,
              21.029739240552814
            ],
            [
              105.84943214923963,
              21.029201753752233
            ],
            [
              105.84945883153834,
              21.029212126528567
            ]
          ]
        ],
        "type": "Polygon"
      },
      "properties": {
        "allowed_turns": [],
        "direction": "Fwd",
        "index": 2,
        "layer": 0,
        "osm_way_ids": [
          28102094
        ],
        "road": 12,
        "speed_limit": "None",
        "type": "Driving",
        "width": 3.0
      },
      "type": "Feature"
    },
    {
      "geometry": {
        "coordinates": [
          [
            [
              105.84947217365117,
              21.029217312017412
            ],
            [
              105.84923236343245,
              21.029754798817994
            ],
            [
              105.84921902131963,
              21.029749613329148
            ],
            [
              105.84945883153834,
              21.029212126528567
            ],
            [
              105.84947217365117,
              21.029217312017412
            ]
          ]
        ],
        "type": "Polygon"
      },
      "properties": {
        "allowed_turns": [],
        "direction": "Fwd",
        "index": 3,
        "layer": 0,
        "osm_way_ids": [
          28102094
        ],
        "road": 12,
        "speed_limit": "None",
        "type": "Sidewalk",
        "width": 1.5
      },
      "type": "Feature"
    },
    {
      "geometry": {
        "coordinates": [
          [
            [
              105.84913368112713,
              21.02980386401057
            ],
            [
              105.84884163356922,
              21.030527704653764
            ],
            [
              105.84882810839737,
              21.03052295083933
            ],
            [
              105.84912015595528,
              21.029799110196134
            ],
            [
              105.84913368112713,
              21.02980386401057
            ]
          ]
        ],
        "type": "Polygon"
      },
      "properties": {
        "allowed_turns": [],
        "direction": "Back",
        "index": 0,
        "layer": 0,
        "osm_way_ids": [
          28102094
        ],
        "road": 13,
        "speed_limit": "None",
        "type": "Sidewalk",
        "width": 1.5
      },
      "type": "Feature"
    },
    {
      "geometry": {
        "coordinates": [
          [
            [
              105.84916073050738,
              21.029813373438085
            ],
            [
              105.84886868294946,
              21.030537214081278
            ],
            [
              105.84884163260575,
              21.030527704653764
            ],
            [
              105.84913368016366,
              21.02980386401057
            ],
            [
              105.84916073050738,
              21.029813373438085
            ]
          ]
        ],
        "type": "Polygon"
      },
      "properties": {
        "allowed_turns": [],
        "direction": "Fwd",
        "index": 1,
        "layer": 0,
        "osm_way_ids": [
          28102094
        ],
        "road": 13,
        "speed_limit": "None",
        "type": "Driving",
        "width": 3.0
      },
      "type": "Feature"
    },
    {
      "geometry": {
        "coordinates": [
          [
            [
              105.84918778085108,
              21.0298228828656
            ],
            [
              105.84889573329318,
              21.030546723508795
            ],
            [
              105.84886868294946,
              21.030537214081278
            ],
            [
              105.84916073050738,
              21.029813373438085
            ],
            [
              105.84918778085108,
              21.0298228828656
            ]
          ]
        ],
        "type": "Polygon"
      },
      "properties": {
        "allowed_turns": [],
        "direction": "Fwd",
        "index": 2,
        "layer": 0,
        "osm_way_ids": [
          28102094
        ],
        "road": 13,
        "speed_limit": "None",
        "type": "Driving",
        "width": 3.0
      },
      "type": "Feature"
    },
    {
      "geometry": {
        "coordinates": [
          [
            [
              105.84920130505947,
              21.029827636680036
            ],
            [
              105.84890925750156,
              21.03055147732323
            ],
            [
              105.84889573232971,
              21.030546723508795
            ],
            [
              105.84918777988761,
              21.0298228828656
            ],
            [
              105.84920130505947,
              21.029827636680036
            ]
          ]
        ],
        "type": "Polygon"
      },
      "properties": {
        "allowed_turns": [],
        "direction": "Fwd",
        "index": 3,
        "layer": 0,
        "osm_way_ids": [
          28102094
        ],
        "road": 13,
        "speed_limit": "None",
        "type": "Sidewalk",
        "width": 1.5
      },
      "type": "Feature"
    },
    {
      "geometry": {
        "coordinates": [
          [
            [
              105.84882087756571,
              21.030578775333705
            ],
            [
              105.8486583712481,
              21.030974166609834
            ],
            [
              105.8486448788342,
              21.030969335453733
            ],
            [
              105.84880738515179,
              21.030573944177604
            ],
            [
              105.84882087756571,
              21.030578775333705
            ]
          ]
        ],
        "type": "Polygon"
      },
      "properties": {
        "allowed_turns": [],
        "direction": "Back",
        "index": 0,
        "layer": 0,
        "osm_way_ids": [
          28102094
        ],
        "road": 14,
        "speed_limit": "None",
        "type": "Sidewalk",
        "width": 1.5
      },
      "type": "Feature"
    },
    {
      "geometry": {
        "coordinates": [
          [
            [
              105.84884786432049,
              21.03058843944455
            ],
            [
              105.8486853580029,
              21.03098383072068
            ],
            [
              105.8486583712481,
              21.030974166609834
            ],
            [
              105.84882087756571,
              21.030578775333705
            ],
            [
              105.84884786432049,
              21.03058843944455
            ]
          ]
        ],
        "type": "Polygon"
      },
      "properties": {
        "allowed_turns": [],
        "direction": "Fwd",
        "index": 1,
        "layer": 0,
        "osm_way_ids": [
          28102094
        ],
        "road": 14,
        "speed_limit": "None",
        "type": "Driving",
        "width": 3.0
      },
      "type": "Feature"
    },
    {
      "geometry": {
        "coordinates": [
          [
            [
              105.84887485107528,
              21.030598103555395
            ],
            [
              105.84871234475769,
              21.030993494831524
            ],
            [
              105.8486853580029,
              21.03098383072068
            ],
            [
              105.84884786432049,
              21.03058843944455
            ],
            [
              105.84887485107528,
              21.030598103555395
            ]
          ]
        ],
        "type": "Polygon"
      },
      "properties": {
        "allowed_turns": [],
        "direction": "Fwd",
        "index": 2,
        "layer": 0,
        "osm_way_ids": [
          28102094
        ],
        "road": 14,
        "speed_limit": "None",
        "type": "Driving",
        "width": 3.0
      },
      "type": "Feature"
    },
    {
      "geometry": {
        "coordinates": [
          [
            [
              105.84888834348921,
              21.030602934711496
            ],
            [
              105.8487258371716,
              21.030998325987625
            ],
            [
              105.84871234475769,
              21.030993494831524
            ],
            [
              105.84887485107528,
              21.030598103555395
            ],
            [
              105.84888834348921,
              21.030602934711496
            ]
          ]
        ],
        "type": "Polygon"
      },
      "properties": {
        "allowed_turns": [],
        "direction": "Fwd",
        "index": 3,
        "layer": 0,
        "osm_way_ids": [
          28102094
        ],
        "road": 14,
        "speed_limit": "None",
        "type": "Sidewalk",
        "width": 1.5
      },
      "type": "Feature"
    },
    {
      "geometry": {
        "coordinates": [
          [
            [
              105.85576638281965,
              21.027011125733416
            ],
            [
              105.85564295767786,
              21.027024931220627
            ],
            [
              105.85363182300917,
              21.02730724178788
            ],
            [
              105.85362967447425,
              21.027293901249983
            ],
            [
              105.8556410153252,
              21.027011561904434
            ],
            [
              105.8557646639917,
              21.026997731236214
            ],
            [
              105.85576638281965,
              21.027011125733416
            ]
          ]
        ],
        "type": "Polygon"
      },
      "properties": {
        "allowed_turns": [],
        "direction": "Back",
        "index": 0,
        "layer": 0,
        "osm_way_ids": [
          28187498
        ],
        "road": 15,
        "speed_limit": "None",
        "type": "Sidewalk",
        "width": 1.5
      },
      "type": "Feature"
    },
    {
      "geometry": {
        "coordinates": [
          [
            [
              105.85576982240246,
              21.027037912929174
            ],
            [
              105.85564684238315,
              21.02705166805437
            ],
            [
              105.85363612200595,
              21.027333921065036
            ],
            [
              105.85363182300917,
              21.02730724178788
            ],
            [
              105.85564295767786,
              21.027024931220627
            ],
            [
              105.85576638281965,
              21.027011125733416
            ],
            [
              105.85576982240246,
              21.027037912929174
            ]
          ]
        ],
        "type": "Polygon"
      },
      "properties": {
        "allowed_turns": [],
        "direction": "Fwd",
        "index": 1,
        "layer": 0,
        "osm_way_ids": [
          28187498
        ],
        "road": 15,
        "speed_limit": "None",
        "type": "Driving",
        "width": 3.0
      },
      "type": "Feature"
    },
    {
      "geometry": {
        "coordinates": [
          [
            [
              105.8557715412304,
              21.027051307426376
            ],
            [
              105.85564878473579,
              21.027065037370566
            ],
            [
              105.85363827054087,
              21.027347261602937
            ],
            [
              105.85363612200595,
              21.027333921065036
            ],
            [
              105.85564684238315,
              21.02705166805437
            ],
            [
              105.85576982240246,
              21.027037912929174
            ],
            [
              105.8557715412304,
              21.027051307426376
            ]
          ]
        ],
        "type": "Polygon"
      },
      "properties": {
        "allowed_turns": [],
        "direction": "Fwd",
        "index": 2,
        "layer": 0,
        "osm_way_ids": [
          28187498
        ],
        "road": 15,
        "speed_limit": "None",
        "type": "Sidewalk",
        "width": 1.5
      },
      "type": "Feature"
    },
    {
      "geometry": {
        "coordinates": [
          [
            [
              105.85343556349699,
              21.026080521141928
            ],
            [
              105.85524046386332,
              21.02546192451843
            ],
            [
              105.85524544499586,
              21.025474586967782
            ],
            [
              105.85344054462952,
              21.02609318359128
            ],
            [
              105.85343556349699,
              21.026080521141928
            ]
          ]
        ],
        "type": "Polygon"
      },
      "properties": {
        "allowed_turns": [],
        "direction": "Back",
        "index": 0,
        "layer": 0,
        "osm_way_ids": [
          28187501
        ],
        "road": 16,
        "speed_limit": "None",
        "type": "Sidewalk",
        "width": 1.5
      },
      "type": "Feature"
    },
    {
      "geometry": {
        "coordinates": [
          [
            [
              105.85342560123192,
              21.02605519444459
            ],
            [
              105.85523050159826,
              21.025436597821095
            ],
            [
              105.85524046386332,
              21.02546192451843
            ],
            [
              105.85343556349699,
              21.026080521141928
            ],
            [
              105.85342560123192,
              21.02605519444459
            ]
          ]
        ],
        "type": "Polygon"
      },
      "properties": {
        "allowed_turns": [],
        "direction": "Back",
        "index": 1,
        "layer": 0,
        "osm_way_ids": [
          28187501
        ],
        "road": 16,
        "speed_limit": "None",
        "type": "Driving",
        "width": 3.0
      },
      "type": "Feature"
    },
    {
      "geometry": {
        "coordinates": [
          [
            [
              105.85341563896685,
              21.02602986774725
            ],
            [
              105.85522053933319,
              21.025411271123755
            ],
            [
              105.85523050159826,
              21.025436597821095
            ],
            [
              105.85342560123192,
              21.02605519444459
            ],
            [
              105.85341563896685,
              21.02602986774725
            ]
          ]
        ],
        "type": "Polygon"
      },
      "properties": {
        "allowed_turns": [],
        "direction": "Fwd",
        "index": 2,
        "layer": 0,
        "osm_way_ids": [
          28187501
        ],
        "road": 16,
        "speed_limit": "None",
        "type": "Driving",
        "width": 3.0
      },
      "type": "Feature"
    },
    {
      "geometry": {
        "coordinates": [
          [
            [
              105.85341065783432,
              21.026017205297904
            ],
            [
              105.85521555820065,
              21.025398608674408
            ],
            [
              105.85522053933319,
              21.025411271123755
            ],
            [
              105.85341563896685,
              21.02602986774725
            ],
            [
              105.85341065783432,
              21.026017205297904
            ]
          ]
        ],
        "type": "Polygon"
      },
      "properties": {
        "allowed_turns": [],
        "direction": "Fwd",
        "index": 3,
        "layer": 0,
        "osm_way_ids": [
          28187501
        ],
        "road": 16,
        "speed_limit": "None",
        "type": "Sidewalk",
        "width": 1.5
      },
      "type": "Feature"
    },
    {
      "geometry": {
        "coordinates": [
          [
            [
              105.84763984526144,
              21.024186083821277
            ],
            [
              105.84811822378786,
              21.025614481852063
            ],
            [
              105.84809983117277,
              21.02561984900389
            ],
            [
              105.84762145264634,
              21.024191450973106
            ],
            [
              105.84763984526144,
              21.024186083821277
            ]
          ]
        ],
        "type": "Polygon"
      },
      "properties": {
        "allowed_turns": [],
        "direction": "Fwd",
        "index": 0,
        "layer": 0,
        "osm_way_ids": [
          28864371
        ],
        "road": 17,
        "speed_limit": "None",
        "type": "Footway",
        "width": 2.0
      },
      "type": "Feature"
    },
    {
      "geometry": {
        "coordinates": [
          [
            [
              105.84827638004485,
              21.029394747286858
            ],
            [
              105.84857723563248,
              21.029536883280787
            ],
            [
              105.84857070909635,
              21.029548919802238
            ],
            [
              105.84826985350873,
              21.029406783808312
            ],
            [
              105.84827638004485,
              21.029394747286858
            ]
          ]
        ],
        "type": "Polygon"
      },
      "properties": {
        "allowed_turns": [],
        "direction": "Back",
        "index": 0,
        "layer": 0,
        "osm_way_ids": [
          29313238
        ],
        "road": 18,
        "speed_limit": "None",
        "type": "Sidewalk",
        "width": 1.5
      },
      "type": "Feature"
    },
    {
      "geometry": {
        "coordinates": [
          [
            [
              105.8482894331171,
              21.029370676042596
            ],
            [
              105.84859028870473,
              21.029512812036522
            ],
            [
              105.84857723563248,
              21.029536883280787
            ],
            [
              105.84827638004485,
              21.029394747286858
            ],
            [
              105.8482894331171,
              21.029370676042596
            ]
          ]
        ],
        "type": "Polygon"
      },
      "properties": {
        "allowed_turns": [],
        "direction": "Back",
        "index": 1,
        "layer": 0,
        "osm_way_ids": [
          29313238
        ],
        "road": 18,
        "speed_limit": "None",
        "type": "Driving",
        "width": 3.0
      },
      "type": "Feature"
    },
    {
      "geometry": {
        "coordinates": [
          [
            [
              105.84830248618937,
              21.02934660479833
            ],
            [
              105.84860334177698,
              21.029488740792257
            ],
            [
              105.84859028870473,
              21.029512812036522
            ],
            [
              105.8482894331171,
              21.029370676042596
            ],
            [
              105.84830248618937,
              21.02934660479833
            ]
          ]
        ],
        "type": "Polygon"
      },
      "properties": {
        "allowed_turns": [],
        "direction": "Fwd",
        "index": 2,
        "layer": 0,
        "osm_way_ids": [
          29313238
        ],
        "road": 18,
        "speed_limit": "None",
        "type": "Driving",
        "width": 3.0
      },
      "type": "Feature"
    },
    {
      "geometry": {
        "coordinates": [
          [
            [
              105.8483090127255,
              21.029334568276877
            ],
            [
              105.8486098683131,
              21.029476704270806
            ],
            [
              105.84860334177698,
              21.029488740792257
            ],
            [
              105.84830248618937,
              21.02934660479833
            ],
            [
              105.8483090127255,
              21.029334568276877
            ]
          ]
        ],
        "type": "Polygon"
      },
      "properties": {
        "allowed_turns": [],
        "direction": "Fwd",
        "index": 3,
        "layer": 0,
        "osm_way_ids": [
          29313238
        ],
        "road": 18,
        "speed_limit": "None",
        "type": "Sidewalk",
        "width": 1.5
      },
      "type": "Feature"
    },
    {
      "geometry": {
        "coordinates": [
          [
            [
              105.84862017549993,
              21.029556601808086
            ],
            [
              105.84873198602806,
              21.029606279438735
            ],
            [
              105.84872577550962,
              21.02961845985166
            ],
            [
              105.8486139649815,
              21.02956878222101
            ],
            [
              105.84862017549993,
              21.029556601808086
            ]
          ]
        ],
        "type": "Polygon"
      },
      "properties": {
        "allowed_turns": [],
        "direction": "Back",
        "index": 0,
        "layer": 0,
        "osm_way_ids": [
          29313238
        ],
        "road": 19,
        "speed_limit": "None",
        "type": "Sidewalk",
        "width": 1.5
      },
      "type": "Feature"
    },
    {
      "geometry": {
        "coordinates": [
          [
            [
              105.84863259846374,
              21.02953224098224
            ],
            [
              105.84874440899185,
              21.029581918612887
            ],
            [
              105.84873198602806,
              21.029606279438735
            ],
            [
              105.84862017549993,
              21.029556601808086
            ],
            [
              105.84863259846374,
              21.02953224098224
            ]
          ]
        ],
        "type": "Polygon"
      },
      "properties": {
        "allowed_turns": [],
        "direction": "Back",
        "index": 1,
        "layer": 0,
        "osm_way_ids": [
          29313238
        ],
        "road": 19,
        "speed_limit": "None",
        "type": "Driving",
        "width": 3.0
      },
      "type": "Feature"
    },
    {
      "geometry": {
        "coordinates": [
          [
            [
              105.84864502142753,
              21.02950788015639
            ],
            [
              105.84875683195565,
              21.02955755778704
            ],
            [
              105.84874440899185,
              21.029581918612887
            ],
            [
              105.84863259846374,
              21.02953224098224
            ],
            [
              105.84864502142753,
              21.02950788015639
            ]
          ]
        ],
        "type": "Polygon"
      },
      "properties": {
        "allowed_turns": [],
        "direction": "Fwd",
        "index": 2,
        "layer": 0,
        "osm_way_ids": [
          29313238
        ],
        "road": 19,
        "speed_limit": "None",
        "type": "Driving",
        "width": 3.0
      },
      "type": "Feature"
    },
    {
      "geometry": {
        "coordinates": [
          [
            [
              105.84865123194596,
              21.029495699743467
            ],
            [
              105.84876304247409,
              21.029545377374117
            ],
            [
              105.84875683195565,
              21.02955755778704
            ],
            [
              105.84864502142753,
              21.02950788015639
            ],
            [
              105.84865123194596,
              21.029495699743467
            ]
          ]
        ],
        "type": "Polygon"
      },
      "properties": {
        "allowed_turns": [],
        "direction": "Fwd",
        "index": 3,
        "layer": 0,
        "osm_way_ids": [
          29313238
        ],
        "road": 19,
        "speed_limit": "None",
        "type": "Sidewalk",
        "width": 1.5
      },
      "type": "Feature"
    },
    {
      "geometry": {
        "coordinates": [
          [
            [
              105.84783863580557,
              21.028146393457735
            ],
            [
              105.84797548110114,
              21.028183190103864
            ],
            [
              105.8482233102688,
              21.028416788911965
            ],
            [
              105.84855493422538,
              21.02877063152617
            ],
            [
              105.84854405666516,
              21.02877951322715
            ],
            [
              105.84821271982223,
              21.02842597818096
            ],
            [
              105.8479678639186,
              21.028195179860592
            ],
            [
              105.84783463548405,
              21.028159356280526
            ],
            [
              105.84783863580557,
              21.028146393457735
            ]
          ]
        ],
        "type": "Polygon"
      },
      "properties": {
        "allowed_turns": [],
        "direction": "Back",
        "index": 0,
        "layer": 0,
        "osm_way_ids": [
          29313240
        ],
        "road": 20,
        "speed_limit": "None",
        "type": "Sidewalk",
        "width": 1.5
      },
      "type": "Feature"
    },
    {
      "geometry": {
        "coordinates": [
          [
            [
              105.84784663644862,
              21.028120467812155
            ],
            [
              105.84799071932012,
              21.028159210590413
            ],
            [
              105.84824448249074,
              21.028398403179402
            ],
            [
              105.84857668934579,
              21.028752867224895
            ],
            [
              105.84855493422538,
              21.028770630626852
            ],
            [
              105.8482233170131,
              21.028416796106537
            ],
            [
              105.84797548110114,
              21.028183190103864
            ],
            [
              105.84783863580557,
              21.028146393457735
            ],
            [
              105.84784663644862,
              21.028120467812155
            ]
          ]
        ],
        "type": "Polygon"
      },
      "properties": {
        "allowed_turns": [],
        "direction": "Fwd",
        "index": 1,
        "layer": 0,
        "osm_way_ids": [
          29313240
        ],
        "road": 20,
        "speed_limit": "None",
        "type": "Driving",
        "width": 3.0
      },
      "type": "Feature"
    },
    {
      "geometry": {
        "coordinates": [
          [
            [
              105.84785063677013,
              21.02810750498936
            ],
            [
              105.84799833650268,
              21.028147220833688
            ],
            [
              105.84825507968159,
              21.028389221104984
            ],
            [
              105.848587566906,
              21.028743984624597
            ],
            [
              105.84857668934579,
              21.028752866325576
            ],
            [
              105.84824448923503,
              21.028398410373978
            ],
            [
              105.84799071932012,
              21.028159210590413
            ],
            [
              105.84784663644862,
              21.028120467812155
            ],
            [
              105.84785063677013,
              21.02810750498936
            ]
          ]
        ],
        "type": "Polygon"
      },
      "properties": {
        "allowed_turns": [],
        "direction": "Fwd",
        "index": 2,
        "layer": 0,
        "osm_way_ids": [
          29313240
        ],
        "road": 20,
        "speed_limit": "None",
        "type": "Sidewalk",
        "width": 1.5
      },
      "type": "Feature"
    },
    {
      "geometry": {
        "coordinates": [
          [
            [
              105.84858987055937,
              21.028793863703303
            ],
            [
              105.84904304474789,
              21.029002473059695
            ],
            [
              105.84903665309736,
              21.029014570735022
            ],
            [
              105.84858347890884,
              21.02880596137863
            ],
            [
              105.84858987055937,
              21.028793863703303
            ]
          ]
        ],
        "type": "Polygon"
      },
      "properties": {
        "allowed_turns": [],
        "direction": "Back",
        "index": 0,
        "layer": 0,
        "osm_way_ids": [
          29313240
        ],
        "road": 21,
        "speed_limit": "None",
        "type": "Sidewalk",
        "width": 1.5
      },
      "type": "Feature"
    },
    {
      "geometry": {
        "coordinates": [
          [
            [
              105.84860265578736,
              21.028769666554002
            ],
            [
              105.84905582997587,
              21.028978275910394
            ],
            [
              105.84904304474789,
              21.029002473059695
            ],
            [
              105.84858987055937,
              21.028793863703303
            ],
            [
              105.84860265578736,
              21.028769666554002
            ]
          ]
        ],
        "type": "Polygon"
      },
      "properties": {
        "allowed_turns": [],
        "direction": "Fwd",
        "index": 1,
        "layer": 0,
        "osm_way_ids": [
          29313240
        ],
        "road": 21,
        "speed_limit": "None",
        "type": "Driving",
        "width": 3.0
      },
      "type": "Feature"
    },
    {
      "geometry": {
        "coordinates": [
          [
            [
              105.84860904743789,
              21.028757568878675
            ],
            [
              105.8490622216264,
              21.028966178235066
            ],
            [
              105.84905582997587,
              21.028978275910394
            ],
            [
              105.84860265578736,
              21.028769666554002
            ],
            [
              105.84860904743789,
              21.028757568878675
            ]
          ]
        ],
        "type": "Polygon"
      },
      "properties": {
        "allowed_turns": [],
        "direction": "Fwd",
        "index": 2,
        "layer": 0,
        "osm_way_ids": [
          29313240
        ],
        "road": 21,
        "speed_limit": "None",
        "type": "Sidewalk",
        "width": 1.5
      },
      "type": "Feature"
    },
    {
      "geometry": {
        "coordinates": [
          [
            [
              105.84908629292528,
              21.02902290295045
            ],
            [
              105.84939878143247,
              21.029174218320833
            ],
            [
              105.84939212579155,
              21.029186191889767
            ],
            [
              105.84907963728436,
              21.029034876519386
            ],
            [
              105.84908629292528,
              21.02902290295045
            ]
          ]
        ],
        "type": "Polygon"
      },
      "properties": {
        "allowed_turns": [],
        "direction": "Back",
        "index": 0,
        "layer": 0,
        "osm_way_ids": [
          29313240
        ],
        "road": 22,
        "speed_limit": "None",
        "type": "Sidewalk",
        "width": 1.5
      },
      "type": "Feature"
    },
    {
      "geometry": {
        "coordinates": [
          [
            [
              105.84909960228016,
              21.028998954013936
            ],
            [
              105.84941209078737,
              21.029150269384317
            ],
            [
              105.84939878143247,
              21.029174218320833
            ],
            [
              105.84908629292528,
              21.02902290295045
            ],
            [
              105.84909960228016,
              21.028998954013936
            ]
          ]
        ],
        "type": "Polygon"
      },
      "properties": {
        "allowed_turns": [],
        "direction": "Fwd",
        "index": 1,
        "layer": 0,
        "osm_way_ids": [
          29313240
        ],
        "road": 22,
        "speed_limit": "None",
        "type": "Driving",
        "width": 3.0
      },
      "type": "Feature"
    },
    {
      "geometry": {
        "coordinates": [
          [
            [
              105.84910625792108,
              21.028986980445
            ],
            [
              105.84941874642828,
              21.029138295815383
            ],
            [
              105.84941209078737,
              21.029150269384317
            ],
            [
              105.84909960228016,
              21.028998954013936
            ],
            [
              105.84910625792108,
              21.028986980445
            ]
          ]
        ],
        "type": "Polygon"
      },
      "properties": {
        "allowed_turns": [],
        "direction": "Fwd",
        "index": 2,
        "layer": 0,
        "osm_way_ids": [
          29313240
        ],
        "road": 22,
        "speed_limit": "None",
        "type": "Sidewalk",
        "width": 1.5
      },
      "type": "Feature"
    },
    {
      "geometry": {
        "coordinates": [
          [
            [
              105.84783564134524,
              21.028592046024286
            ],
            [
              105.84804827018851,
              21.02859477186832
            ],
            [
              105.84840488651992,
              21.028987422011948
            ],
            [
              105.84840121185077,
              21.02899033041828
            ],
            [
              105.84804601181817,
              21.02859923969846
            ],
            [
              105.84783557582938,
              21.02859654263272
            ],
            [
              105.84783564134524,
              21.028592046024286
            ]
          ]
        ],
        "type": "Polygon"
      },
      "properties": {
        "allowed_turns": [],
        "direction": "Back",
        "index": 0,
        "layer": 0,
        "osm_way_ids": [
          29313242
        ],
        "road": 23,
        "speed_limit": "None",
        "type": "Shoulder",
        "width": 0.5
      },
      "type": "Feature"
    },
    {
      "geometry": {
        "coordinates": [
          [
            [
              105.8478359062991,
              21.028574061389197
            ],
            [
              105.848057299816,
              21.028576899648442
            ],
            [
              105.8484195851965,
              21.028975791084576
            ],
            [
              105.84840488651992,
              21.02898742291127
            ],
            [
              105.84804826826158,
              21.02859477276764
            ],
            [
              105.84783564230871,
              21.028592046024286
            ],
            [
              105.8478359062991,
              21.028574061389197
            ]
          ]
        ],
        "type": "Polygon"
      },
      "properties": {
        "allowed_turns": [],
        "direction": "Back",
        "index": 1,
        "layer": 0,
        "osm_way_ids": [
          29313242
        ],
        "road": 23,
        "speed_limit": "None",
        "type": "Driving",
        "width": 2.0
      },
      "type": "Feature"
    },
    {
      "geometry": {
        "coordinates": [
          [
            [
              105.84783617028948,
              21.028556076754107
            ],
            [
              105.84806633137042,
              21.02855902652924
            ],
            [
              105.84843428387308,
              21.02896415925788
            ],
            [
              105.8484195851965,
              21.028975791084576
            ],
            [
              105.848057299816,
              21.028576899648442
            ],
            [
              105.8478359062991,
              21.028574061389197
            ],
            [
              105.84783617028948,
              21.028556076754107
            ]
          ]
        ],
        "type": "Polygon"
      },
      "properties": {
        "allowed_turns": [],
        "direction": "Fwd",
        "index": 2,
        "layer": 0,
        "osm_way_ids": [
          29313242
        ],
        "road": 23,
        "speed_limit": "None",
        "type": "Driving",
        "width": 2.0
      },
      "type": "Feature"
    },
    {
      "geometry": {
        "coordinates": [
          [
            [
              105.84783623676881,
              21.028551580145677
            ],
            [
              105.84806858781383,
              21.028554559598422
            ],
            [
              105.84843795854222,
              21.028961251750868
            ],
            [
              105.84843428387308,
              21.0289641601572
            ],
            [
              105.84806632944348,
              21.028559027428564
            ],
            [
              105.84783617125295,
              21.028556076754107
            ],
            [
              105.84783623676881,
              21.028551580145677
            ]
          ]
        ],
        "type": "Polygon"
      },
      "properties": {
        "allowed_turns": [],
        "direction": "Fwd",
        "index": 3,
        "layer": 0,
        "osm_way_ids": [
          29313242
        ],
        "road": 23,
        "speed_limit": "None",
        "type": "Shoulder",
        "width": 0.5
      },
      "type": "Feature"
    },
    {
      "geometry": {
        "coordinates": [
          [
            [
              105.84841457708684,
              21.02901463908347
            ],
            [
              105.84827005391018,
              21.02931675361359
            ],
            [
              105.84826565471268,
              21.02931492079599
            ],
            [
              105.84841017788932,
              21.029012806265875
            ],
            [
              105.84841457708684,
              21.02901463908347
            ]
          ]
        ],
        "type": "Polygon"
      },
      "properties": {
        "allowed_turns": [],
        "direction": "Back",
        "index": 0,
        "layer": -2,
        "osm_way_ids": [
          29313243
        ],
        "road": 24,
        "speed_limit": "None",
        "type": "Shoulder",
        "width": 0.5
      },
      "type": "Feature"
    },
    {
      "geometry": {
        "coordinates": [
          [
            [
              105.84843217194995,
              21.029021973051826
            ],
            [
              105.84828764877331,
              21.02932408758194
            ],
            [
              105.84827005391018,
              21.02931675451291
            ],
            [
              105.84841457708684,
              21.029014639982794
            ],
            [
              105.84843217194995,
              21.029021973051826
            ]
          ]
        ],
        "type": "Polygon"
      },
      "properties": {
        "allowed_turns": [],
        "direction": "Back",
        "index": 1,
        "layer": -2,
        "osm_way_ids": [
          29313243
        ],
        "road": 24,
        "speed_limit": "None",
        "type": "Driving",
        "width": 2.0
      },
      "type": "Feature"
    },
    {
      "geometry": {
        "coordinates": [
          [
            [
              105.84844976681308,
              21.029029306120858
            ],
            [
              105.84830524363642,
              21.029331420650976
            ],
            [
              105.84828764877331,
              21.02932408758194
            ],
            [
              105.84843217194995,
              21.029021973051826
            ],
            [
              105.84844976681308,
              21.029029306120858
            ]
          ]
        ],
        "type": "Polygon"
      },
      "properties": {
        "allowed_turns": [],
        "direction": "Fwd",
        "index": 2,
        "layer": -2,
        "osm_way_ids": [
          29313243
        ],
        "road": 24,
        "speed_limit": "None",
        "type": "Driving",
        "width": 2.0
      },
      "type": "Feature"
    },
    {
      "geometry": {
        "coordinates": [
          [
            [
              105.84845416601058,
              21.029031139837777
            ],
            [
              105.84830964283394,
              21.029333254367895
            ],
            [
              105.84830524363642,
              21.029331421550296
            ],
            [
              105.84844976681308,
              21.02902930702018
            ],
            [
              105.84845416601058,
              21.029031139837777
            ]
          ]
        ],
        "type": "Polygon"
      },
      "properties": {
        "allowed_turns": [],
        "direction": "Fwd",
        "index": 3,
        "layer": -2,
        "osm_way_ids": [
          29313243
        ],
        "road": 24,
        "speed_limit": "None",
        "type": "Shoulder",
        "width": 0.5
      },
      "type": "Feature"
    },
    {
      "geometry": {
        "coordinates": [
          [
            [
              105.85098015997983,
              21.031341235548087
            ],
            [
              105.85094850040245,
              21.03124850019373
            ],
            [
              105.85093849959864,
              21.031075000355983
            ],
            [
              105.85095080020194,
              21.030977100197177
            ],
            [
              105.85105555814009,
              21.030519295096674
            ],
            [
              105.85108382438115,
              21.03052493024636
            ],
            [
              105.85097934970275,
              21.030981494282937
            ],
            [
              105.85096749422193,
              21.031075856510228
            ],
            [
              105.85097716359256,
              21.031243598890537
            ],
            [
              105.85100769976557,
              21.031333044526168
            ],
            [
              105.85098015997983,
              21.031341235548087
            ]
          ]
        ],
        "type": "Polygon"
      },
      "properties": {
        "allowed_turns": [],
        "direction": "Fwd",
        "index": 0,
        "layer": 0,
        "osm_way_ids": [
          37458882
        ],
        "road": 25,
        "speed_limit": "None",
        "type": "Driving",
        "width": 3.0
      },
      "type": "Feature"
    },
    {
      "geometry": {
        "coordinates": [
          [
            [
              105.85095262019408,
              21.03134942657001
            ],
            [
              105.85091983817581,
              21.031253402396242
            ],
            [
              105.85090950401188,
              21.031074142403092
            ],
            [
              105.85092225070113,
              21.03097269621888
            ],
            [
              105.85102729093558,
              21.030513659047664
            ],
            [
              105.85105555717662,
              21.03051929419735
            ],
            [
              105.85095080020194,
              21.03097709030464
            ],
            [
              105.85093849863517,
              21.03107499855734
            ],
            [
              105.85094850136592,
              21.03124850109305
            ],
            [
              105.85098015997983,
              21.031341235548087
            ],
            [
              105.85095262019408,
              21.03134942657001
            ]
          ]
        ],
        "type": "Polygon"
      },
      "properties": {
        "allowed_turns": [],
        "direction": "Fwd",
        "index": 1,
        "layer": 0,
        "osm_way_ids": [
          37458882
        ],
        "road": 25,
        "speed_limit": "None",
        "type": "Driving",
        "width": 3.0
      },
      "type": "Feature"
    },
    {
      "geometry": {
        "coordinates": [
          [
            [
              105.8509388503012,
              21.031353522980293
            ],
            [
              105.85090550561729,
              21.031255851249195
            ],
            [
              105.85089500573676,
              21.03107371882258
            ],
            [
              105.85090797498725,
              21.030970499175996
            ],
            [
              105.85101315781505,
              21.030510841472818
            ],
            [
              105.85102729189904,
              21.030513659946987
            ],
            [
              105.85092224973766,
              21.030972706111417
            ],
            [
              105.85090950401188,
              21.031074148698345
            ],
            [
              105.85091983624888,
              21.03125339969828
            ],
            [
              105.85095262019408,
              21.031349427469333
            ],
            [
              105.8509388503012,
              21.031353522980293
            ]
          ]
        ],
        "type": "Polygon"
      },
      "properties": {
        "allowed_turns": [],
        "direction": "Fwd",
        "index": 2,
        "layer": 0,
        "osm_way_ids": [
          37458882
        ],
        "road": 25,
        "speed_limit": "None",
        "type": "Sidewalk",
        "width": 1.5
      },
      "type": "Feature"
    },
    {
      "geometry": {
        "coordinates": [
          [
            [
              105.85107630065505,
              21.030432947624256
            ],
            [
              105.85136049883448,
              21.029272404463935
            ],
            [
              105.85138160843096,
              21.029164894153585
            ],
            [
              105.85141003846167,
              21.029169757685267
            ],
            [
              105.85138881324896,
              21.029277856152
            ],
            [
              105.85110447825699,
              21.030438958690407
            ],
            [
              105.85107630065505,
              21.030432947624256
            ]
          ]
        ],
        "type": "Polygon"
      },
      "properties": {
        "allowed_turns": [],
        "direction": "Fwd",
        "index": 0,
        "layer": 0,
        "osm_way_ids": [
          37458882
        ],
        "road": 26,
        "speed_limit": "None",
        "type": "Driving",
        "width": 3.0
      },
      "type": "Feature"
    },
    {
      "geometry": {
        "coordinates": [
          [
            [
              105.85104812401657,
              21.03042693565878
            ],
            [
              105.85133218152959,
              21.029266967165018
            ],
            [
              105.85135317840025,
              21.029160030621902
            ],
            [
              105.85138160843096,
              21.029164894153585
            ],
            [
              105.85136049594406,
              21.02927241885308
            ],
            [
              105.85107630161852,
              21.030432946724932
            ],
            [
              105.85104812401657,
              21.03042693565878
            ]
          ]
        ],
        "type": "Polygon"
      },
      "properties": {
        "allowed_turns": [],
        "direction": "Fwd",
        "index": 1,
        "layer": 0,
        "osm_way_ids": [
          37458882
        ],
        "road": 26,
        "speed_limit": "None",
        "type": "Driving",
        "width": 3.0
      },
      "type": "Feature"
    },
    {
      "geometry": {
        "coordinates": [
          [
            [
              105.8510340352156,
              21.03042392922638
            ],
            [
              105.85131802528582,
              21.029264235925055
            ],
            [
              105.85133896338489,
              21.029157598856063
            ],
            [
              105.85135317840025,
              21.029160030621902
            ],
            [
              105.85133218634694,
              21.029266942883332
            ],
            [
              105.8510481230531,
              21.030426934759458
            ],
            [
              105.8510340352156,
              21.03042392922638
            ]
          ]
        ],
        "type": "Polygon"
      },
      "properties": {
        "allowed_turns": [],
        "direction": "Fwd",
        "index": 2,
        "layer": 0,
        "osm_way_ids": [
          37458882
        ],
        "road": 26,
        "speed_limit": "None",
        "type": "Sidewalk",
        "width": 1.5
      },
      "type": "Feature"
    },
    {
      "geometry": {
        "coordinates": [
          [
            [
              105.85138441597839,
              21.029143159347065
            ],
            [
              105.8514012998017,
              21.02896189206791
            ],
            [
              105.8513950998814,
              21.02878499549215
            ],
            [
              105.85130430356637,
              21.028362915046326
            ],
            [
              105.8511886314562,
              21.028018919105264
            ],
            [
              105.85121620978069,
              21.028010839599233
            ],
            [
              105.85133233664803,
              21.02835618812011
            ],
            [
              105.85142390951874,
              21.028781882040473
            ],
            [
              105.85143024432462,
              21.02896262771305
            ],
            [
              105.85141321212716,
              21.029145495784803
            ],
            [
              105.85138441597839,
              21.029143159347065
            ]
          ]
        ],
        "type": "Polygon"
      },
      "properties": {
        "allowed_turns": [],
        "direction": "Fwd",
        "index": 0,
        "layer": 0,
        "osm_way_ids": [
          37458882,
          707052080
        ],
        "road": 27,
        "speed_limit": "None",
        "type": "Driving",
        "width": 3.0
      },
      "type": "Feature"
    },
    {
      "geometry": {
        "coordinates": [
          [
            [
              105.85135562079309,
              21.02914082201
            ],
            [
              105.85137235431529,
              21.028961163617343
            ],
            [
              105.8513662892806,
              21.02878811254112
            ],
            [
              105.85127626663085,
              21.028369628482718
            ],
            [
              105.85116105409517,
              21.0280269986113
            ],
            [
              105.85118863241966,
              21.028018919105264
            ],
            [
              105.8513042997125,
              21.028362901556502
            ],
            [
              105.85139509891793,
              21.02878499908944
            ],
            [
              105.85140129883823,
              21.02896189926248
            ],
            [
              105.85138441694185,
              21.02914315844774
            ],
            [
              105.85135562079309,
              21.02914082201
            ]
          ]
        ],
        "type": "Polygon"
      },
      "properties": {
        "allowed_turns": [],
        "direction": "Fwd",
        "index": 1,
        "layer": 0,
        "osm_way_ids": [
          37458882,
          707052080
        ],
        "road": 27,
        "speed_limit": "None",
        "type": "Driving",
        "width": 3.0
      },
      "type": "Feature"
    },
    {
      "geometry": {
        "coordinates": [
          [
            [
              105.85134122368217,
              21.02913965379113
            ],
            [
              105.85135788109035,
              21.02896080388867
            ],
            [
              105.85135188349848,
              21.028789673763566
            ],
            [
              105.85126224623613,
              21.02837297665736
            ],
            [
              105.8511472658964,
              21.028031038364315
            ],
            [
              105.85116105505865,
              21.0280269986113
            ],
            [
              105.85127626277696,
              21.028369611395604
            ],
            [
              105.8513662892806,
              21.028788117937047
            ],
            [
              105.85137235431529,
              21.028961172610558
            ],
            [
              105.85135562175655,
              21.029140822909323
            ],
            [
              105.85134122368217,
              21.02913965379113
            ]
          ]
        ],
        "type": "Polygon"
      },
      "properties": {
        "allowed_turns": [],
        "direction": "Fwd",
        "index": 2,
        "layer": 0,
        "osm_way_ids": [
          37458882,
          707052080
        ],
        "road": 27,
        "speed_limit": "None",
        "type": "Sidewalk",
        "width": 1.5
      },
      "type": "Feature"
    },
    {
      "geometry": {
        "coordinates": [
          [
            [
              105.84775547979633,
              21.02778613148533
            ],
            [
              105.84697802617221,
              21.027954106789956
            ],
            [
              105.84697693937966,
              21.027949725294697
            ],
            [
              105.84775439300378,
              21.02778174999007
            ],
            [
              105.84775547979633,
              21.02778613148533
            ]
          ]
        ],
        "type": "Polygon"
      },
      "properties": {
        "allowed_turns": [],
        "direction": "Back",
        "index": 0,
        "layer": 0,
        "osm_way_ids": [
          211860296
        ],
        "road": 28,
        "speed_limit": "None",
        "type": "Shoulder",
        "width": 0.5
      },
      "type": "Feature"
    },
    {
      "geometry": {
        "coordinates": [
          [
            [
              105.8477598250396,
              21.02780365386907
            ],
            [
              105.84698237141548,
              21.027971629173695
            ],
            [
              105.84697802617221,
              21.027954106789956
            ],
            [
              105.84775547979633,
              21.02778613148533
            ],
            [
              105.8477598250396,
              21.02780365386907
            ]
          ]
        ],
        "type": "Polygon"
      },
      "properties": {
        "allowed_turns": [],
        "direction": "Back",
        "index": 1,
        "layer": 0,
        "osm_way_ids": [
          211860296
        ],
        "road": 28,
        "speed_limit": "None",
        "type": "Driving",
        "width": 2.0
      },
      "type": "Feature"
    },
    {
      "geometry": {
        "coordinates": [
          [
            [
              105.84776417028289,
              21.02782117625281
            ],
            [
              105.84698671665875,
              21.02798915155744
            ],
            [
              105.84698237141548,
              21.027971629173695
            ],
            [
              105.8477598250396,
              21.02780365386907
            ],
            [
              105.84776417028289,
              21.02782117625281
            ]
          ]
        ],
        "type": "Polygon"
      },
      "properties": {
        "allowed_turns": [],
        "direction": "Fwd",
        "index": 2,
        "layer": 0,
        "osm_way_ids": [
          211860296
        ],
        "road": 28,
        "speed_limit": "None",
        "type": "Driving",
        "width": 2.0
      },
      "type": "Feature"
    },
    {
      "geometry": {
        "coordinates": [
          [
            [
              105.84776525707544,
              21.02782555774807
            ],
            [
              105.8469878034513,
              21.027993533052697
            ],
            [
              105.84698671665875,
              21.02798915155744
            ],
            [
              105.84776417028289,
              21.02782117625281
            ],
            [
              105.84776525707544,
              21.02782555774807
            ]
          ]
        ],
        "type": "Polygon"
      },
      "properties": {
        "allowed_turns": [],
        "direction": "Fwd",
        "index": 3,
        "layer": 0,
        "osm_way_ids": [
          211860296
        ],
        "road": 28,
        "speed_limit": "None",
        "type": "Shoulder",
        "width": 0.5
      },
      "type": "Feature"
    },
    {
      "geometry": {
        "coordinates": [
          [
            [
              105.8469308480065,
              21.027964455284604
            ],
            [
              105.84644033073948,
              21.028073656319723
            ],
            [
              105.84659625656673,
              21.02877477919779
            ],
            [
              105.84659153942458,
              21.028775692908624
            ],
            [
              105.84643466361733,
              21.028070294655258
            ],
            [
              105.84692973038295,
              21.02796008098392
            ],
            [
              105.8469308480065,
              21.027964455284604
            ]
          ]
        ],
        "type": "Polygon"
      },
      "properties": {
        "allowed_turns": [],
        "direction": "Back",
        "index": 0,
        "layer": 0,
        "osm_way_ids": [
          211860296
        ],
        "road": 29,
        "speed_limit": "None",
        "type": "Shoulder",
        "width": 0.5
      },
      "type": "Feature"
    },
    {
      "geometry": {
        "coordinates": [
          [
            [
              105.84693531850068,
              21.027981950688694
            ],
            [
              105.84646300019159,
              21.028087100279613
            ],
            [
              105.84661512320835,
              21.028771123455133
            ],
            [
              105.84659625656673,
              21.028774780097113
            ],
            [
              105.84644032977602,
              21.028073657219043
            ],
            [
              105.8469308480065,
              21.027964455284604
            ],
            [
              105.84693531850068,
              21.027981950688694
            ]
          ]
        ],
        "type": "Polygon"
      },
      "properties": {
        "allowed_turns": [],
        "direction": "Back",
        "index": 1,
        "layer": 0,
        "osm_way_ids": [
          211860296
        ],
        "road": 29,
        "speed_limit": "None",
        "type": "Driving",
        "width": 2.0
      },
      "type": "Feature"
    },
    {
      "geometry": {
        "coordinates": [
          [
            [
              105.84693978899487,
              21.027999446092785
            ],
            [
              105.84648567060715,
              21.028100543340187
            ],
            [
              105.84663398984999,
              21.028767466813157
            ],
            [
              105.84661512320835,
              21.028771123455133
            ],
            [
              105.84646300019159,
              21.028087100279613
            ],
            [
              105.84693531850068,
              21.027981950688694
            ],
            [
              105.84693978899487,
              21.027999446092785
            ]
          ]
        ],
        "type": "Polygon"
      },
      "properties": {
        "allowed_turns": [],
        "direction": "Fwd",
        "index": 2,
        "layer": 0,
        "osm_way_ids": [
          211860296
        ],
        "road": 29,
        "speed_limit": "None",
        "type": "Driving",
        "width": 2.0
      },
      "type": "Feature"
    },
    {
      "geometry": {
        "coordinates": [
          [
            [
              105.84694090661841,
              21.02800382039347
            ],
            [
              105.84649133676585,
              21.028103905903972
            ],
            [
              105.84663870699214,
              21.028766554001646
            ],
            [
              105.84663398984999,
              21.028767467712477
            ],
            [
              105.84648566964368,
              21.028100544239507
            ],
            [
              105.84693978899487,
              21.027999446092785
            ],
            [
              105.84694090661841,
              21.02800382039347
            ]
          ]
        ],
        "type": "Polygon"
      },
      "properties": {
        "allowed_turns": [],
        "direction": "Fwd",
        "index": 3,
        "layer": 0,
        "osm_way_ids": [
          211860296
        ],
        "road": 29,
        "speed_limit": "None",
        "type": "Shoulder",
        "width": 0.5
      },
      "type": "Feature"
    },
    {
      "geometry": {
        "coordinates": [
          [
            [
              105.84660591919305,
              21.028818670592706
            ],
            [
              105.846630294948,
              21.028930541713912
            ],
            [
              105.84641533354731,
              21.028972324199472
            ],
            [
              105.84641435080937,
              21.02896792291914
            ],
            [
              105.84662461819116,
              21.028927052345768
            ],
            [
              105.84660119819704,
              21.028819566317107
            ],
            [
              105.84660591919305,
              21.028818670592706
            ]
          ]
        ],
        "type": "Polygon"
      },
      "properties": {
        "allowed_turns": [],
        "direction": "Back",
        "index": 0,
        "layer": 0,
        "osm_way_ids": [
          211860296
        ],
        "road": 30,
        "speed_limit": "None",
        "type": "Shoulder",
        "width": 0.5
      },
      "type": "Feature"
    },
    {
      "geometry": {
        "coordinates": [
          [
            [
              105.84662480221365,
              21.028815085896465
            ],
            [
              105.84665300004845,
              21.02894450008581
            ],
            [
              105.84641926160869,
              21.028989932918098
            ],
            [
              105.84641533258385,
              21.028972324199472
            ],
            [
              105.846630294948,
              21.028930540814592
            ],
            [
              105.84660592015653,
              21.028818670592706
            ],
            [
              105.84662480221365,
              21.028815085896465
            ]
          ]
        ],
        "type": "Polygon"
      },
      "properties": {
        "allowed_turns": [],
        "direction": "Back",
        "index": 1,
        "layer": 0,
        "osm_way_ids": [
          211860296
        ],
        "road": 30,
        "speed_limit": "None",
        "type": "Driving",
        "width": 2.0
      },
      "type": "Feature"
    },
    {
      "geometry": {
        "coordinates": [
          [
            [
              105.84664368427079,
              21.02881150120022
            ],
            [
              105.84667570514888,
              21.028958459357032
            ],
            [
              105.84642319063354,
              21.02900754163672
            ],
            [
              105.84641926160869,
              21.028989932918098
            ],
            [
              105.84665300004845,
              21.02894450008581
            ],
            [
              105.84662480221365,
              21.028815085896465
            ],
            [
              105.84664368427079,
              21.02881150120022
            ]
          ]
        ],
        "type": "Polygon"
      },
      "properties": {
        "allowed_turns": [],
        "direction": "Fwd",
        "index": 2,
        "layer": 0,
        "osm_way_ids": [
          211860296
        ],
        "road": 30,
        "speed_limit": "None",
        "type": "Driving",
        "width": 2.0
      },
      "type": "Feature"
    },
    {
      "geometry": {
        "coordinates": [
          [
            [
              105.84664840623027,
              21.02881060547582
            ],
            [
              105.84668138190573,
              21.028961947825852
            ],
            [
              105.84642417240802,
              21.029011942917055
            ],
            [
              105.84642318967006,
              21.02900754163672
            ],
            [
              105.84667570514888,
              21.02895845845771
            ],
            [
              105.84664368523426,
              21.02881150120022
            ],
            [
              105.84664840623027,
              21.02881060547582
            ]
          ]
        ],
        "type": "Polygon"
      },
      "properties": {
        "allowed_turns": [],
        "direction": "Fwd",
        "index": 3,
        "layer": 0,
        "osm_way_ids": [
          211860296
        ],
        "road": 30,
        "speed_limit": "None",
        "type": "Shoulder",
        "width": 0.5
      },
      "type": "Feature"
    },
    {
      "geometry": {
        "coordinates": [
          [
            [
              105.85024568187148,
              21.029881041999072
            ],
            [
              105.85029770917453,
              21.029812036146737
            ],
            [
              105.85043194154333,
              21.02959896165817
            ],
            [
              105.85059938852778,
              21.029248080510275
            ],
            [
              105.8506125899742,
              21.02925356996985
            ],
            [
              105.85044481155656,
              21.029605145394086
            ],
            [
              105.8503098758557,
              21.029819336840188
            ],
            [
              105.85025749977702,
              21.029888804943873
            ],
            [
              105.85024568187148,
              21.029881041999072
            ]
          ]
        ],
        "type": "Polygon"
      },
      "properties": {
        "allowed_turns": [],
        "direction": "Back",
        "index": 0,
        "layer": 0,
        "osm_way_ids": [
          211893097
        ],
        "road": 31,
        "speed_limit": "None",
        "type": "Sidewalk",
        "width": 1.5
      },
      "type": "Feature"
    },
    {
      "geometry": {
        "coordinates": [
          [
            [
              105.85022204413346,
              21.02986551431083
            ],
            [
              105.85027339989891,
              21.029797399686288
            ],
            [
              105.85040619958994,
              21.029586599582267
            ],
            [
              105.85057298563495,
              21.02923710249045
            ],
            [
              105.85059938852778,
              21.029248081409598
            ],
            [
              105.85043194347027,
              21.029598959859527
            ],
            [
              105.850297710138,
              21.02981203704606
            ],
            [
              105.85024568187148,
              21.029881041999072
            ],
            [
              105.85022204413346,
              21.02986551431083
            ]
          ]
        ],
        "type": "Polygon"
      },
      "properties": {
        "allowed_turns": [],
        "direction": "Fwd",
        "index": 1,
        "layer": 0,
        "osm_way_ids": [
          211893097
        ],
        "road": 31,
        "speed_limit": "None",
        "type": "Driving",
        "width": 3.0
      },
      "type": "Feature"
    },
    {
      "geometry": {
        "coordinates": [
          [
            [
              105.85019840639545,
              21.02984998662259
            ],
            [
              105.85024908965983,
              21.029782762326516
            ],
            [
              105.85038045570963,
              21.029574239305006
            ],
            [
              105.85054658274213,
              21.0292261235713
            ],
            [
              105.85057298563495,
              21.02923710249045
            ],
            [
              105.85040619958994,
              21.029586599582267
            ],
            [
              105.85027339989891,
              21.029797399686288
            ],
            [
              105.85022204413346,
              21.02986551431083
            ],
            [
              105.85019840639545,
              21.02984998662259
            ]
          ]
        ],
        "type": "Polygon"
      },
      "properties": {
        "allowed_turns": [],
        "direction": "Fwd",
        "index": 2,
        "layer": 0,
        "osm_way_ids": [
          211893097
        ],
        "road": 31,
        "speed_limit": "None",
        "type": "Driving",
        "width": 3.0
      },
      "type": "Feature"
    },
    {
      "geometry": {
        "coordinates": [
          [
            [
              105.8501865884899,
              21.029842223677793
            ],
            [
              105.85023692394213,
              21.029775462532385
            ],
            [
              105.85036758762334,
              21.029568053770443
            ],
            [
              105.85053338129572,
              21.029220635011043
            ],
            [
              105.85054658274213,
              21.02922612447062
            ],
            [
              105.85038045763656,
              21.02957423750636
            ],
            [
              105.8502490906233,
              21.02978276322584
            ],
            [
              105.85019840639545,
              21.02984998662259
            ],
            [
              105.8501865884899,
              21.029842223677793
            ]
          ]
        ],
        "type": "Polygon"
      },
      "properties": {
        "allowed_turns": [],
        "direction": "Fwd",
        "index": 3,
        "layer": 0,
        "osm_way_ids": [
          211893097
        ],
        "road": 31,
        "speed_limit": "None",
        "type": "Sidewalk",
        "width": 1.5
      },
      "type": "Feature"
    },
    {
      "geometry": {
        "coordinates": [
          [
            [
              105.85102527535932,
              21.030434659932745
            ],
            [
              105.85073731676204,
              21.030229857405054
            ],
            [
              105.85074607661832,
              21.03021912669869
            ],
            [
              105.8510340352156,
              21.03042392922638
            ],
            [
              105.85102527535932,
              21.030434659932745
            ]
          ]
        ],
        "type": "Polygon"
      },
      "properties": {
        "allowed_turns": [],
        "direction": "Back",
        "index": 0,
        "layer": 0,
        "osm_way_ids": [
          399597047
        ],
        "road": 32,
        "speed_limit": "None",
        "type": "Sidewalk",
        "width": 1.5
      },
      "type": "Feature"
    },
    {
      "geometry": {
        "coordinates": [
          [
            [
              105.85100775757368,
              21.030456119546834
            ],
            [
              105.85071979897641,
              21.03025131701914
            ],
            [
              105.85073731676204,
              21.030229857405054
            ],
            [
              105.85102527535932,
              21.030434659932745
            ],
            [
              105.85100775757368,
              21.030456119546834
            ]
          ]
        ],
        "type": "Polygon"
      },
      "properties": {
        "allowed_turns": [],
        "direction": "Back",
        "index": 1,
        "layer": 0,
        "osm_way_ids": [
          399597047
        ],
        "road": 32,
        "speed_limit": "None",
        "type": "Driving",
        "width": 3.0
      },
      "type": "Feature"
    },
    {
      "geometry": {
        "coordinates": [
          [
            [
              105.85099023978806,
              21.03047757916092
            ],
            [
              105.85070228119078,
              21.030272776633225
            ],
            [
              105.85071979897641,
              21.03025131701914
            ],
            [
              105.85100775757368,
              21.030456119546834
            ],
            [
              105.85099023978806,
              21.03047757916092
            ]
          ]
        ],
        "type": "Polygon"
      },
      "properties": {
        "allowed_turns": [],
        "direction": "Fwd",
        "index": 2,
        "layer": 0,
        "osm_way_ids": [
          399597047
        ],
        "road": 32,
        "speed_limit": "None",
        "type": "Driving",
        "width": 3.0
      },
      "type": "Feature"
    },
    {
      "geometry": {
        "coordinates": [
          [
            [
              105.85098147993178,
              21.030488309867284
            ],
            [
              105.85069352133449,
              21.03028350733959
            ],
            [
              105.85070228119078,
              21.030272776633225
            ],
            [
              105.85099023978806,
              21.03047757916092
            ],
            [
              105.85098147993178,
              21.030488309867284
            ]
          ]
        ],
        "type": "Polygon"
      },
      "properties": {
        "allowed_turns": [],
        "direction": "Fwd",
        "index": 3,
        "layer": 0,
        "osm_way_ids": [
          399597047
        ],
        "road": 32,
        "speed_limit": "None",
        "type": "Sidewalk",
        "width": 1.5
      },
      "type": "Feature"
    },
    {
      "geometry": {
        "coordinates": [
          [
            [
              105.84780564182422,
              21.02699706753681
            ],
            [
              105.84759513068487,
              21.026336154230673
            ],
            [
              105.84760898343605,
              21.026332310529785
            ],
            [
              105.84781949457539,
              21.026993223835923
            ],
            [
              105.84780564182422,
              21.02699706753681
            ]
          ]
        ],
        "type": "Polygon"
      },
      "properties": {
        "allowed_turns": [],
        "direction": "Back",
        "index": 0,
        "layer": 0,
        "osm_way_ids": [
          399606397
        ],
        "road": 33,
        "speed_limit": "None",
        "type": "Sidewalk",
        "width": 1.5
      },
      "type": "Feature"
    },
    {
      "geometry": {
        "coordinates": [
          [
            [
              105.84777793632188,
              21.02700475673723
            ],
            [
              105.84756742518253,
              21.026343843431093
            ],
            [
              105.84759513068487,
              21.026336154230673
            ],
            [
              105.84780564182422,
              21.02699706753681
            ],
            [
              105.84777793632188,
              21.02700475673723
            ]
          ]
        ],
        "type": "Polygon"
      },
      "properties": {
        "allowed_turns": [],
        "direction": "Back",
        "index": 1,
        "layer": 0,
        "osm_way_ids": [
          399606397
        ],
        "road": 33,
        "speed_limit": "None",
        "type": "Driving",
        "width": 3.0
      },
      "type": "Feature"
    },
    {
      "geometry": {
        "coordinates": [
          [
            [
              105.84775023081954,
              21.027012445937654
            ],
            [
              105.84753971968019,
              21.026351532631512
            ],
            [
              105.84756742518253,
              21.026343843431093
            ],
            [
              105.84777793632188,
              21.02700475673723
            ],
            [
              105.84775023081954,
              21.027012445937654
            ]
          ]
        ],
        "type": "Polygon"
      },
      "properties": {
        "allowed_turns": [],
        "direction": "Fwd",
        "index": 2,
        "layer": 0,
        "osm_way_ids": [
          399606397
        ],
        "road": 33,
        "speed_limit": "None",
        "type": "Driving",
        "width": 3.0
      },
      "type": "Feature"
    },
    {
      "geometry": {
        "coordinates": [
          [
            [
              105.84773637806836,
              21.027016289638542
            ],
            [
              105.84752586692902,
              21.0263553763324
            ],
            [
              105.84753971968019,
              21.026351532631512
            ],
            [
              105.84775023081954,
              21.027012445937654
            ],
            [
              105.84773637806836,
              21.027016289638542
            ]
          ]
        ],
        "type": "Polygon"
      },
      "properties": {
        "allowed_turns": [],
        "direction": "Fwd",
        "index": 3,
        "layer": 0,
        "osm_way_ids": [
          399606397
        ],
        "road": 33,
        "speed_limit": "None",
        "type": "Sidewalk",
        "width": 1.5
      },
      "type": "Feature"
    },
    {
      "geometry": {
        "coordinates": [
          [
            [
              105.84758082028613,
              21.026292288016766
            ],
            [
              105.84745071734363,
              21.025902671285184
            ],
            [
              105.84746451421363,
              21.025898656713174
            ],
            [
              105.84759461715612,
              21.026288273444756
            ],
            [
              105.84758082028613,
              21.026292288016766
            ]
          ]
        ],
        "type": "Polygon"
      },
      "properties": {
        "allowed_turns": [],
        "direction": "Back",
        "index": 0,
        "layer": 0,
        "osm_way_ids": [
          399606397
        ],
        "road": 34,
        "speed_limit": "None",
        "type": "Sidewalk",
        "width": 1.5
      },
      "type": "Feature"
    },
    {
      "geometry": {
        "coordinates": [
          [
            [
              105.84755322558267,
              21.026300316261462
            ],
            [
              105.84742312264018,
              21.02591069952988
            ],
            [
              105.84745071638017,
              21.02590267038586
            ],
            [
              105.84758081932266,
              21.026292287117442
            ],
            [
              105.84755322558267,
              21.026300316261462
            ]
          ]
        ],
        "type": "Polygon"
      },
      "properties": {
        "allowed_turns": [],
        "direction": "Back",
        "index": 1,
        "layer": 0,
        "osm_way_ids": [
          399606397
        ],
        "road": 34,
        "speed_limit": "None",
        "type": "Driving",
        "width": 3.0
      },
      "type": "Feature"
    },
    {
      "geometry": {
        "coordinates": [
          [
            [
              105.84752563184269,
              21.02630834540548
            ],
            [
              105.8473955289002,
              21.025918728673897
            ],
            [
              105.84742312264018,
              21.02591069952988
            ],
            [
              105.84755322558267,
              21.026300316261462
            ],
            [
              105.84752563184269,
              21.02630834540548
            ]
          ]
        ],
        "type": "Polygon"
      },
      "properties": {
        "allowed_turns": [],
        "direction": "Fwd",
        "index": 2,
        "layer": 0,
        "osm_way_ids": [
          399606397
        ],
        "road": 34,
        "speed_limit": "None",
        "type": "Driving",
        "width": 3.0
      },
      "type": "Feature"
    },
    {
      "geometry": {
        "coordinates": [
          [
            [
              105.84751183400923,
              21.026312359078165
            ],
            [
              105.84738173106673,
              21.025922742346587
            ],
            [
              105.84739552793673,
              21.025918727774577
            ],
            [
              105.84752563087922,
              21.026308344506155
            ],
            [
              105.84751183400923,
              21.026312359078165
            ]
          ]
        ],
        "type": "Polygon"
      },
      "properties": {
        "allowed_turns": [],
        "direction": "Fwd",
        "index": 3,
        "layer": 0,
        "osm_way_ids": [
          399606397
        ],
        "road": 34,
        "speed_limit": "None",
        "type": "Sidewalk",
        "width": 1.5
      },
      "type": "Feature"
    },
    {
      "geometry": {
        "coordinates": [
          [
            [
              105.84880221228902,
              21.029562732484024
            ],
            [
              105.84895715730524,
              21.02925806927625
            ],
            [
              105.84896150832932,
              21.029259997421946
            ],
            [
              105.84880656331309,
              21.02956466062972
            ],
            [
              105.84880221228902,
              21.029562732484024
            ]
          ]
        ],
        "type": "Polygon"
      },
      "properties": {
        "allowed_turns": [],
        "direction": "Back",
        "index": 0,
        "layer": 0,
        "osm_way_ids": [
          399607413
        ],
        "road": 35,
        "speed_limit": "None",
        "type": "Shoulder",
        "width": 0.5
      },
      "type": "Feature"
    },
    {
      "geometry": {
        "coordinates": [
          [
            [
              105.84878480433879,
              21.02955501900192
            ],
            [
              105.84893974935503,
              21.029250355794144
            ],
            [
              105.84895715730524,
              21.029258068376926
            ],
            [
              105.84880221228902,
              21.029562731584704
            ],
            [
              105.84878480433879,
              21.02955501900192
            ]
          ]
        ],
        "type": "Polygon"
      },
      "properties": {
        "allowed_turns": [],
        "direction": "Back",
        "index": 1,
        "layer": 0,
        "osm_way_ids": [
          399607413
        ],
        "road": 35,
        "speed_limit": "None",
        "type": "Driving",
        "width": 2.0
      },
      "type": "Feature"
    },
    {
      "geometry": {
        "coordinates": [
          [
            [
              105.84876739638858,
              21.029547306419133
            ],
            [
              105.84892234140482,
              21.029242643211358
            ],
            [
              105.84893974935503,
              21.029250355794144
            ],
            [
              105.84878480433879,
              21.02955501900192
            ],
            [
              105.84876739638858,
              21.029547306419133
            ]
          ]
        ],
        "type": "Polygon"
      },
      "properties": {
        "allowed_turns": [],
        "direction": "Fwd",
        "index": 2,
        "layer": 0,
        "osm_way_ids": [
          399607413
        ],
        "road": 35,
        "speed_limit": "None",
        "type": "Driving",
        "width": 2.0
      },
      "type": "Feature"
    },
    {
      "geometry": {
        "coordinates": [
          [
            [
              105.8487630453645,
              21.029545377374117
            ],
            [
              105.84891799038073,
              21.02924071416634
            ],
            [
              105.84892234140482,
              21.029242642312038
            ],
            [
              105.84876739638858,
              21.029547305519813
            ],
            [
              105.8487630453645,
              21.029545377374117
            ]
          ]
        ],
        "type": "Polygon"
      },
      "properties": {
        "allowed_turns": [],
        "direction": "Fwd",
        "index": 3,
        "layer": 0,
        "osm_way_ids": [
          399607413
        ],
        "road": 35,
        "speed_limit": "None",
        "type": "Shoulder",
        "width": 0.5
      },
      "type": "Feature"
    },
    {
      "geometry": {
        "coordinates": [
          [
            [
              105.84897785453717,
              21.029218069246273
            ],
            [
              105.84907531420086,
              21.02903289441439
            ],
            [
              105.84907963824783,
              21.029034876519386
            ],
            [
              105.84898217858412,
              21.02922005135127
            ],
            [
              105.84897785453717,
              21.029218069246273
            ]
          ]
        ],
        "type": "Polygon"
      },
      "properties": {
        "allowed_turns": [],
        "direction": "Back",
        "index": 0,
        "layer": 0,
        "osm_way_ids": [
          399607413
        ],
        "road": 36,
        "speed_limit": "None",
        "type": "Shoulder",
        "width": 0.5
      },
      "type": "Feature"
    },
    {
      "geometry": {
        "coordinates": [
          [
            [
              105.84896055931277,
              21.029210138128317
            ],
            [
              105.84905801897648,
              21.029024963296433
            ],
            [
              105.84907531323739,
              21.029032893515065
            ],
            [
              105.8489778535737,
              21.02921806834695
            ],
            [
              105.84896055931277,
              21.029210138128317
            ]
          ]
        ],
        "type": "Polygon"
      },
      "properties": {
        "allowed_turns": [],
        "direction": "Back",
        "index": 1,
        "layer": 0,
        "osm_way_ids": [
          399607413
        ],
        "road": 36,
        "speed_limit": "None",
        "type": "Driving",
        "width": 2.0
      },
      "type": "Feature"
    },
    {
      "geometry": {
        "coordinates": [
          [
            [
              105.84894326505186,
              21.029202207909684
            ],
            [
              105.84904072471555,
              21.029017033077803
            ],
            [
              105.84905801897648,
              21.029024963296433
            ],
            [
              105.84896055931277,
              21.029210138128317
            ],
            [
              105.84894326505186,
              21.029202207909684
            ]
          ]
        ],
        "type": "Polygon"
      },
      "properties": {
        "allowed_turns": [],
        "direction": "Fwd",
        "index": 2,
        "layer": 0,
        "osm_way_ids": [
          399607413
        ],
        "road": 36,
        "speed_limit": "None",
        "type": "Driving",
        "width": 2.0
      },
      "type": "Feature"
    },
    {
      "geometry": {
        "coordinates": [
          [
            [
              105.84893894004142,
              21.029200224905367
            ],
            [
              105.84903639970511,
              21.029015050073482
            ],
            [
              105.84904072375208,
              21.02901703217848
            ],
            [
              105.84894326408839,
              21.029202207010364
            ],
            [
              105.84893894004142,
              21.029200224905367
            ]
          ]
        ],
        "type": "Polygon"
      },
      "properties": {
        "allowed_turns": [],
        "direction": "Fwd",
        "index": 3,
        "layer": 0,
        "osm_way_ids": [
          399607413
        ],
        "road": 36,
        "speed_limit": "None",
        "type": "Shoulder",
        "width": 0.5
      },
      "type": "Feature"
    },
    {
      "geometry": {
        "coordinates": [
          [
            [
              105.85055564416407,
              21.029156468408704
            ],
            [
              105.85029003322039,
              21.02907617067327
            ],
            [
              105.85029448637215,
              21.029063337352802
            ],
            [
              105.85056009731584,
              21.029143635088236
            ],
            [
              105.85055564416407,
              21.029156468408704
            ]
          ]
        ],
        "type": "Polygon"
      },
      "properties": {
        "allowed_turns": [],
        "direction": "Back",
        "index": 0,
        "layer": 0,
        "osm_way_ids": [
          399607540
        ],
        "road": 37,
        "speed_limit": "None",
        "type": "Sidewalk",
        "width": 1.5
      },
      "type": "Feature"
    },
    {
      "geometry": {
        "coordinates": [
          [
            [
              105.85054673882404,
              21.02918213594896
            ],
            [
              105.85028112788035,
              21.029101838213528
            ],
            [
              105.85029003418386,
              21.02907617157259
            ],
            [
              105.85055564512754,
              21.029156469308024
            ],
            [
              105.85054673882404,
              21.02918213594896
            ]
          ]
        ],
        "type": "Polygon"
      },
      "properties": {
        "allowed_turns": [],
        "direction": "Back",
        "index": 1,
        "layer": 0,
        "osm_way_ids": [
          399607540
        ],
        "road": 37,
        "speed_limit": "None",
        "type": "Driving",
        "width": 3.0
      },
      "type": "Feature"
    },
    {
      "geometry": {
        "coordinates": [
          [
            [
              105.85053783252053,
              21.029207802589898
            ],
            [
              105.85027222157684,
              21.029127504854465
            ],
            [
              105.85028112788035,
              21.029101838213528
            ],
            [
              105.85054673882404,
              21.02918213594896
            ],
            [
              105.85053783252053,
              21.029207802589898
            ]
          ]
        ],
        "type": "Polygon"
      },
      "properties": {
        "allowed_turns": [],
        "direction": "Fwd",
        "index": 2,
        "layer": 0,
        "osm_way_ids": [
          399607540
        ],
        "road": 37,
        "speed_limit": "None",
        "type": "Driving",
        "width": 3.0
      },
      "type": "Feature"
    },
    {
      "geometry": {
        "coordinates": [
          [
            [
              105.85053338033225,
              21.029220636809686
            ],
            [
              105.85026776938857,
              21.029140339074253
            ],
            [
              105.85027222254031,
              21.029127505753785
            ],
            [
              105.850537833484,
              21.029207803489218
            ],
            [
              105.85053338033225,
              21.029220636809686
            ]
          ]
        ],
        "type": "Polygon"
      },
      "properties": {
        "allowed_turns": [],
        "direction": "Fwd",
        "index": 3,
        "layer": 0,
        "osm_way_ids": [
          399607540
        ],
        "road": 37,
        "speed_limit": "None",
        "type": "Sidewalk",
        "width": 1.5
      },
      "type": "Feature"
    },
    {
      "geometry": {
        "coordinates": [
          [
            [
              105.85027175333111,
              21.029070692005554
            ],
            [
              105.84965737447105,
              21.028888019985928
            ],
            [
              105.84962681710172,
              21.028866174562836
            ],
            [
              105.84963560393513,
              21.02885546544019
            ],
            [
              105.84966416114369,
              21.0288758809418
            ],
            [
              105.85027613904008,
              21.02905783890001
            ],
            [
              105.85027175333111,
              21.029070692005554
            ]
          ]
        ],
        "type": "Polygon"
      },
      "properties": {
        "allowed_turns": [],
        "direction": "Back",
        "index": 0,
        "layer": 0,
        "osm_way_ids": [
          399607540
        ],
        "road": 38,
        "speed_limit": "None",
        "type": "Sidewalk",
        "width": 1.5
      },
      "type": "Feature"
    },
    {
      "geometry": {
        "coordinates": [
          [
            [
              105.85026297998628,
              21.029096399115968
            ],
            [
              105.8496438001623,
              21.02891229987282
            ],
            [
              105.84960924150798,
              21.028887593707445
            ],
            [
              105.84962681710172,
              21.028866173663516
            ],
            [
              105.84965737928839,
              21.02888802178457
            ],
            [
              105.85027175333111,
              21.029070692904877
            ],
            [
              105.85026297998628,
              21.029096399115968
            ]
          ]
        ],
        "type": "Polygon"
      },
      "properties": {
        "allowed_turns": [],
        "direction": "Back",
        "index": 1,
        "layer": 0,
        "osm_way_ids": [
          399607540
        ],
        "road": 38,
        "speed_limit": "None",
        "type": "Driving",
        "width": 3.0
      },
      "type": "Feature"
    },
    {
      "geometry": {
        "coordinates": [
          [
            [
              105.85025420664144,
              21.02912210532706
            ],
            [
              105.84963022296314,
              21.028936577961073
            ],
            [
              105.84959166591425,
              21.028909012852058
            ],
            [
              105.84960924150798,
              21.02888759460677
            ],
            [
              105.84964379823536,
              21.02891229987282
            ],
            [
              105.85026297998628,
              21.029096399115968
            ],
            [
              105.85025420664144,
              21.02912210532706
            ]
          ]
        ],
        "type": "Polygon"
      },
      "properties": {
        "allowed_turns": [],
        "direction": "Fwd",
        "index": 2,
        "layer": 0,
        "osm_way_ids": [
          399607540
        ],
        "road": 38,
        "speed_limit": "None",
        "type": "Driving",
        "width": 3.0
      },
      "type": "Feature"
    },
    {
      "geometry": {
        "coordinates": [
          [
            [
              105.85024982093248,
              21.029134959331923
            ],
            [
              105.8496234391809,
              21.028948718803843
            ],
            [
              105.84958287908084,
              21.028919721974702
            ],
            [
              105.84959166591425,
              21.028909012852058
            ],
            [
              105.84963022585355,
              21.028936579759716
            ],
            [
              105.85025420664144,
              21.029122106226378
            ],
            [
              105.85024982093248,
              21.029134959331923
            ]
          ]
        ],
        "type": "Polygon"
      },
      "properties": {
        "allowed_turns": [],
        "direction": "Fwd",
        "index": 3,
        "layer": 0,
        "osm_way_ids": [
          399607540
        ],
        "road": 38,
        "speed_limit": "None",
        "type": "Sidewalk",
        "width": 1.5
      },
      "type": "Feature"
    },
    {
      "geometry": {
        "coordinates": [
          [
            [
              105.84875697262207,
              21.02840400595351
            ],
            [
              105.84897179335636,
              21.027590779929238
            ],
            [
              105.84901542884812,
              21.027600849634165
            ],
            [
              105.84901427268582,
              21.02760521494163
            ],
            [
              105.84897531579746,
              21.02759622442273
            ],
            [
              105.84876164929854,
              21.02840508334089
            ],
            [
              105.84875697262207,
              21.02840400595351
            ]
          ]
        ],
        "type": "Polygon"
      },
      "properties": {
        "allowed_turns": [],
        "direction": "Back",
        "index": 0,
        "layer": 0,
        "osm_way_ids": [
          399608005
        ],
        "road": 39,
        "speed_limit": "None",
        "type": "Shoulder",
        "width": 0.5
      },
      "type": "Feature"
    },
    {
      "geometry": {
        "coordinates": [
          [
            [
              105.84873826302581,
              21.028399700001273
            ],
            [
              105.84895769973804,
              21.02756900015663
            ],
            [
              105.84902005349727,
              21.02758338930362
            ],
            [
              105.84901542884812,
              21.027600850533485
            ],
            [
              105.84897179142942,
              21.027590779929238
            ],
            [
              105.8487569716586,
              21.02840400595351
            ],
            [
              105.84873826302581,
              21.028399700001273
            ]
          ]
        ],
        "type": "Polygon"
      },
      "properties": {
        "allowed_turns": [],
        "direction": "Back",
        "index": 1,
        "layer": 0,
        "osm_way_ids": [
          399608005
        ],
        "road": 39,
        "speed_limit": "None",
        "type": "Driving",
        "width": 2.0
      },
      "type": "Feature"
    },
    {
      "geometry": {
        "coordinates": [
          [
            [
              105.84871955439303,
              21.02839539404904
            ],
            [
              105.84894360804667,
              21.027547220384026
            ],
            [
              105.84902467814644,
              21.027565928073752
            ],
            [
              105.84902005349727,
              21.02758338930362
            ],
            [
              105.84895769973804,
              21.02756900015663
            ],
            [
              105.84873826302581,
              21.028399700001273
            ],
            [
              105.84871955439303,
              21.02839539404904
            ]
          ]
        ],
        "type": "Polygon"
      },
      "properties": {
        "allowed_turns": [],
        "direction": "Fwd",
        "index": 2,
        "layer": 0,
        "osm_way_ids": [
          399608005
        ],
        "road": 39,
        "speed_limit": "None",
        "type": "Driving",
        "width": 2.0
      },
      "type": "Feature"
    },
    {
      "geometry": {
        "coordinates": [
          [
            [
              105.84871487675309,
              21.028394316661657
            ],
            [
              105.84894008367861,
              21.027541775890537
            ],
            [
              105.84902583430872,
              21.027561563665607
            ],
            [
              105.84902467814644,
              21.027565928973072
            ],
            [
              105.84894360611973,
              21.027547220384026
            ],
            [
              105.84871955342956,
              21.02839539404904
            ],
            [
              105.84871487675309,
              21.028394316661657
            ]
          ]
        ],
        "type": "Polygon"
      },
      "properties": {
        "allowed_turns": [],
        "direction": "Fwd",
        "index": 3,
        "layer": 0,
        "osm_way_ids": [
          399608005
        ],
        "road": 39,
        "speed_limit": "None",
        "type": "Shoulder",
        "width": 0.5
      },
      "type": "Feature"
    },
    {
      "geometry": {
        "coordinates": [
          [
            [
              105.84903411146725,
              21.027605166378258
            ],
            [
              105.84995031998167,
              21.027817092433033
            ],
            [
              105.84994916189245,
              21.0278214577405
            ],
            [
              105.84903295337803,
              21.027609531685727
            ],
            [
              105.84903411146725,
              21.027605166378258
            ]
          ]
        ],
        "type": "Polygon"
      },
      "properties": {
        "allowed_turns": [],
        "direction": "Back",
        "index": 0,
        "layer": 0,
        "osm_way_ids": [
          399608005
        ],
        "road": 40,
        "speed_limit": "None",
        "type": "Shoulder",
        "width": 0.5
      },
      "type": "Feature"
    },
    {
      "geometry": {
        "coordinates": [
          [
            [
              105.84903874671457,
              21.027587708745678
            ],
            [
              105.849954955229,
              21.027799634800452
            ],
            [
              105.84995032094514,
              21.027817092433033
            ],
            [
              105.84903411243073,
              21.027605166378258
            ],
            [
              105.84903874671457,
              21.027587708745678
            ]
          ]
        ],
        "type": "Polygon"
      },
      "properties": {
        "allowed_turns": [],
        "direction": "Back",
        "index": 1,
        "layer": 0,
        "osm_way_ids": [
          399608005
        ],
        "road": 40,
        "speed_limit": "None",
        "type": "Driving",
        "width": 2.0
      },
      "type": "Feature"
    },
    {
      "geometry": {
        "coordinates": [
          [
            [
              105.84904338099841,
              21.027570251113097
            ],
            [
              105.84995958951284,
              21.02778217716787
            ],
            [
              105.849954955229,
              21.027799634800452
            ],
            [
              105.84903874671457,
              21.027587708745678
            ],
            [
              105.84904338099841,
              21.027570251113097
            ]
          ]
        ],
        "type": "Polygon"
      },
      "properties": {
        "allowed_turns": [],
        "direction": "Fwd",
        "index": 2,
        "layer": 0,
        "osm_way_ids": [
          399608005
        ],
        "road": 40,
        "speed_limit": "None",
        "type": "Driving",
        "width": 2.0
      },
      "type": "Feature"
    },
    {
      "geometry": {
        "coordinates": [
          [
            [
              105.84904454005111,
              21.027565885805632
            ],
            [
              105.84996074856554,
              21.027777811860403
            ],
            [
              105.8499595904763,
              21.02778217716787
            ],
            [
              105.84904338196188,
              21.027570251113097
            ],
            [
              105.84904454005111,
              21.027565885805632
            ]
          ]
        ],
        "type": "Polygon"
      },
      "properties": {
        "allowed_turns": [],
        "direction": "Fwd",
        "index": 3,
        "layer": 0,
        "osm_way_ids": [
          399608005
        ],
        "road": 40,
        "speed_limit": "None",
        "type": "Shoulder",
        "width": 0.5
      },
      "type": "Feature"
    },
    {
      "geometry": {
        "coordinates": [
          [
            [
              105.85009204909946,
              21.03122808918873
            ],
            [
              105.85009507824465,
              21.031200391879427
            ],
            [
              105.85011630731124,
              21.031149578405486
            ],
            [
              105.85014025239573,
              21.03105854996369
            ],
            [
              105.8501356605045,
              21.030983305516813
            ],
            [
              105.85016766404016,
              21.030872446132506
            ],
            [
              105.85068082474561,
              21.030276717460854
            ],
            [
              105.85069208769326,
              21.03028517108471
            ],
            [
              105.85018082887477,
              21.0308786910223
            ],
            [
              105.85015022236854,
              21.030984712055933
            ],
            [
              105.85015480462509,
              21.03105980361812
            ],
            [
              105.85013011959673,
              21.031153646936797
            ],
            [
              105.85010925664821,
              21.031203584471413
            ],
            [
              105.85010642597753,
              21.03122945975498
            ],
            [
              105.85009204909946,
              21.03122808918873
            ]
          ]
        ],
        "type": "Polygon"
      },
      "properties": {
        "allowed_turns": [],
        "direction": "Back",
        "index": 0,
        "layer": 0,
        "osm_way_ids": [
          529921993
        ],
        "road": 41,
        "speed_limit": "None",
        "type": "Sidewalk",
        "width": 1.5
      },
      "type": "Feature"
    },
    {
      "geometry": {
        "coordinates": [
          [
            [
              105.85006329437984,
              21.03122534985487
            ],
            [
              105.85006672240102,
              21.031194004896808
            ],
            [
              105.85008869141147,
              21.03114142155779
            ],
            [
              105.85011114793701,
              21.03105604895008
            ],
            [
              105.85010653773989,
              21.030980494237223
            ],
            [
              105.85014133629788,
              21.030859954554277
            ],
            [
              105.85065829885033,
              21.030259812011792
            ],
            [
              105.85068082474561,
              21.030276717460854
            ],
            [
              105.85016766404016,
              21.030872446132506
            ],
            [
              105.85013566146797,
              21.030983305516813
            ],
            [
              105.85014025239573,
              21.031058550863012
            ],
            [
              105.8501163082747,
              21.031149578405486
            ],
            [
              105.85009507728118,
              21.031200395476713
            ],
            [
              105.85009204813599,
              21.03122808918873
            ],
            [
              105.85006329437984,
              21.03122534985487
            ]
          ]
        ],
        "type": "Polygon"
      },
      "properties": {
        "allowed_turns": [],
        "direction": "Fwd",
        "index": 1,
        "layer": 0,
        "osm_way_ids": [
          529921993
        ],
        "road": 41,
        "speed_limit": "None",
        "type": "Driving",
        "width": 3.0
      },
      "type": "Feature"
    },
    {
      "geometry": {
        "coordinates": [
          [
            [
              105.8500489165383,
              21.031223979288622
            ],
            [
              105.85005254303401,
              21.031190815902107
            ],
            [
              105.85007488008945,
              21.03113735302648
            ],
            [
              105.85009659570765,
              21.03105479619497
            ],
            [
              105.85009197683931,
              21.030979086798784
            ],
            [
              105.85012817146327,
              21.030853709664488
            ],
            [
              105.8506470359027,
              21.030251358387936
            ],
            [
              105.85065829885033,
              21.030259812011792
            ],
            [
              105.85014133629788,
              21.030859954554277
            ],
            [
              105.85010653870336,
              21.030980495136543
            ],
            [
              105.85011114793701,
              21.0310560498494
            ],
            [
              105.85008869237494,
              21.03114142155779
            ],
            [
              105.85006672143756,
              21.031194008494094
            ],
            [
              105.85006329341637,
              21.03122534985487
            ],
            [
              105.8500489165383,
              21.031223979288622
            ]
          ]
        ],
        "type": "Polygon"
      },
      "properties": {
        "allowed_turns": [],
        "direction": "Fwd",
        "index": 2,
        "layer": 0,
        "osm_way_ids": [
          529921993
        ],
        "road": 41,
        "speed_limit": "None",
        "type": "Sidewalk",
        "width": 1.5
      },
      "type": "Feature"
    },
    {
      "geometry": {
        "coordinates": [
          [
            [
              105.85319354308136,
              21.02548480416146
            ],
            [
              105.85331145140209,
              21.026035704345
            ],
            [
              105.85328310808356,
              21.026040990557874
            ],
            [
              105.85316519976281,
              21.025490090374337
            ],
            [
              105.85319354308136,
              21.02548480416146
            ]
          ]
        ],
        "type": "Polygon"
      },
      "properties": {
        "allowed_turns": [],
        "direction": "Fwd",
        "index": 0,
        "layer": 0,
        "osm_way_ids": [
          599200595
        ],
        "road": 42,
        "speed_limit": "None",
        "type": "Driving",
        "width": 3.0
      },
      "type": "Feature"
    },
    {
      "geometry": {
        "coordinates": [
          [
            [
              105.85322188736336,
              21.02547951884791
            ],
            [
              105.8533397956841,
              21.026030419031446
            ],
            [
              105.85331145236556,
              21.026035705244322
            ],
            [
              105.85319354404483,
              21.025484805060785
            ],
            [
              105.85322188736336,
              21.02547951884791
            ]
          ]
        ],
        "type": "Polygon"
      },
      "properties": {
        "allowed_turns": [],
        "direction": "Fwd",
        "index": 1,
        "layer": 0,
        "osm_way_ids": [
          599200595
        ],
        "road": 42,
        "speed_limit": "None",
        "type": "Driving",
        "width": 3.0
      },
      "type": "Feature"
    },
    {
      "geometry": {
        "coordinates": [
          [
            [
              105.85325023164538,
              21.025474233534357
            ],
            [
              105.85336813996611,
              21.026025133717894
            ],
            [
              105.85333979664757,
              21.02603041993077
            ],
            [
              105.85322188832683,
              21.025479519747233
            ],
            [
              105.85325023164538,
              21.025474233534357
            ]
          ]
        ],
        "type": "Polygon"
      },
      "properties": {
        "allowed_turns": [],
        "direction": "Fwd",
        "index": 2,
        "layer": 0,
        "osm_way_ids": [
          599200595
        ],
        "road": 42,
        "speed_limit": "None",
        "type": "Driving",
        "width": 3.0
      },
      "type": "Feature"
    },
    {
      "geometry": {
        "coordinates": [
          [
            [
              105.85327857496391,
              21.025468947321485
            ],
            [
              105.85339648328464,
              21.02601984750502
            ],
            [
              105.85336813996611,
              21.026025133717894
            ],
            [
              105.85325023164538,
              21.025474233534357
            ],
            [
              105.85327857496391,
              21.025468947321485
            ]
          ]
        ],
        "type": "Polygon"
      },
      "properties": {
        "allowed_turns": [],
        "direction": "Fwd",
        "index": 3,
        "layer": 0,
        "osm_way_ids": [
          599200595
        ],
        "road": 42,
        "speed_limit": "None",
        "type": "Driving",
        "width": 3.0
      },
      "type": "Feature"
    },
    {
      "geometry": {
        "coordinates": [
          [
            [
              105.85329274758665,
              21.02546630601369
            ],
            [
              105.85341065590738,
              21.026017206197228
            ],
            [
              105.85339648328464,
              21.026019848404342
            ],
            [
              105.85327857496391,
              21.025468948220805
            ],
            [
              105.85329274758665,
              21.02546630601369
            ]
          ]
        ],
        "type": "Polygon"
      },
      "properties": {
        "allowed_turns": [],
        "direction": "Fwd",
        "index": 4,
        "layer": 0,
        "osm_way_ids": [
          599200595
        ],
        "road": 42,
        "speed_limit": "None",
        "type": "Sidewalk",
        "width": 1.5
      },
      "type": "Feature"
    },
    {
      "geometry": {
        "coordinates": [
          [
            [
              105.85332679174874,
              21.02611282387759
            ],
            [
              105.8534858257256,
              21.02704223416988
            ],
            [
              105.85345728393254,
              21.0270464897601
            ],
            [
              105.85329824995569,
              21.026117079467813
            ],
            [
              105.85332679174874,
              21.02611282387759
            ]
          ]
        ],
        "type": "Polygon"
      },
      "properties": {
        "allowed_turns": [],
        "direction": "Fwd",
        "index": 0,
        "layer": 0,
        "osm_way_ids": [
          599200595
        ],
        "road": 43,
        "speed_limit": "None",
        "type": "Driving",
        "width": 3.0
      },
      "type": "Feature"
    },
    {
      "geometry": {
        "coordinates": [
          [
            [
              105.85335533450528,
              21.026108569186693
            ],
            [
              105.85351436848214,
              21.02703797947898
            ],
            [
              105.85348582668907,
              21.0270422350692
            ],
            [
              105.85332679271221,
              21.026112824776913
            ],
            [
              105.85335533450528,
              21.026108569186693
            ]
          ]
        ],
        "type": "Polygon"
      },
      "properties": {
        "allowed_turns": [],
        "direction": "Fwd",
        "index": 1,
        "layer": 0,
        "osm_way_ids": [
          599200595
        ],
        "road": 43,
        "speed_limit": "None",
        "type": "Driving",
        "width": 3.0
      },
      "type": "Feature"
    },
    {
      "geometry": {
        "coordinates": [
          [
            [
              105.85338387629834,
              21.02610431359647
            ],
            [
              105.8535429102752,
              21.027033723888756
            ],
            [
              105.85351436848214,
              21.02703797947898
            ],
            [
              105.85335533450528,
              21.026108569186693
            ],
            [
              105.85338387629834,
              21.02610431359647
            ]
          ]
        ],
        "type": "Polygon"
      },
      "properties": {
        "allowed_turns": [],
        "direction": "Fwd",
        "index": 2,
        "layer": 0,
        "osm_way_ids": [
          599200595
        ],
        "road": 43,
        "speed_limit": "None",
        "type": "Driving",
        "width": 3.0
      },
      "type": "Feature"
    },
    {
      "geometry": {
        "coordinates": [
          [
            [
              105.85341241905488,
              21.02610005800625
            ],
            [
              105.85357145303173,
              21.027029468298537
            ],
            [
              105.85354291123866,
              21.027033723888756
            ],
            [
              105.8533838772618,
              21.02610431359647
            ],
            [
              105.85341241905488,
              21.02610005800625
            ]
          ]
        ],
        "type": "Polygon"
      },
      "properties": {
        "allowed_turns": [],
        "direction": "Fwd",
        "index": 3,
        "layer": 0,
        "osm_way_ids": [
          599200595
        ],
        "road": 43,
        "speed_limit": "None",
        "type": "Driving",
        "width": 3.0
      },
      "type": "Feature"
    },
    {
      "geometry": {
        "coordinates": [
          [
            [
              105.8534266899514,
              21.02609793111046
            ],
            [
              105.85358572392826,
              21.027027341402746
            ],
            [
              105.85357145303173,
              21.02702946919786
            ],
            [
              105.85341241905488,
              21.02610005890557
            ],
            [
              105.8534266899514,
              21.02609793111046
            ]
          ]
        ],
        "type": "Polygon"
      },
      "properties": {
        "allowed_turns": [],
        "direction": "Fwd",
        "index": 4,
        "layer": 0,
        "osm_way_ids": [
          599200595
        ],
        "road": 43,
        "speed_limit": "None",
        "type": "Sidewalk",
        "width": 1.5
      },
      "type": "Feature"
    },
    {
      "geometry": {
        "coordinates": [
          [
            [
              105.85349317699082,
              21.027086088692606
            ],
            [
              105.85352967992473,
              21.027308217551912
            ],
            [
              105.85350110922761,
              21.027312307666943
            ],
            [
              105.85346460629371,
              21.027090178807637
            ],
            [
              105.85349317699082,
              21.027086088692606
            ]
          ]
        ],
        "type": "Polygon"
      },
      "properties": {
        "allowed_turns": [],
        "direction": "Fwd",
        "index": 0,
        "layer": 0,
        "osm_way_ids": [
          599200595
        ],
        "road": 44,
        "speed_limit": "None",
        "type": "Driving",
        "width": 3.0
      },
      "type": "Feature"
    },
    {
      "geometry": {
        "coordinates": [
          [
            [
              105.85352174672448,
              21.027081997678252
            ],
            [
              105.85355824965838,
              21.027304126537558
            ],
            [
              105.85352967896125,
              21.02730821665259
            ],
            [
              105.85349317602736,
              21.027086087793283
            ],
            [
              105.85352174672448,
              21.027081997678252
            ]
          ]
        ],
        "type": "Polygon"
      },
      "properties": {
        "allowed_turns": [],
        "direction": "Fwd",
        "index": 1,
        "layer": 0,
        "osm_way_ids": [
          599200595
        ],
        "road": 44,
        "speed_limit": "None",
        "type": "Driving",
        "width": 3.0
      },
      "type": "Feature"
    },
    {
      "geometry": {
        "coordinates": [
          [
            [
              105.85355031645814,
              21.02707790756322
            ],
            [
              105.85358681939204,
              21.027300036422528
            ],
            [
              105.85355824869491,
              21.027304126537558
            ],
            [
              105.85352174576101,
              21.027081997678252
            ],
            [
              105.85355031645814,
              21.02707790756322
            ]
          ]
        ],
        "type": "Polygon"
      },
      "properties": {
        "allowed_turns": [],
        "direction": "Fwd",
        "index": 2,
        "layer": 0,
        "osm_way_ids": [
          599200595
        ],
        "road": 44,
        "speed_limit": "None",
        "type": "Driving",
        "width": 3.0
      },
      "type": "Feature"
    },
    {
      "geometry": {
        "coordinates": [
          [
            [
              105.85357888619178,
              21.027073816548867
            ],
            [
              105.8536153891257,
              21.027295945408177
            ],
            [
              105.85358681842857,
              21.027300035523208
            ],
            [
              105.85355031549467,
              21.027077906663898
            ],
            [
              105.85357888619178,
              21.027073816548867
            ]
          ]
        ],
        "type": "Polygon"
      },
      "properties": {
        "allowed_turns": [],
        "direction": "Fwd",
        "index": 3,
        "layer": 0,
        "osm_way_ids": [
          599200595
        ],
        "road": 44,
        "speed_limit": "None",
        "type": "Driving",
        "width": 3.0
      },
      "type": "Feature"
    },
    {
      "geometry": {
        "coordinates": [
          [
            [
              105.85359317057689,
              21.027071771491354
            ],
            [
              105.85362967351078,
              21.02729390035066
            ],
            [
              105.8536153891257,
              21.027295945408177
            ],
            [
              105.85357888619178,
              21.027073816548867
            ],
            [
              105.85359317057689,
              21.027071771491354
            ]
          ]
        ],
        "type": "Polygon"
      },
      "properties": {
        "allowed_turns": [],
        "direction": "Fwd",
        "index": 4,
        "layer": 0,
        "osm_way_ids": [
          599200595
        ],
        "road": 44,
        "speed_limit": "None",
        "type": "Sidewalk",
        "width": 1.5
      },
      "type": "Feature"
    },
    {
      "geometry": {
        "coordinates": [
          [
            [
              105.85353800332975,
              21.02736064171099
            ],
            [
              105.85361559627142,
              21.027867209831985
            ],
            [
              105.85358698318169,
              21.027871028351868
            ],
            [
              105.85350939024,
              21.02736446023087
            ],
            [
              105.85353800332975,
              21.02736064171099
            ]
          ]
        ],
        "type": "Polygon"
      },
      "properties": {
        "allowed_turns": [],
        "direction": "Fwd",
        "index": 0,
        "layer": 0,
        "osm_way_ids": [
          599200595
        ],
        "road": 45,
        "speed_limit": "None",
        "type": "Driving",
        "width": 3.0
      },
      "type": "Feature"
    },
    {
      "geometry": {
        "coordinates": [
          [
            [
              105.85356661641949,
              21.02735682319111
            ],
            [
              105.85364420936116,
              21.027863391312103
            ],
            [
              105.85361559627142,
              21.027867209831985
            ],
            [
              105.85353800332975,
              21.02736064171099
            ],
            [
              105.85356661641949,
              21.02735682319111
            ]
          ]
        ],
        "type": "Polygon"
      },
      "properties": {
        "allowed_turns": [],
        "direction": "Fwd",
        "index": 1,
        "layer": 0,
        "osm_way_ids": [
          599200595
        ],
        "road": 45,
        "speed_limit": "None",
        "type": "Driving",
        "width": 3.0
      },
      "type": "Feature"
    },
    {
      "geometry": {
        "coordinates": [
          [
            [
              105.85359522854576,
              21.027353003771907
            ],
            [
              105.85367282148744,
              21.0278595718929
            ],
            [
              105.8536442083977,
              21.027863390412783
            ],
            [
              105.85356661545602,
              21.027356822291786
            ],
            [
              105.85359522854576,
              21.027353003771907
            ]
          ]
        ],
        "type": "Polygon"
      },
      "properties": {
        "allowed_turns": [],
        "direction": "Fwd",
        "index": 2,
        "layer": 0,
        "osm_way_ids": [
          599200595
        ],
        "road": 45,
        "speed_limit": "None",
        "type": "Driving",
        "width": 3.0
      },
      "type": "Feature"
    },
    {
      "geometry": {
        "coordinates": [
          [
            [
              105.8536238416355,
              21.027349185252024
            ],
            [
              105.85370143457718,
              21.027855753373018
            ],
            [
              105.85367282148744,
              21.0278595718929
            ],
            [
              105.85359522854576,
              21.027353003771907
            ],
            [
              105.8536238416355,
              21.027349185252024
            ]
          ]
        ],
        "type": "Polygon"
      },
      "properties": {
        "allowed_turns": [],
        "direction": "Fwd",
        "index": 3,
        "layer": 0,
        "osm_way_ids": [
          599200595
        ],
        "road": 45,
        "speed_limit": "None",
        "type": "Driving",
        "width": 3.0
      },
      "type": "Feature"
    },
    {
      "geometry": {
        "coordinates": [
          [
            [
              105.85363814818037,
              21.027347275992085
            ],
            [
              105.85371574112204,
              21.02785384411308
            ],
            [
              105.85370143554064,
              21.02785575427234
            ],
            [
              105.85362384259896,
              21.027349186151348
            ],
            [
              105.85363814818037,
              21.027347275992085
            ]
          ]
        ],
        "type": "Polygon"
      },
      "properties": {
        "allowed_turns": [],
        "direction": "Fwd",
        "index": 4,
        "layer": 0,
        "osm_way_ids": [
          599200595
        ],
        "road": 45,
        "speed_limit": "None",
        "type": "Sidewalk",
        "width": 1.5
      },
      "type": "Feature"
    },
    {
      "geometry": {
        "coordinates": [
          [
            [
              105.85359248169685,
              21.02706732164765
            ],
            [
              105.85437558124683,
              21.026961636061003
            ],
            [
              105.85437627109033,
              21.026966085904707
            ],
            [
              105.85359317154035,
              21.027071771491354
            ],
            [
              105.85359248169685,
              21.02706732164765
            ]
          ]
        ],
        "type": "Polygon"
      },
      "properties": {
        "allowed_turns": [],
        "direction": "Back",
        "index": 0,
        "layer": 0,
        "osm_way_ids": [
          599510061
        ],
        "road": 46,
        "speed_limit": "None",
        "type": "Shoulder",
        "width": 0.5
      },
      "type": "Feature"
    },
    {
      "geometry": {
        "coordinates": [
          [
            [
              105.85358972424979,
              21.027049520474183
            ],
            [
              105.85437282379976,
              21.026943834887536
            ],
            [
              105.85437558124683,
              21.026961636061003
            ],
            [
              105.85359248169685,
              21.02706732164765
            ],
            [
              105.85358972424979,
              21.027049520474183
            ]
          ]
        ],
        "type": "Polygon"
      },
      "properties": {
        "allowed_turns": [],
        "direction": "Back",
        "index": 1,
        "layer": 0,
        "osm_way_ids": [
          599510061
        ],
        "road": 46,
        "speed_limit": "None",
        "type": "Driving",
        "width": 2.0
      },
      "type": "Feature"
    },
    {
      "geometry": {
        "coordinates": [
          [
            [
              105.85358696680272,
              21.02703171930072
            ],
            [
              105.8543700663527,
              21.026926033714073
            ],
            [
              105.85437282379976,
              21.026943834887536
            ],
            [
              105.85358972424979,
              21.027049520474183
            ],
            [
              105.85358696680272,
              21.02703171930072
            ]
          ]
        ],
        "type": "Polygon"
      },
      "properties": {
        "allowed_turns": [],
        "direction": "Fwd",
        "index": 2,
        "layer": 0,
        "osm_way_ids": [
          599510061
        ],
        "road": 46,
        "speed_limit": "None",
        "type": "Driving",
        "width": 2.0
      },
      "type": "Feature"
    },
    {
      "geometry": {
        "coordinates": [
          [
            [
              105.85358627695922,
              21.02702726945701
            ],
            [
              105.8543693765092,
              21.026921583870365
            ],
            [
              105.8543700663527,
              21.026926033714073
            ],
            [
              105.85358696680272,
              21.02703171930072
            ],
            [
              105.85358627695922,
              21.02702726945701
            ]
          ]
        ],
        "type": "Polygon"
      },
      "properties": {
        "allowed_turns": [],
        "direction": "Fwd",
        "index": 3,
        "layer": 0,
        "osm_way_ids": [
          599510061
        ],
        "road": 46,
        "speed_limit": "None",
        "type": "Shoulder",
        "width": 0.5
      },
      "type": "Feature"
    },
    {
      "geometry": {
        "coordinates": [
          [
            [
              105.8500770767978,
              21.027479995188628
            ],
            [
              105.85000671854165,
              21.02746550261965
            ],
            [
              105.8500108710912,
              21.02744793886711
            ],
            [
              105.85008122934735,
              21.02746243143609
            ],
            [
              105.8500770767978,
              21.027479995188628
            ]
          ]
        ],
        "type": "Polygon"
      },
      "properties": {
        "allowed_turns": [],
        "direction": "Fwd",
        "index": 0,
        "layer": 0,
        "osm_way_ids": [
          599510063
        ],
        "road": 47,
        "speed_limit": "None",
        "type": "Footway",
        "width": 2.0
      },
      "type": "Feature"
    },
    {
      "geometry": {
        "coordinates": [
          [
            [
              105.8499925035263,
              21.027442501568192
            ],
            [
              105.85009808523007,
              21.02713171847634
            ],
            [
              105.84949782985585,
              21.027199926630338
            ],
            [
              105.84940635140507,
              21.02724506448511
            ],
            [
              105.84926454135592,
              21.027252766276035
            ],
            [
              105.84913967871901,
              21.02721985829688
            ],
            [
              105.84904454005111,
              21.02756588490631
            ],
            [
              105.84902587573788,
              21.027561413478885
            ],
            [
              105.84912592038776,
              21.027197542528548
            ],
            [
              105.84926665905985,
              21.02723463415219
            ],
            [
              105.84940104847402,
              21.027227335257383
            ],
            [
              105.84949197003998,
              21.027182472595047
            ],
            [
              105.85012551518041,
              21.02711048189403
            ],
            [
              105.8500108710912,
              21.02744793886711
            ],
            [
              105.8499925035263,
              21.027442501568192
            ]
          ]
        ],
        "type": "Polygon"
      },
      "properties": {
        "allowed_turns": [],
        "direction": "Fwd",
        "index": 0,
        "layer": 0,
        "osm_way_ids": [
          599510063
        ],
        "road": 48,
        "speed_limit": "None",
        "type": "Footway",
        "width": 2.0
      },
      "type": "Feature"
    },
    {
      "geometry": {
        "coordinates": [
          [
            [
              105.8494262325791,
              21.026542063823364
            ],
            [
              105.84926018936837,
              21.02602953499823
            ],
            [
              105.84926480052897,
              21.026028232780426
            ],
            [
              105.84943084373971,
              21.02654076160556
            ],
            [
              105.8494262325791,
              21.026542063823364
            ]
          ]
        ],
        "type": "Polygon"
      },
      "properties": {
        "allowed_turns": [],
        "direction": "Back",
        "index": 0,
        "layer": 0,
        "osm_way_ids": [
          599510065
        ],
        "road": 49,
        "speed_limit": "None",
        "type": "Shoulder",
        "width": 0.5
      },
      "type": "Feature"
    },
    {
      "geometry": {
        "coordinates": [
          [
            [
              105.84940778793671,
              21.026547269996605
            ],
            [
              105.84924174472597,
              21.026034741171472
            ],
            [
              105.84926018936837,
              21.026029534098907
            ],
            [
              105.8494262325791,
              21.02654206292404
            ],
            [
              105.84940778793671,
              21.026547269996605
            ]
          ]
        ],
        "type": "Polygon"
      },
      "properties": {
        "allowed_turns": [],
        "direction": "Back",
        "index": 1,
        "layer": 0,
        "osm_way_ids": [
          599510065
        ],
        "road": 49,
        "speed_limit": "None",
        "type": "Driving",
        "width": 2.0
      },
      "type": "Feature"
    },
    {
      "geometry": {
        "coordinates": [
          [
            [
              105.8493893432943,
              21.02655247706917
            ],
            [
              105.84922330008357,
              21.026039948244037
            ],
            [
              105.84924174472597,
              21.026034741171472
            ],
            [
              105.84940778793671,
              21.026547269996605
            ],
            [
              105.8493893432943,
              21.02655247706917
            ]
          ]
        ],
        "type": "Polygon"
      },
      "properties": {
        "allowed_turns": [],
        "direction": "Fwd",
        "index": 2,
        "layer": 0,
        "osm_way_ids": [
          599510065
        ],
        "road": 49,
        "speed_limit": "None",
        "type": "Driving",
        "width": 2.0
      },
      "type": "Feature"
    },
    {
      "geometry": {
        "coordinates": [
          [
            [
              105.84938473213371,
              21.02655377838765
            ],
            [
              105.84921868892297,
              21.026041249562518
            ],
            [
              105.84922330008357,
              21.026039947344717
            ],
            [
              105.8493893432943,
              21.02655247616985
            ],
            [
              105.84938473213371,
              21.02655377838765
            ]
          ]
        ],
        "type": "Polygon"
      },
      "properties": {
        "allowed_turns": [],
        "direction": "Fwd",
        "index": 3,
        "layer": 0,
        "osm_way_ids": [
          599510065
        ],
        "road": 49,
        "speed_limit": "None",
        "type": "Shoulder",
        "width": 0.5
      },
      "type": "Feature"
    },
    {
      "geometry": {
        "coordinates": [
          [
            [
              105.84857193848225,
              21.026183807338317
            ],
            [
              105.84864168878974,
              21.026385913699592
            ],
            [
              105.84863710267932,
              21.02638729325906
            ],
            [
              105.84856735237183,
              21.026185186897784
            ],
            [
              105.84857193848225,
              21.026183807338317
            ]
          ]
        ],
        "type": "Polygon"
      },
      "properties": {
        "allowed_turns": [],
        "direction": "Back",
        "index": 0,
        "layer": 0,
        "osm_way_ids": [
          599510067
        ],
        "road": 50,
        "speed_limit": "None",
        "type": "Shoulder",
        "width": 0.5
      },
      "type": "Feature"
    },
    {
      "geometry": {
        "coordinates": [
          [
            [
              105.84859027907004,
              21.026178292697733
            ],
            [
              105.84866002937753,
              21.02638039905901
            ],
            [
              105.84864168878974,
              21.026385913699592
            ],
            [
              105.84857193848225,
              21.026183807338317
            ],
            [
              105.84859027907004,
              21.026178292697733
            ]
          ]
        ],
        "type": "Polygon"
      },
      "properties": {
        "allowed_turns": [],
        "direction": "Back",
        "index": 1,
        "layer": 0,
        "osm_way_ids": [
          599510067
        ],
        "road": 50,
        "speed_limit": "None",
        "type": "Driving",
        "width": 2.0
      },
      "type": "Feature"
    },
    {
      "geometry": {
        "coordinates": [
          [
            [
              105.84860861965784,
              21.026172778057152
            ],
            [
              105.84867836996533,
              21.026374884418427
            ],
            [
              105.84866002937753,
              21.02638039905901
            ],
            [
              105.84859027907004,
              21.026178292697733
            ],
            [
              105.84860861965784,
              21.026172778057152
            ]
          ]
        ],
        "type": "Polygon"
      },
      "properties": {
        "allowed_turns": [],
        "direction": "Fwd",
        "index": 2,
        "layer": 0,
        "osm_way_ids": [
          599510067
        ],
        "road": 50,
        "speed_limit": "None",
        "type": "Driving",
        "width": 2.0
      },
      "type": "Feature"
    },
    {
      "geometry": {
        "coordinates": [
          [
            [
              105.84861320576826,
              21.026171398497684
            ],
            [
              105.84868295607573,
              21.02637350485896
            ],
            [
              105.84867836996533,
              21.026374884418427
            ],
            [
              105.84860861965784,
              21.026172778057152
            ],
            [
              105.84861320576826,
              21.026171398497684
            ]
          ]
        ],
        "type": "Polygon"
      },
      "properties": {
        "allowed_turns": [],
        "direction": "Fwd",
        "index": 3,
        "layer": 0,
        "osm_way_ids": [
          599510067
        ],
        "road": 50,
        "speed_limit": "None",
        "type": "Shoulder",
        "width": 0.5
      },
      "type": "Feature"
    },
    {
      "geometry": {
        "coordinates": [
          [
            [
              105.84770680343699,
              21.026426433537505
            ],
            [
              105.84856523274097,
              21.02618108868886
            ],
            [
              105.84856664325896,
              21.02618538744652
            ],
            [
              105.84770821395499,
              21.026430732295168
            ],
            [
              105.84770680343699,
              21.026426433537505
            ]
          ]
        ],
        "type": "Polygon"
      },
      "properties": {
        "allowed_turns": [],
        "direction": "Back",
        "index": 0,
        "layer": -1,
        "osm_way_ids": [
          599510068
        ],
        "road": 51,
        "speed_limit": "None",
        "type": "Shoulder",
        "width": 0.5
      },
      "type": "Feature"
    },
    {
      "geometry": {
        "coordinates": [
          [
            [
              105.84770116232848,
              21.026409234909572
            ],
            [
              105.84855959163247,
              21.02616389006092
            ],
            [
              105.84856523370443,
              21.02618108868886
            ],
            [
              105.84770680440046,
              21.026426433537505
            ],
            [
              105.84770116232848,
              21.026409234909572
            ]
          ]
        ],
        "type": "Polygon"
      },
      "properties": {
        "allowed_turns": [],
        "direction": "Back",
        "index": 1,
        "layer": -1,
        "osm_way_ids": [
          599510068
        ],
        "road": 51,
        "speed_limit": "None",
        "type": "Driving",
        "width": 2.0
      },
      "type": "Feature"
    },
    {
      "geometry": {
        "coordinates": [
          [
            [
              105.84769552025651,
              21.026392036281635
            ],
            [
              105.84855394956048,
              21.026146691432988
            ],
            [
              105.84855959163247,
              21.02616389006092
            ],
            [
              105.84770116232848,
              21.026409234909572
            ],
            [
              105.84769552025651,
              21.026392036281635
            ]
          ]
        ],
        "type": "Polygon"
      },
      "properties": {
        "allowed_turns": [],
        "direction": "Fwd",
        "index": 2,
        "layer": -1,
        "osm_way_ids": [
          599510068
        ],
        "road": 51,
        "speed_limit": "None",
        "type": "Driving",
        "width": 2.0
      },
      "type": "Feature"
    },
    {
      "geometry": {
        "coordinates": [
          [
            [
              105.84769411070198,
              21.026387737523972
            ],
            [
              105.84855254000597,
              21.026142392675325
            ],
            [
              105.84855395052395,
              21.026146691432988
            ],
            [
              105.84769552121998,
              21.026392036281635
            ],
            [
              105.84769411070198,
              21.026387737523972
            ]
          ]
        ],
        "type": "Polygon"
      },
      "properties": {
        "allowed_turns": [],
        "direction": "Fwd",
        "index": 3,
        "layer": -1,
        "osm_way_ids": [
          599510068
        ],
        "road": 51,
        "speed_limit": "None",
        "type": "Shoulder",
        "width": 0.5
      },
      "type": "Feature"
    },
    {
      "geometry": {
        "coordinates": [
          [
            [
              105.84859378320525,
              21.026129916385567
            ],
            [
              105.84846179090088,
              21.025749746128984
            ],
            [
              105.84771358914617,
              21.02597602895516
            ],
            [
              105.84771210347762,
              21.02597175178122
            ],
            [
              105.84846488748889,
              21.025744082201
            ],
            [
              105.8485983654618,
              21.026128529631528
            ],
            [
              105.84859378320525,
              21.026129916385567
            ]
          ]
        ],
        "type": "Polygon"
      },
      "properties": {
        "allowed_turns": [],
        "direction": "Back",
        "index": 0,
        "layer": -1,
        "osm_way_ids": [
          599510068
        ],
        "road": 52,
        "speed_limit": "None",
        "type": "Shoulder",
        "width": 0.5
      },
      "type": "Feature"
    },
    {
      "geometry": {
        "coordinates": [
          [
            [
              105.84857545225215,
              21.026135461603086
            ],
            [
              105.84844939973155,
              21.025772400042268
            ],
            [
              105.84771952796646,
              21.02599313944957
            ],
            [
              105.84771358914617,
              21.02597602895516
            ],
            [
              105.84846178993742,
              21.025749746128984
            ],
            [
              105.84859378320525,
              21.026129916385567
            ],
            [
              105.84857545225215,
              21.026135461603086
            ]
          ]
        ],
        "type": "Polygon"
      },
      "properties": {
        "allowed_turns": [],
        "direction": "Back",
        "index": 1,
        "layer": -1,
        "osm_way_ids": [
          599510068
        ],
        "road": 52,
        "speed_limit": "None",
        "type": "Driving",
        "width": 2.0
      },
      "type": "Feature"
    },
    {
      "geometry": {
        "coordinates": [
          [
            [
              105.84855712129904,
              21.026141006820605
            ],
            [
              105.84843700952567,
              21.025795053955555
            ],
            [
              105.84772546678676,
              21.02601024994398
            ],
            [
              105.84771952796646,
              21.02599313944957
            ],
            [
              105.84844939973155,
              21.025772400042268
            ],
            [
              105.84857545225215,
              21.026135461603086
            ],
            [
              105.84855712129904,
              21.026141006820605
            ]
          ]
        ],
        "type": "Polygon"
      },
      "properties": {
        "allowed_turns": [],
        "direction": "Fwd",
        "index": 2,
        "layer": -1,
        "osm_way_ids": [
          599510068
        ],
        "road": 52,
        "speed_limit": "None",
        "type": "Driving",
        "width": 2.0
      },
      "type": "Feature"
    },
    {
      "geometry": {
        "coordinates": [
          [
            [
              105.8485525390425,
              21.02614239357465
            ],
            [
              105.8484339119742,
              21.025800717883538
            ],
            [
              105.8477269524553,
              21.026014527117923
            ],
            [
              105.84772546678676,
              21.02601024994398
            ],
            [
              105.8484370085622,
              21.025795053955555
            ],
            [
              105.84855712129904,
              21.026141006820605
            ],
            [
              105.8485525390425,
              21.02614239357465
            ]
          ]
        ],
        "type": "Polygon"
      },
      "properties": {
        "allowed_turns": [],
        "direction": "Fwd",
        "index": 3,
        "layer": -1,
        "osm_way_ids": [
          599510068
        ],
        "road": 52,
        "speed_limit": "None",
        "type": "Shoulder",
        "width": 0.5
      },
      "type": "Feature"
    },
    {
      "geometry": {
        "coordinates": [
          [
            [
              105.84686840753508,
              21.02649898631457
            ],
            [
              105.84635996975258,
              21.026645146773046
            ],
            [
              105.84634096340801,
              21.026745728709123
            ],
            [
              105.84650147919953,
              21.027184972709335
            ],
            [
              105.84703949450382,
              21.027032117700227
            ],
            [
              105.84704089731406,
              21.027036420055175
            ],
            [
              105.84649842500416,
              21.027190541309217
            ],
            [
              105.84633600347179,
              21.026746086639154
            ],
            [
              105.84635573627166,
              21.02664165920355
            ],
            [
              105.84686698930935,
              21.026494689355555
            ],
            [
              105.84686840753508,
              21.02649898631457
            ]
          ]
        ],
        "type": "Polygon"
      },
      "properties": {
        "allowed_turns": [],
        "direction": "Back",
        "index": 0,
        "layer": 0,
        "osm_way_ids": [
          599510069
        ],
        "road": 53,
        "speed_limit": "None",
        "type": "Shoulder",
        "width": 0.5
      },
      "type": "Feature"
    },
    {
      "geometry": {
        "coordinates": [
          [
            [
              105.84687407851112,
              21.02651617594929
            ],
            [
              105.84637689982239,
              21.026659099749015
            ],
            [
              105.8463608002625,
              21.02674429968696
            ],
            [
              105.84651369983494,
              21.027162700108445
            ],
            [
              105.84703388326284,
              21.027014910978394
            ],
            [
              105.84703949450382,
              21.027032118599546
            ],
            [
              105.84650147919953,
              21.02718497450798
            ],
            [
              105.84634096244454,
              21.026745731407086
            ],
            [
              105.84635996975258,
              21.02664514767237
            ],
            [
              105.84686840753508,
              21.02649898631457
            ],
            [
              105.84687407851112,
              21.02651617594929
            ]
          ]
        ],
        "type": "Polygon"
      },
      "properties": {
        "allowed_turns": [],
        "direction": "Back",
        "index": 1,
        "layer": 0,
        "osm_way_ids": [
          599510069
        ],
        "road": 53,
        "speed_limit": "None",
        "type": "Driving",
        "width": 2.0
      },
      "type": "Feature"
    },
    {
      "geometry": {
        "coordinates": [
          [
            [
              105.84687974948716,
              21.026533365584008
            ],
            [
              105.84639382989218,
              21.02667305182566
            ],
            [
              105.84638063808046,
              21.02674286796684
            ],
            [
              105.84652592047034,
              21.02714042570891
            ],
            [
              105.84702827202186,
              21.026997703357242
            ],
            [
              105.84703388326284,
              21.027014910978394
            ],
            [
              105.84651369983494,
              21.027162700108445
            ],
            [
              105.8463608002625,
              21.02674429968696
            ],
            [
              105.84637689982239,
              21.026659099749015
            ],
            [
              105.84687407851112,
              21.02651617594929
            ],
            [
              105.84687974948716,
              21.026533365584008
            ]
          ]
        ],
        "type": "Polygon"
      },
      "properties": {
        "allowed_turns": [],
        "direction": "Fwd",
        "index": 2,
        "layer": 0,
        "osm_way_ids": [
          599510069
        ],
        "road": 53,
        "speed_limit": "None",
        "type": "Driving",
        "width": 2.0
      },
      "type": "Feature"
    },
    {
      "geometry": {
        "coordinates": [
          [
            [
              105.8468811677129,
              21.026537662543028
            ],
            [
              105.8463980633731,
              21.026676540294485
            ],
            [
              105.84638559705321,
              21.02674251273477
            ],
            [
              105.84652897466573,
              21.02713485890767
            ],
            [
              105.84702686921162,
              21.026993401901617
            ],
            [
              105.84702827202186,
              21.026997704256566
            ],
            [
              105.84652592047034,
              21.027140427507554
            ],
            [
              105.846380637117,
              21.0267428706648
            ],
            [
              105.84639382989218,
              21.026673052724984
            ],
            [
              105.84687974948716,
              21.026533365584008
            ],
            [
              105.8468811677129,
              21.026537662543028
            ]
          ]
        ],
        "type": "Polygon"
      },
      "properties": {
        "allowed_turns": [],
        "direction": "Fwd",
        "index": 3,
        "layer": 0,
        "osm_way_ids": [
          599510069
        ],
        "road": 53,
        "speed_limit": "None",
        "type": "Shoulder",
        "width": 0.5
      },
      "type": "Feature"
    },
    {
      "geometry": {
        "coordinates": [
          [
            [
              105.84751322911173,
              21.02631666413108
            ],
            [
              105.84691468004034,
              21.026485796862715
            ],
            [
              105.84691328493784,
              21.026481492709124
            ],
            [
              105.84751183400923,
              21.02631235997749
            ],
            [
              105.84751322911173,
              21.02631666413108
            ]
          ]
        ],
        "type": "Polygon"
      },
      "properties": {
        "allowed_turns": [],
        "direction": "Back",
        "index": 0,
        "layer": 0,
        "osm_way_ids": [
          599510070
        ],
        "road": 54,
        "speed_limit": "None",
        "type": "Shoulder",
        "width": 0.5
      },
      "type": "Feature"
    },
    {
      "geometry": {
        "coordinates": [
          [
            [
              105.84751881241212,
              21.026333878946804
            ],
            [
              105.84692026334073,
              21.026503011678443
            ],
            [
              105.84691468100381,
              21.026485796862715
            ],
            [
              105.8475132300752,
              21.02631666413108
            ],
            [
              105.84751881241212,
              21.026333878946804
            ]
          ]
        ],
        "type": "Polygon"
      },
      "properties": {
        "allowed_turns": [],
        "direction": "Back",
        "index": 1,
        "layer": 0,
        "osm_way_ids": [
          599510070
        ],
        "road": 54,
        "speed_limit": "None",
        "type": "Driving",
        "width": 2.0
      },
      "type": "Feature"
    },
    {
      "geometry": {
        "coordinates": [
          [
            [
              105.84752439474903,
              21.026351093762532
            ],
            [
              105.84692584567766,
              21.026520226494167
            ],
            [
              105.84692026334073,
              21.026503011678443
            ],
            [
              105.84751881241212,
              21.026333878946804
            ],
            [
              105.84752439474903,
              21.026351093762532
            ]
          ]
        ],
        "type": "Polygon"
      },
      "properties": {
        "allowed_turns": [],
        "direction": "Fwd",
        "index": 2,
        "layer": 0,
        "osm_way_ids": [
          599510070
        ],
        "road": 54,
        "speed_limit": "None",
        "type": "Driving",
        "width": 2.0
      },
      "type": "Feature"
    },
    {
      "geometry": {
        "coordinates": [
          [
            [
              105.847525790815,
              21.026355397916124
            ],
            [
              105.84692724174361,
              21.02652453064776
            ],
            [
              105.84692584664113,
              21.026520226494167
            ],
            [
              105.8475243957125,
              21.026351093762532
            ],
            [
              105.847525790815,
              21.026355397916124
            ]
          ]
        ],
        "type": "Polygon"
      },
      "properties": {
        "allowed_turns": [],
        "direction": "Fwd",
        "index": 3,
        "layer": 0,
        "osm_way_ids": [
          599510070
        ],
        "road": 54,
        "speed_limit": "None",
        "type": "Shoulder",
        "width": 0.5
      },
      "type": "Feature"
    },
    {
      "geometry": {
        "coordinates": [
          [
            [
              105.8468857846543,
              21.026536377412338
            ],
            [
              105.84703128478809,
              21.026991486346425
            ],
            [
              105.84702666784668,
              21.026992772376435
            ],
            [
              105.8468811677129,
              21.02653766344235
            ],
            [
              105.8468857846543,
              21.026536377412338
            ]
          ]
        ],
        "type": "Polygon"
      },
      "properties": {
        "allowed_turns": [],
        "direction": "Back",
        "index": 0,
        "layer": 0,
        "osm_way_ids": [
          599510070
        ],
        "road": 55,
        "speed_limit": "None",
        "type": "Shoulder",
        "width": 0.5
      },
      "type": "Feature"
    },
    {
      "geometry": {
        "coordinates": [
          [
            [
              105.84690424856608,
              21.026531234191612
            ],
            [
              105.84704974869986,
              21.0269863431257
            ],
            [
              105.84703128478809,
              21.026991487245745
            ],
            [
              105.8468857846543,
              21.026536378311658
            ],
            [
              105.84690424856608,
              21.026531234191612
            ]
          ]
        ],
        "type": "Polygon"
      },
      "properties": {
        "allowed_turns": [],
        "direction": "Back",
        "index": 1,
        "layer": 0,
        "osm_way_ids": [
          599510070
        ],
        "road": 55,
        "speed_limit": "None",
        "type": "Driving",
        "width": 2.0
      },
      "type": "Feature"
    },
    {
      "geometry": {
        "coordinates": [
          [
            [
              105.84692271247785,
              21.026526090071563
            ],
            [
              105.84706821261163,
              21.02698119900565
            ],
            [
              105.84704974869986,
              21.0269863431257
            ],
            [
              105.84690424856608,
              21.026531234191612
            ],
            [
              105.84692271247785,
              21.026526090071563
            ]
          ]
        ],
        "type": "Polygon"
      },
      "properties": {
        "allowed_turns": [],
        "direction": "Fwd",
        "index": 2,
        "layer": 0,
        "osm_way_ids": [
          599510070
        ],
        "road": 55,
        "speed_limit": "None",
        "type": "Driving",
        "width": 2.0
      },
      "type": "Feature"
    },
    {
      "geometry": {
        "coordinates": [
          [
            [
              105.84692732941926,
              21.026524804940873
            ],
            [
              105.84707282955304,
              21.02697991387496
            ],
            [
              105.84706821261163,
              21.026981199904974
            ],
            [
              105.84692271247785,
              21.026526090970886
            ],
            [
              105.84692732941926,
              21.026524804940873
            ]
          ]
        ],
        "type": "Polygon"
      },
      "properties": {
        "allowed_turns": [],
        "direction": "Fwd",
        "index": 3,
        "layer": 0,
        "osm_way_ids": [
          599510070
        ],
        "road": 55,
        "speed_limit": "None",
        "type": "Shoulder",
        "width": 0.5
      },
      "type": "Feature"
    },
    {
      "geometry": {
        "coordinates": [
          [
            [
              105.8470862015334,
              21.027018409339757
            ],
            [
              105.84732881929953,
              21.026944978824723
            ],
            [
              105.84733030496808,
              21.026949255998662
            ],
            [
              105.84708768720193,
              21.027022686513696
            ],
            [
              105.8470862015334,
              21.027018409339757
            ]
          ]
        ],
        "type": "Polygon"
      },
      "properties": {
        "allowed_turns": [],
        "direction": "Back",
        "index": 0,
        "layer": 0,
        "osm_way_ids": [
          599510070
        ],
        "road": 56,
        "speed_limit": "None",
        "type": "Shoulder",
        "width": 0.5
      },
      "type": "Feature"
    },
    {
      "geometry": {
        "coordinates": [
          [
            [
              105.84708025789575,
              21.02700129974467
            ],
            [
              105.8473228756619,
              21.026927869229635
            ],
            [
              105.84732881833607,
              21.0269449779254
            ],
            [
              105.84708620056993,
              21.027018408440433
            ],
            [
              105.84708025789575,
              21.02700129974467
            ]
          ]
        ],
        "type": "Polygon"
      },
      "properties": {
        "allowed_turns": [],
        "direction": "Back",
        "index": 1,
        "layer": 0,
        "osm_way_ids": [
          599510070
        ],
        "road": 56,
        "speed_limit": "None",
        "type": "Driving",
        "width": 2.0
      },
      "type": "Feature"
    },
    {
      "geometry": {
        "coordinates": [
          [
            [
              105.84707431522159,
              21.026984191048903
            ],
            [
              105.84731693298772,
              21.02691076053387
            ],
            [
              105.8473228756619,
              21.026927869229635
            ],
            [
              105.84708025789575,
              21.02700129974467
            ],
            [
              105.84707431522159,
              21.026984191048903
            ]
          ]
        ],
        "type": "Polygon"
      },
      "properties": {
        "allowed_turns": [],
        "direction": "Fwd",
        "index": 2,
        "layer": 0,
        "osm_way_ids": [
          599510070
        ],
        "road": 56,
        "speed_limit": "None",
        "type": "Driving",
        "width": 2.0
      },
      "type": "Feature"
    },
    {
      "geometry": {
        "coordinates": [
          [
            [
              105.84707282858957,
              21.026979912975637
            ],
            [
              105.84731544635572,
              21.026906482460603
            ],
            [
              105.84731693202426,
              21.026910759634546
            ],
            [
              105.84707431425812,
              21.02698419014958
            ],
            [
              105.84707282858957,
              21.026979912975637
            ]
          ]
        ],
        "type": "Polygon"
      },
      "properties": {
        "allowed_turns": [],
        "direction": "Fwd",
        "index": 3,
        "layer": 0,
        "osm_way_ids": [
          599510070
        ],
        "road": 56,
        "speed_limit": "None",
        "type": "Shoulder",
        "width": 0.5
      },
      "type": "Feature"
    },
    {
      "geometry": {
        "coordinates": [
          [
            [
              105.84930208290895,
              21.02546056924065
            ],
            [
              105.84880766552115,
              21.025615069109126
            ],
            [
              105.84880613553305,
              21.025610804525687
            ],
            [
              105.84930055292085,
              21.02545630465721
            ],
            [
              105.84930208290895,
              21.02546056924065
            ]
          ]
        ],
        "type": "Polygon"
      },
      "properties": {
        "allowed_turns": [],
        "direction": "Back",
        "index": 0,
        "layer": 0,
        "osm_way_ids": [
          599622831
        ],
        "road": 57,
        "speed_limit": "None",
        "type": "Shoulder",
        "width": 0.5
      },
      "type": "Feature"
    },
    {
      "geometry": {
        "coordinates": [
          [
            [
              105.84930819997092,
              21.025477624876437
            ],
            [
              105.84881378258312,
              21.025632124744913
            ],
            [
              105.84880766455767,
              21.025615068209802
            ],
            [
              105.84930208194548,
              21.02546056834133
            ],
            [
              105.84930819997092,
              21.025477624876437
            ]
          ]
        ],
        "type": "Polygon"
      },
      "properties": {
        "allowed_turns": [],
        "direction": "Back",
        "index": 1,
        "layer": 0,
        "osm_way_ids": [
          599622831
        ],
        "road": 57,
        "speed_limit": "None",
        "type": "Driving",
        "width": 2.0
      },
      "type": "Feature"
    },
    {
      "geometry": {
        "coordinates": [
          [
            [
              105.84931431799637,
              21.025494681411548
            ],
            [
              105.84881990060858,
              21.02564918128002
            ],
            [
              105.84881378258312,
              21.025632124744913
            ],
            [
              105.84930819997092,
              21.025477624876437
            ],
            [
              105.84931431799637,
              21.025494681411548
            ]
          ]
        ],
        "type": "Polygon"
      },
      "properties": {
        "allowed_turns": [],
        "direction": "Fwd",
        "index": 2,
        "layer": 0,
        "osm_way_ids": [
          599622831
        ],
        "road": 57,
        "speed_limit": "None",
        "type": "Driving",
        "width": 2.0
      },
      "type": "Feature"
    },
    {
      "geometry": {
        "coordinates": [
          [
            [
              105.849315847021,
              21.025498945095663
            ],
            [
              105.8488214296332,
              21.025653444964135
            ],
            [
              105.84881989964511,
              21.0256491803807
            ],
            [
              105.8493143170329,
              21.025494680512224
            ],
            [
              105.849315847021,
              21.025498945095663
            ]
          ]
        ],
        "type": "Polygon"
      },
      "properties": {
        "allowed_turns": [],
        "direction": "Fwd",
        "index": 3,
        "layer": 0,
        "osm_way_ids": [
          599622831
        ],
        "road": 57,
        "speed_limit": "None",
        "type": "Shoulder",
        "width": 0.5
      },
      "type": "Feature"
    },
    {
      "geometry": {
        "coordinates": [
          [
            [
              105.84926779884317,
              21.02535021077852
            ],
            [
              105.84930512457923,
              21.02545488462827
            ],
            [
              105.84930055388432,
              21.025456305556535
            ],
            [
              105.84926322814826,
              21.025351631706787
            ],
            [
              105.84926779884317,
              21.02535021077852
            ]
          ]
        ],
        "type": "Polygon"
      },
      "properties": {
        "allowed_turns": [],
        "direction": "Back",
        "index": 0,
        "layer": 0,
        "osm_way_ids": [
          599622833
        ],
        "road": 58,
        "speed_limit": "None",
        "type": "Shoulder",
        "width": 0.5
      },
      "type": "Feature"
    },
    {
      "geometry": {
        "coordinates": [
          [
            [
              105.84928608162285,
              21.02534453066275
            ],
            [
              105.84932340735891,
              21.025449204512498
            ],
            [
              105.84930512457923,
              21.02545488462827
            ],
            [
              105.84926779884317,
              21.02535021077852
            ],
            [
              105.84928608162285,
              21.02534453066275
            ]
          ]
        ],
        "type": "Polygon"
      },
      "properties": {
        "allowed_turns": [],
        "direction": "Back",
        "index": 1,
        "layer": 0,
        "osm_way_ids": [
          599622833
        ],
        "road": 58,
        "speed_limit": "None",
        "type": "Driving",
        "width": 2.0
      },
      "type": "Feature"
    },
    {
      "geometry": {
        "coordinates": [
          [
            [
              105.84930436440253,
              21.025338850546976
            ],
            [
              105.84934169013859,
              21.025443524396724
            ],
            [
              105.84932340735891,
              21.025449204512498
            ],
            [
              105.84928608162285,
              21.02534453066275
            ],
            [
              105.84930436440253,
              21.025338850546976
            ]
          ]
        ],
        "type": "Polygon"
      },
      "properties": {
        "allowed_turns": [],
        "direction": "Fwd",
        "index": 2,
        "layer": 0,
        "osm_way_ids": [
          599622833
        ],
        "road": 58,
        "speed_limit": "None",
        "type": "Driving",
        "width": 2.0
      },
      "type": "Feature"
    },
    {
      "geometry": {
        "coordinates": [
          [
            [
              105.84930893509745,
              21.025337429618713
            ],
            [
              105.84934626083351,
              21.02544210346846
            ],
            [
              105.84934169013859,
              21.025443524396724
            ],
            [
              105.84930436440253,
              21.025338850546976
            ],
            [
              105.84930893509745,
              21.025337429618713
            ]
          ]
        ],
        "type": "Polygon"
      },
      "properties": {
        "allowed_turns": [],
        "direction": "Fwd",
        "index": 3,
        "layer": 0,
        "osm_way_ids": [
          599622833
        ],
        "road": 58,
        "speed_limit": "None",
        "type": "Shoulder",
        "width": 0.5
      },
      "type": "Feature"
    },
    {
      "geometry": {
        "coordinates": [
          [
            [
              105.84804936083495,
              21.025634989084484
            ],
            [
              105.84758486010986,
              21.024202321973654
            ],
            [
              105.84760330282532,
              21.0241971113038
            ],
            [
              105.8480678035504,
              21.025629778414633
            ],
            [
              105.84804936083495,
              21.025634989084484
            ]
          ]
        ],
        "type": "Polygon"
      },
      "properties": {
        "allowed_turns": [],
        "direction": "Fwd",
        "index": 0,
        "layer": 0,
        "osm_way_ids": [
          599622842
        ],
        "road": 60,
        "speed_limit": "None",
        "type": "Footway",
        "width": 2.0
      },
      "type": "Feature"
    },
    {
      "geometry": {
        "coordinates": [
          [
            [
              105.84932078865133,
              21.02549730563223
            ],
            [
              105.84934666259991,
              21.02556499307897
            ],
            [
              105.84934212466293,
              21.025566503939405
            ],
            [
              105.84931625071434,
              21.02549881649266
            ],
            [
              105.84932078865133,
              21.02549730563223
            ]
          ]
        ],
        "type": "Polygon"
      },
      "properties": {
        "allowed_turns": [],
        "direction": "Back",
        "index": 0,
        "layer": 0,
        "osm_way_ids": [
          600008204,
          599622833
        ],
        "road": 62,
        "speed_limit": "None",
        "type": "Shoulder",
        "width": 0.5
      },
      "type": "Feature"
    },
    {
      "geometry": {
        "coordinates": [
          [
            [
              105.84933893654541,
              21.025491261291172
            ],
            [
              105.84936481049398,
              21.025558948737917
            ],
            [
              105.84934666259991,
              21.025564993978293
            ],
            [
              105.84932078865133,
              21.02549730653155
            ],
            [
              105.84933893654541,
              21.025491261291172
            ]
          ]
        ],
        "type": "Polygon"
      },
      "properties": {
        "allowed_turns": [],
        "direction": "Back",
        "index": 1,
        "layer": 0,
        "osm_way_ids": [
          600008204,
          599622833
        ],
        "road": 62,
        "speed_limit": "None",
        "type": "Driving",
        "width": 2.0
      },
      "type": "Feature"
    },
    {
      "geometry": {
        "coordinates": [
          [
            [
              105.84935708443949,
              21.025485216050793
            ],
            [
              105.84938295838806,
              21.025552903497537
            ],
            [
              105.84936481049398,
              21.025558948737917
            ],
            [
              105.84933893654541,
              21.025491261291172
            ],
            [
              105.84935708443949,
              21.025485216050793
            ]
          ]
        ],
        "type": "Polygon"
      },
      "properties": {
        "allowed_turns": [],
        "direction": "Fwd",
        "index": 2,
        "layer": 0,
        "osm_way_ids": [
          600008204,
          599622833
        ],
        "road": 62,
        "speed_limit": "None",
        "type": "Driving",
        "width": 2.0
      },
      "type": "Feature"
    },
    {
      "geometry": {
        "coordinates": [
          [
            [
              105.84936162237648,
              21.025483706089684
            ],
            [
              105.84938749632505,
              21.025551393536425
            ],
            [
              105.84938295838806,
              21.02555290439686
            ],
            [
              105.84935708443949,
              21.025485216950116
            ],
            [
              105.84936162237648,
              21.025483706089684
            ]
          ]
        ],
        "type": "Polygon"
      },
      "properties": {
        "allowed_turns": [],
        "direction": "Fwd",
        "index": 3,
        "layer": 0,
        "osm_way_ids": [
          600008204,
          599622833
        ],
        "road": 62,
        "speed_limit": "None",
        "type": "Shoulder",
        "width": 0.5
      },
      "type": "Feature"
    },
    {
      "geometry": {
        "coordinates": [
          [
            [
              105.8537219603117,
              21.027893897203036
            ],
            [
              105.85585864842426,
              21.02760875377247
            ],
            [
              105.85591371643413,
              21.027576828751915
            ],
            [
              105.85592134132443,
              21.027588287908845
            ],
            [
              105.85586369507266,
              21.02762170760204
            ],
            [
              105.85372400479201,
              21.02790725213008
            ],
            [
              105.8537219603117,
              21.027893897203036
            ]
          ]
        ],
        "type": "Polygon"
      },
      "properties": {
        "allowed_turns": [],
        "direction": "Back",
        "index": 0,
        "layer": 0,
        "osm_way_ids": [
          605231050
        ],
        "road": 63,
        "speed_limit": "None",
        "type": "Sidewalk",
        "width": 1.5
      },
      "type": "Feature"
    },
    {
      "geometry": {
        "coordinates": [
          [
            [
              105.85371786942413,
              21.027867189147585
            ],
            [
              105.85584855223706,
              21.02758284611332
            ],
            [
              105.85589846665353,
              21.02755390953873
            ],
            [
              105.85591371643413,
              21.02757682785259
            ],
            [
              105.85585864746079,
              21.02760875377247
            ],
            [
              105.8537219603117,
              21.027893897203036
            ],
            [
              105.85371786942413,
              21.027867189147585
            ]
          ]
        ],
        "type": "Polygon"
      },
      "properties": {
        "allowed_turns": [],
        "direction": "Fwd",
        "index": 1,
        "layer": 0,
        "osm_way_ids": [
          605231050
        ],
        "road": 63,
        "speed_limit": "None",
        "type": "Driving",
        "width": 3.0
      },
      "type": "Feature"
    },
    {
      "geometry": {
        "coordinates": [
          [
            [
              105.85371582494382,
              21.02785383422054
            ],
            [
              105.85584350558867,
              21.027569892283747
            ],
            [
              105.85589084176323,
              21.02754244948248
            ],
            [
              105.85589846665353,
              21.02755390863941
            ],
            [
              105.85584855031013,
              21.02758284611332
            ],
            [
              105.85371786942413,
              21.027867189147585
            ],
            [
              105.85371582494382,
              21.02785383422054
            ]
          ]
        ],
        "type": "Polygon"
      },
      "properties": {
        "allowed_turns": [],
        "direction": "Fwd",
        "index": 2,
        "layer": 0,
        "osm_way_ids": [
          605231050
        ],
        "road": 63,
        "speed_limit": "None",
        "type": "Sidewalk",
        "width": 1.5
      },
      "type": "Feature"
    },
    {
      "geometry": {
        "coordinates": [
          [
            [
              105.84841204605489,
              21.029910770876068
            ],
            [
              105.84860892026003,
              21.029568042079262
            ],
            [
              105.84861316530258,
              21.029570166277086
            ],
            [
              105.84841629109744,
              21.029912895073892
            ],
            [
              105.84841204605489,
              21.029910770876068
            ]
          ]
        ],
        "type": "Polygon"
      },
      "properties": {
        "allowed_turns": [],
        "direction": "Back",
        "index": 0,
        "layer": 0,
        "osm_way_ids": [
          679604007
        ],
        "road": 64,
        "speed_limit": "None",
        "type": "Shoulder",
        "width": 0.5
      },
      "type": "Feature"
    },
    {
      "geometry": {
        "coordinates": [
          [
            [
              105.8483950639578,
              21.029902271386806
            ],
            [
              105.84859193816293,
              21.02955954259
            ],
            [
              105.84860892026003,
              21.02956804117994
            ],
            [
              105.84841204605489,
              21.029910769976745
            ],
            [
              105.8483950639578,
              21.029902271386806
            ]
          ]
        ],
        "type": "Polygon"
      },
      "properties": {
        "allowed_turns": [],
        "direction": "Back",
        "index": 1,
        "layer": 0,
        "osm_way_ids": [
          679604007
        ],
        "road": 64,
        "speed_limit": "None",
        "type": "Driving",
        "width": 2.0
      },
      "type": "Feature"
    },
    {
      "geometry": {
        "coordinates": [
          [
            [
              105.84837808186069,
              21.029893772796868
            ],
            [
              105.84857495606583,
              21.029551044000062
            ],
            [
              105.84859193816293,
              21.02955954259
            ],
            [
              105.8483950639578,
              21.029902271386806
            ],
            [
              105.84837808186069,
              21.029893772796868
            ]
          ]
        ],
        "type": "Polygon"
      },
      "properties": {
        "allowed_turns": [],
        "direction": "Fwd",
        "index": 2,
        "layer": 0,
        "osm_way_ids": [
          679604007
        ],
        "road": 64,
        "speed_limit": "None",
        "type": "Driving",
        "width": 2.0
      },
      "type": "Feature"
    },
    {
      "geometry": {
        "coordinates": [
          [
            [
              105.84837383681815,
              21.029891647699724
            ],
            [
              105.84857071102329,
              21.02954891890292
            ],
            [
              105.84857495606583,
              21.029551043100742
            ],
            [
              105.84837808186069,
              21.029893771897548
            ],
            [
              105.84837383681815,
              21.029891647699724
            ]
          ]
        ],
        "type": "Polygon"
      },
      "properties": {
        "allowed_turns": [],
        "direction": "Fwd",
        "index": 3,
        "layer": 0,
        "osm_way_ids": [
          679604007
        ],
        "road": 64,
        "speed_limit": "None",
        "type": "Shoulder",
        "width": 0.5
      },
      "type": "Feature"
    },
    {
      "geometry": {
        "coordinates": [
          [
            [
              105.8477318950491,
              21.02704700776939
            ],
            [
              105.84702687017509,
              21.02725067175583
            ],
            [
              105.84608031432748,
              21.02750510514944
            ],
            [
              105.84607231561138,
              21.02747917950386
            ],
            [
              105.84701861324939,
              21.027224816257338
            ],
            [
              105.84772334908283,
              21.027021235008494
            ],
            [
              105.8477318950491,
              21.02704700776939
            ]
          ]
        ],
        "type": "Polygon"
      },
      "properties": {
        "allowed_turns": [],
        "direction": "Fwd",
        "index": 0,
        "layer": 0,
        "osm_way_ids": [
          684044681
        ],
        "road": 65,
        "speed_limit": "None",
        "type": "Driving",
        "width": 3.0
      },
      "type": "Feature"
    },
    {
      "geometry": {
        "coordinates": [
          [
            [
              105.84774044101535,
              21.027072781429606
            ],
            [
              105.84703512806423,
              21.027276528153642
            ],
            [
              105.8460883130436,
              21.027531031694345
            ],
            [
              105.84608031432748,
              21.027505106048764
            ],
            [
              105.84702687113855,
              21.02725067265515
            ],
            [
              105.8477318950491,
              21.027047008668713
            ],
            [
              105.84774044101535,
              21.027072781429606
            ]
          ]
        ],
        "type": "Polygon"
      },
      "properties": {
        "allowed_turns": [],
        "direction": "Fwd",
        "index": 1,
        "layer": 0,
        "osm_way_ids": [
          684044681
        ],
        "road": 65,
        "speed_limit": "None",
        "type": "Driving",
        "width": 3.0
      },
      "type": "Feature"
    },
    {
      "geometry": {
        "coordinates": [
          [
            [
              105.84774898601813,
              21.027098555089825
            ],
            [
              105.84704342930948,
              21.02730237196095
            ],
            [
              105.84609631079624,
              21.02755695733993
            ],
            [
              105.84608831208013,
              21.027531031694345
            ],
            [
              105.8470351723838,
              21.027276516462457
            ],
            [
              105.84774044005188,
              21.02707278232893
            ],
            [
              105.84774898601813,
              21.027098555089825
            ]
          ]
        ],
        "type": "Polygon"
      },
      "properties": {
        "allowed_turns": [],
        "direction": "Fwd",
        "index": 2,
        "layer": 0,
        "osm_way_ids": [
          684044681
        ],
        "road": 65,
        "speed_limit": "None",
        "type": "Driving",
        "width": 3.0
      },
      "type": "Feature"
    },
    {
      "geometry": {
        "coordinates": [
          [
            [
              105.8477532580378,
              21.027111442369595
            ],
            [
              105.84704754428377,
              21.027315305106125
            ],
            [
              105.8461003101543,
              21.02756992106204
            ],
            [
              105.84609631175971,
              21.02755695823925
            ],
            [
              105.84704337246484,
              21.02730238904806
            ],
            [
              105.84774898601813,
              21.027098555089825
            ],
            [
              105.8477532580378,
              21.027111442369595
            ]
          ]
        ],
        "type": "Polygon"
      },
      "properties": {
        "allowed_turns": [],
        "direction": "Fwd",
        "index": 3,
        "layer": 0,
        "osm_way_ids": [
          684044681
        ],
        "road": 65,
        "speed_limit": "None",
        "type": "Sidewalk",
        "width": 1.5
      },
      "type": "Feature"
    },
    {
      "geometry": {
        "coordinates": [
          [
            [
              105.84817217513766,
              21.02975480241528
            ],
            [
              105.84809313602965,
              21.02988869162934
            ],
            [
              105.84784082866004,
              21.029774986791214
            ],
            [
              105.84784292324073,
              21.02977093804498
            ],
            [
              105.84809111852645,
              21.029882790280432
            ],
            [
              105.8481679551453,
              21.029752631452727
            ],
            [
              105.84817217513766,
              21.02975480241528
            ]
          ]
        ],
        "type": "Polygon"
      },
      "properties": {
        "allowed_turns": [],
        "direction": "Back",
        "index": 0,
        "layer": 0,
        "osm_way_ids": [
          684081211
        ],
        "road": 66,
        "speed_limit": "None",
        "type": "Shoulder",
        "width": 0.5
      },
      "type": "Feature"
    },
    {
      "geometry": {
        "coordinates": [
          [
            [
              105.84818905125321,
              21.029763482668198
            ],
            [
              105.84810120026162,
              21.029912299722934
            ],
            [
              105.84783245033732,
              21.02979118447411
            ],
            [
              105.84784082866004,
              21.029774987690534
            ],
            [
              105.84809313602965,
              21.02988869252866
            ],
            [
              105.84817217513766,
              21.02975480241528
            ],
            [
              105.84818905125321,
              21.029763482668198
            ]
          ]
        ],
        "type": "Polygon"
      },
      "properties": {
        "allowed_turns": [],
        "direction": "Back",
        "index": 1,
        "layer": 0,
        "osm_way_ids": [
          684081211
        ],
        "road": 66,
        "speed_limit": "None",
        "type": "Driving",
        "width": 2.0
      },
      "type": "Feature"
    },
    {
      "geometry": {
        "coordinates": [
          [
            [
              105.84820592736878,
              21.029772162921116
            ],
            [
              105.84810926449359,
              21.02993590691721
            ],
            [
              105.84782407201459,
              21.029807381257687
            ],
            [
              105.84783245033732,
              21.02979118447411
            ],
            [
              105.84810120026162,
              21.029912299722934
            ],
            [
              105.84818905125321,
              21.029763482668198
            ],
            [
              105.84820592736878,
              21.029772162921116
            ]
          ]
        ],
        "type": "Polygon"
      },
      "properties": {
        "allowed_turns": [],
        "direction": "Fwd",
        "index": 2,
        "layer": 0,
        "osm_way_ids": [
          684081211
        ],
        "road": 66,
        "speed_limit": "None",
        "type": "Driving",
        "width": 2.0
      },
      "type": "Feature"
    },
    {
      "geometry": {
        "coordinates": [
          [
            [
              105.84821014736114,
              21.02977433388367
            ],
            [
              105.8481112819968,
              21.029941809165436
            ],
            [
              105.84782197743391,
              21.02981143090324
            ],
            [
              105.84782407201459,
              21.02980738215701
            ],
            [
              105.84810926449359,
              21.02993590781653
            ],
            [
              105.84820592736878,
              21.029772162921116
            ],
            [
              105.84821014736114,
              21.02977433388367
            ]
          ]
        ],
        "type": "Polygon"
      },
      "properties": {
        "allowed_turns": [],
        "direction": "Fwd",
        "index": 3,
        "layer": 0,
        "osm_way_ids": [
          684081211
        ],
        "road": 66,
        "speed_limit": "None",
        "type": "Shoulder",
        "width": 0.5
      },
      "type": "Feature"
    },
    {
      "geometry": {
        "coordinates": [
          [
            [
              105.84968969306092,
              21.027369363332706
            ],
            [
              105.84972808632017,
              21.02738009403907
            ],
            [
              105.84972255986443,
              21.02739732504259
            ],
            [
              105.84968416660519,
              21.02738659433622
            ],
            [
              105.84968969306092,
              21.027369363332706
            ]
          ]
        ],
        "type": "Polygon"
      },
      "properties": {
        "allowed_turns": [],
        "direction": "Fwd",
        "index": 0,
        "layer": 0,
        "osm_way_ids": [
          701605940
        ],
        "road": 67,
        "speed_limit": "None",
        "type": "Footway",
        "width": 2.0
      },
      "type": "Feature"
    },
    {
      "geometry": {
        "coordinates": [
          [
            [
              105.84966570751075,
              21.02738143672635
            ],
            [
              105.84963801646045,
              21.027373700761203
            ],
            [
              105.84964354098925,
              21.027356469757684
            ],
            [
              105.84967123203957,
              21.027364205722833
            ],
            [
              105.84966570751075,
              21.02738143672635
            ]
          ]
        ],
        "type": "Polygon"
      },
      "properties": {
        "allowed_turns": [],
        "direction": "Fwd",
        "index": 0,
        "layer": 0,
        "osm_way_ids": [
          701605941
        ],
        "road": 68,
        "speed_limit": "None",
        "type": "Footway",
        "width": 2.0
      },
      "type": "Feature"
    },
    {
      "geometry": {
        "coordinates": [
          [
            [
              105.84972808728364,
              21.027380094938394
            ],
            [
              105.84974330430632,
              21.027354106340294
            ],
            [
              105.84977731763742,
              21.027333359888306
            ],
            [
              105.84981783919875,
              21.02732973742055
            ],
            [
              105.84985542410786,
              21.027344001561822
            ],
            [
              105.8498816978959,
              21.027372993894357
            ],
            [
              105.84989042210384,
              21.027410040551914
            ],
            [
              105.84988760684867,
              21.027419596744156
            ],
            [
              105.84986902732066,
              21.027414828540575
            ],
            [
              105.84987057850506,
              21.027409560314133
            ],
            [
              105.84986390263131,
              21.0273812065
            ],
            [
              105.84984377577278,
              21.027358998650268
            ],
            [
              105.84981496035464,
              21.027348061999238
            ],
            [
              105.84978388271229,
              21.02735084090325
            ],
            [
              105.84975789507442,
              21.02736669324662
            ],
            [
              105.84974499615713,
              21.02738872123201
            ],
            [
              105.84972808728364,
              21.027380094938394
            ]
          ]
        ],
        "type": "Polygon"
      },
      "properties": {
        "allowed_turns": [],
        "direction": "Fwd",
        "index": 0,
        "layer": 0,
        "osm_way_ids": [
          701605942
        ],
        "road": 69,
        "speed_limit": "None",
        "type": "Footway",
        "width": 2.0
      },
      "type": "Feature"
    },
    {
      "geometry": {
        "coordinates": [
          [
            [
              105.84988255345598,
              21.027436958149316
            ],
            [
              105.8498797844473,
              21.027446588085937
            ],
            [
              105.84985203944275,
              21.027474446373823
            ],
            [
              105.84981376565361,
              21.02748701619304
            ],
            [
              105.84977346087271,
              21.027481582491408
            ],
            [
              105.84974060852124,
              21.02745926492443
            ],
            [
              105.84972263212457,
              21.027425235491133
            ],
            [
              105.84972306086809,
              21.02739746533677
            ],
            [
              105.84974232831264,
              21.027397724341416
            ],
            [
              105.84974196701194,
              21.02742116516118
            ],
            [
              105.84975579085905,
              21.027447334522936
            ],
            [
              105.84978093931579,
              21.027464418037695
            ],
            [
              105.84981183486258,
              21.027468583695747
            ],
            [
              105.8498411599556,
              21.027458952859806
            ],
            [
              105.84986241503583,
              21.02743761105686
            ],
            [
              105.84986394309699,
              21.027432296065694
            ],
            [
              105.84988255345598,
              21.027436958149316
            ]
          ]
        ],
        "type": "Polygon"
      },
      "properties": {
        "allowed_turns": [],
        "direction": "Fwd",
        "index": 0,
        "layer": 0,
        "osm_way_ids": [
          701605942
        ],
        "road": 70,
        "speed_limit": "None",
        "type": "Footway",
        "width": 2.0
      },
      "type": "Feature"
    },
    {
      "geometry": {
        "coordinates": [
          [
            [
              105.84988760684867,
              21.027419595844833
            ],
            [
              105.84999204876912,
              21.027443835262254
            ],
            [
              105.84998739906978,
              21.02746129109619
            ],
            [
              105.84988295714932,
              21.02743705167877
            ],
            [
              105.84988760684867,
              21.027419595844833
            ]
          ]
        ],
        "type": "Polygon"
      },
      "properties": {
        "allowed_turns": [],
        "direction": "Fwd",
        "index": 0,
        "layer": 0,
        "osm_way_ids": [
          701605943
        ],
        "road": 71,
        "speed_limit": "None",
        "type": "Footway",
        "width": 2.0
      },
      "type": "Feature"
    },
    {
      "geometry": {
        "coordinates": [
          [
            [
              105.85231182288804,
              21.025705715339207
            ],
            [
              105.85219876081425,
              21.025433409725714
            ],
            [
              105.8521659354399,
              21.02521962747098
            ],
            [
              105.8520697909108,
              21.025168532509355
            ],
            [
              105.85207475855478,
              21.025110817640794
            ],
            [
              105.85188717025976,
              21.02505869835177
            ],
            [
              105.85182494849572,
              21.025054606438093
            ],
            [
              105.85148858138336,
              21.025108013555776
            ],
            [
              105.8514877739967,
              21.025103579899863
            ],
            [
              105.85182470955552,
              21.02505008285001
            ],
            [
              105.8518880335276,
              21.02505424670942
            ],
            [
              105.85207987264597,
              21.025107547707144
            ],
            [
              105.8520748375592,
              21.025166039589642
            ],
            [
              105.85217036932228,
              21.025216808996817
            ],
            [
              105.85220345290621,
              21.025432267587174
            ],
            [
              105.85231631457854,
              21.02570409116424
            ],
            [
              105.85231182288804,
              21.025705715339207
            ]
          ]
        ],
        "type": "Polygon"
      },
      "properties": {
        "allowed_turns": [],
        "direction": "Back",
        "index": 0,
        "layer": -1,
        "osm_way_ids": [
          701882895
        ],
        "road": 72,
        "speed_limit": "None",
        "type": "Shoulder",
        "width": 0.5
      },
      "type": "Feature"
    },
    {
      "geometry": {
        "coordinates": [
          [
            [
              105.8522938551626,
              21.025712215636357
            ],
            [
              105.85218000015415,
              21.025437999863605
            ],
            [
              105.85214819991037,
              21.025230899569
            ],
            [
              105.85204960046335,
              21.02517849969161
            ],
            [
              105.85205430026305,
              21.02512390007337
            ],
            [
              105.85188369984596,
              21.025076500424557
            ],
            [
              105.85182590040267,
              21.02507269989111
            ],
            [
              105.85149181285696,
              21.02512574458215
            ],
            [
              105.85148858138336,
              21.025108013555776
            ],
            [
              105.85182494849572,
              21.025054607337417
            ],
            [
              105.85188716640589,
              21.025058697452447
            ],
            [
              105.85207475855478,
              21.025110818540117
            ],
            [
              105.8520697909108,
              21.025168531610035
            ],
            [
              105.8521659354399,
              21.02521962747098
            ],
            [
              105.85219876274118,
              21.02543341692029
            ],
            [
              105.85231182192457,
              21.025705715339207
            ],
            [
              105.8522938551626,
              21.025712215636357
            ]
          ]
        ],
        "type": "Polygon"
      },
      "properties": {
        "allowed_turns": [],
        "direction": "Back",
        "index": 1,
        "layer": -1,
        "osm_way_ids": [
          701882895
        ],
        "road": 72,
        "speed_limit": "None",
        "type": "Driving",
        "width": 2.0
      },
      "type": "Feature"
    },
    {
      "geometry": {
        "coordinates": [
          [
            [
              105.85227588840061,
              21.025718715933507
            ],
            [
              105.85216123756713,
              21.025442582806917
            ],
            [
              105.85213046438083,
              21.02524217166702
            ],
            [
              105.85202941001589,
              21.025188467773184
            ],
            [
              105.85203384197133,
              21.025136981606625
            ],
            [
              105.85188023328602,
              21.025094303396664
            ],
            [
              105.85182685230963,
              21.0250907924448
            ],
            [
              105.85149504433056,
              21.025143475608523
            ],
            [
              105.85149181285696,
              21.02512574458215
            ],
            [
              105.85182590040267,
              21.02507269989111
            ],
            [
              105.85188369984596,
              21.025076500424557
            ],
            [
              105.85205430026305,
              21.02512390007337
            ],
            [
              105.85204960046335,
              21.02517849969161
            ],
            [
              105.85214819991037,
              21.025230899569
            ],
            [
              105.85218000015415,
              21.025437999863605
            ],
            [
              105.8522938551626,
              21.025712215636357
            ],
            [
              105.85227588840061,
              21.025718715933507
            ]
          ]
        ],
        "type": "Polygon"
      },
      "properties": {
        "allowed_turns": [],
        "direction": "Fwd",
        "index": 2,
        "layer": -1,
        "osm_way_ids": [
          701882895
        ],
        "road": 72,
        "speed_limit": "None",
        "type": "Driving",
        "width": 2.0
      },
      "type": "Feature"
    },
    {
      "geometry": {
        "coordinates": [
          [
            [
              105.85227139574664,
              21.025720340108474
            ],
            [
              105.8521565474021,
              21.025443732140033
            ],
            [
              105.85212603049845,
              21.025244990141186
            ],
            [
              105.85202436336749,
              21.025190959793576
            ],
            [
              105.85202872788014,
              21.0251402524396
            ],
            [
              105.8518793661643,
              21.02509875413969
            ],
            [
              105.85182709124983,
              21.025095316932205
            ],
            [
              105.85149585171723,
              21.025147909264437
            ],
            [
              105.85149504433056,
              21.025143475608523
            ],
            [
              105.85182685230963,
              21.02509079334412
            ],
            [
              105.85188022943214,
              21.025094302497344
            ],
            [
              105.85203384197133,
              21.025136982505945
            ],
            [
              105.85202941001589,
              21.02518846687386
            ],
            [
              105.85213046438083,
              21.02524217166702
            ],
            [
              105.85216123949407,
              21.025442590001493
            ],
            [
              105.85227588743714,
              21.025718715933507
            ],
            [
              105.85227139574664,
              21.025720340108474
            ]
          ]
        ],
        "type": "Polygon"
      },
      "properties": {
        "allowed_turns": [],
        "direction": "Fwd",
        "index": 3,
        "layer": -1,
        "osm_way_ids": [
          701882895
        ],
        "road": 72,
        "speed_limit": "None",
        "type": "Shoulder",
        "width": 0.5
      },
      "type": "Feature"
    },
    {
      "geometry": {
        "coordinates": [
          [
            [
              105.84838519611264,
              21.026926969907947
            ],
            [
              105.84846017131021,
              21.02713492186019
            ],
            [
              105.8484556063961,
              21.027136355378957
            ],
            [
              105.84838063119854,
              21.026928403426716
            ],
            [
              105.84838519611264,
              21.026926969907947
            ]
          ]
        ],
        "type": "Polygon"
      },
      "properties": {
        "allowed_turns": [],
        "direction": "Back",
        "index": 0,
        "layer": -1,
        "osm_way_ids": [
          701882920
        ],
        "road": 73,
        "speed_limit": "None",
        "type": "Shoulder",
        "width": 0.5
      },
      "type": "Feature"
    },
    {
      "geometry": {
        "coordinates": [
          [
            [
              105.84840345962296,
              21.026921232235587
            ],
            [
              105.84847843482052,
              21.027129184187828
            ],
            [
              105.84846017131021,
              21.02713492186019
            ],
            [
              105.84838519611264,
              21.026926969907947
            ],
            [
              105.84840345962296,
              21.026921232235587
            ]
          ]
        ],
        "type": "Polygon"
      },
      "properties": {
        "allowed_turns": [],
        "direction": "Back",
        "index": 1,
        "layer": -1,
        "osm_way_ids": [
          701882920
        ],
        "road": 73,
        "speed_limit": "None",
        "type": "Driving",
        "width": 2.0
      },
      "type": "Feature"
    },
    {
      "geometry": {
        "coordinates": [
          [
            [
              105.84842172313326,
              21.026915494563227
            ],
            [
              105.84849669833083,
              21.027123446515468
            ],
            [
              105.84847843482052,
              21.027129184187828
            ],
            [
              105.84840345962296,
              21.026921232235587
            ],
            [
              105.84842172313326,
              21.026915494563227
            ]
          ]
        ],
        "type": "Polygon"
      },
      "properties": {
        "allowed_turns": [],
        "direction": "Fwd",
        "index": 2,
        "layer": -1,
        "osm_way_ids": [
          701882920
        ],
        "road": 73,
        "speed_limit": "None",
        "type": "Driving",
        "width": 2.0
      },
      "type": "Feature"
    },
    {
      "geometry": {
        "coordinates": [
          [
            [
              105.84842628804736,
              21.026914061044458
            ],
            [
              105.84850126324494,
              21.0271220129967
            ],
            [
              105.84849669833083,
              21.027123446515468
            ],
            [
              105.84842172313326,
              21.026915494563227
            ],
            [
              105.84842628804736,
              21.026914061044458
            ]
          ]
        ],
        "type": "Polygon"
      },
      "properties": {
        "allowed_turns": [],
        "direction": "Fwd",
        "index": 3,
        "layer": -1,
        "osm_way_ids": [
          701882920
        ],
        "road": 73,
        "speed_limit": "None",
        "type": "Shoulder",
        "width": 0.5
      },
      "type": "Feature"
    },
    {
      "geometry": {
        "coordinates": [
          [
            [
              105.84944520423882,
              21.02909936597821
            ],
            [
              105.84925779514896,
              21.02900081201254
            ],
            [
              105.84926015950084,
              21.028996894567275
            ],
            [
              105.8494475685907,
              21.029095448532946
            ],
            [
              105.84944520423882,
              21.02909936597821
            ]
          ]
        ],
        "type": "Polygon"
      },
      "properties": {
        "allowed_turns": [],
        "direction": "Back",
        "index": 0,
        "layer": 0,
        "osm_way_ids": [
          701882947
        ],
        "road": 75,
        "speed_limit": "None",
        "type": "Shoulder",
        "width": 0.5
      },
      "type": "Feature"
    },
    {
      "geometry": {
        "coordinates": [
          [
            [
              105.84943574586782,
              21.029115036658602
            ],
            [
              105.84924833677796,
              21.029016482692928
            ],
            [
              105.84925779418549,
              21.02900081291186
            ],
            [
              105.84944520327535,
              21.02909936687753
            ],
            [
              105.84943574586782,
              21.029115036658602
            ]
          ]
        ],
        "type": "Polygon"
      },
      "properties": {
        "allowed_turns": [],
        "direction": "Back",
        "index": 1,
        "layer": 0,
        "osm_way_ids": [
          701882947
        ],
        "road": 75,
        "speed_limit": "None",
        "type": "Driving",
        "width": 2.0
      },
      "type": "Feature"
    },
    {
      "geometry": {
        "coordinates": [
          [
            [
              105.84942628846028,
              21.02913070643967
            ],
            [
              105.84923887937043,
              21.029032152474
            ],
            [
              105.84924833677796,
              21.029016482692928
            ],
            [
              105.84943574586782,
              21.029115036658602
            ],
            [
              105.84942628846028,
              21.02913070643967
            ]
          ]
        ],
        "type": "Polygon"
      },
      "properties": {
        "allowed_turns": [],
        "direction": "Fwd",
        "index": 2,
        "layer": 0,
        "osm_way_ids": [
          701882947
        ],
        "road": 75,
        "speed_limit": "None",
        "type": "Driving",
        "width": 2.0
      },
      "type": "Feature"
    },
    {
      "geometry": {
        "coordinates": [
          [
            [
              105.84942392314494,
              21.029134624784255
            ],
            [
              105.84923651405508,
              21.029036070818584
            ],
            [
              105.84923887840696,
              21.02903215337332
            ],
            [
              105.84942628749681,
              21.02913070733899
            ],
            [
              105.84942392314494,
              21.029134624784255
            ]
          ]
        ],
        "type": "Polygon"
      },
      "properties": {
        "allowed_turns": [],
        "direction": "Fwd",
        "index": 3,
        "layer": 0,
        "osm_way_ids": [
          701882947
        ],
        "road": 75,
        "speed_limit": "None",
        "type": "Shoulder",
        "width": 0.5
      },
      "type": "Feature"
    },
    {
      "geometry": {
        "coordinates": [
          [
            [
              105.84919938679354,
              21.02897009747898
            ],
            [
              105.84917780413399,
              21.028958542993948
            ],
            [
              105.84918020124381,
              21.028954641736473
            ],
            [
              105.84920178390335,
              21.0289661962215
            ],
            [
              105.84919938679354,
              21.02897009747898
            ]
          ]
        ],
        "type": "Polygon"
      },
      "properties": {
        "allowed_turns": [],
        "direction": "Back",
        "index": 0,
        "layer": 0,
        "osm_way_ids": [
          701882947
        ],
        "road": 76,
        "speed_limit": "None",
        "type": "Shoulder",
        "width": 0.5
      },
      "type": "Feature"
    },
    {
      "geometry": {
        "coordinates": [
          [
            [
              105.84918980028122,
              21.028985699810917
            ],
            [
              105.84916821762167,
              21.02897414532589
            ],
            [
              105.84917780413399,
              21.028958542094625
            ],
            [
              105.84919938679354,
              21.028970096579656
            ],
            [
              105.84918980028122,
              21.028985699810917
            ]
          ]
        ],
        "type": "Polygon"
      },
      "properties": {
        "allowed_turns": [],
        "direction": "Back",
        "index": 1,
        "layer": 0,
        "osm_way_ids": [
          701882947
        ],
        "road": 76,
        "speed_limit": "None",
        "type": "Driving",
        "width": 2.0
      },
      "type": "Feature"
    },
    {
      "geometry": {
        "coordinates": [
          [
            [
              105.8491802137689,
              21.029001303042183
            ],
            [
              105.84915863110935,
              21.02898974855715
            ],
            [
              105.84916821762167,
              21.02897414532589
            ],
            [
              105.84918980028122,
              21.028985699810917
            ],
            [
              105.8491802137689,
              21.029001303042183
            ]
          ]
        ],
        "type": "Polygon"
      },
      "properties": {
        "allowed_turns": [],
        "direction": "Fwd",
        "index": 2,
        "layer": 0,
        "osm_way_ids": [
          701882947
        ],
        "road": 76,
        "speed_limit": "None",
        "type": "Driving",
        "width": 2.0
      },
      "type": "Feature"
    },
    {
      "geometry": {
        "coordinates": [
          [
            [
              105.84917781665908,
              21.029005203400335
            ],
            [
              105.84915623399954,
              21.028993648915307
            ],
            [
              105.84915863110935,
              21.02898974765783
            ],
            [
              105.8491802137689,
              21.02900130214286
            ],
            [
              105.84917781665908,
              21.029005203400335
            ]
          ]
        ],
        "type": "Polygon"
      },
      "properties": {
        "allowed_turns": [],
        "direction": "Fwd",
        "index": 3,
        "layer": 0,
        "osm_way_ids": [
          701882947
        ],
        "road": 76,
        "speed_limit": "None",
        "type": "Shoulder",
        "width": 0.5
      },
      "type": "Feature"
    },
    {
      "geometry": {
        "coordinates": [
          [
            [
              105.84916109084462,
              21.02894952279743
            ],
            [
              105.8491387133235,
              21.028937357672977
            ],
            [
              105.84914113741043,
              21.02893347260329
            ],
            [
              105.84916351493156,
              21.028945637727745
            ],
            [
              105.84916109084462,
              21.02894952279743
            ]
          ]
        ],
        "type": "Polygon"
      },
      "properties": {
        "allowed_turns": [],
        "direction": "Back",
        "index": 0,
        "layer": 0,
        "osm_way_ids": [
          701882947
        ],
        "road": 77,
        "speed_limit": "None",
        "type": "Shoulder",
        "width": 0.5
      },
      "type": "Feature"
    },
    {
      "geometry": {
        "coordinates": [
          [
            [
              105.84915139256995,
              21.02896506577414
            ],
            [
              105.84912901504883,
              21.028952900649685
            ],
            [
              105.8491387133235,
              21.028937358572296
            ],
            [
              105.84916109084462,
              21.028949523696753
            ],
            [
              105.84915139256995,
              21.02896506577414
            ]
          ]
        ],
        "type": "Polygon"
      },
      "properties": {
        "allowed_turns": [],
        "direction": "Back",
        "index": 1,
        "layer": 0,
        "osm_way_ids": [
          701882947
        ],
        "road": 77,
        "speed_limit": "None",
        "type": "Driving",
        "width": 2.0
      },
      "type": "Feature"
    },
    {
      "geometry": {
        "coordinates": [
          [
            [
              105.84914169429527,
              21.02898060785153
            ],
            [
              105.84911931677415,
              21.028968442727074
            ],
            [
              105.84912901504883,
              21.028952900649685
            ],
            [
              105.84915139256995,
              21.02896506577414
            ],
            [
              105.84914169429527,
              21.02898060785153
            ]
          ]
        ],
        "type": "Polygon"
      },
      "properties": {
        "allowed_turns": [],
        "direction": "Fwd",
        "index": 2,
        "layer": 0,
        "osm_way_ids": [
          701882947
        ],
        "road": 77,
        "speed_limit": "None",
        "type": "Driving",
        "width": 2.0
      },
      "type": "Feature"
    },
    {
      "geometry": {
        "coordinates": [
          [
            [
              105.84913927020834,
              21.028984493820538
            ],
            [
              105.84911689268722,
              21.02897232869608
            ],
            [
              105.84911931677415,
              21.028968443626397
            ],
            [
              105.84914169429527,
              21.02898060875085
            ],
            [
              105.84913927020834,
              21.028984493820538
            ]
          ]
        ],
        "type": "Polygon"
      },
      "properties": {
        "allowed_turns": [],
        "direction": "Fwd",
        "index": 3,
        "layer": 0,
        "osm_way_ids": [
          701882947
        ],
        "road": 77,
        "speed_limit": "None",
        "type": "Shoulder",
        "width": 0.5
      },
      "type": "Feature"
    },
    {
      "geometry": {
        "coordinates": [
          [
            [
              105.84912173026292,
              21.028928202578207
            ],
            [
              105.84895184473952,
              21.028837475409173
            ],
            [
              105.84895423799546,
              21.028833572353054
            ],
            [
              105.84912412351886,
              21.028924299522085
            ],
            [
              105.84912173026292,
              21.028928202578207
            ]
          ]
        ],
        "type": "Polygon"
      },
      "properties": {
        "allowed_turns": [],
        "direction": "Back",
        "index": 0,
        "layer": 0,
        "osm_way_ids": [
          701882947
        ],
        "road": 78,
        "speed_limit": "None",
        "type": "Shoulder",
        "width": 0.5
      },
      "type": "Feature"
    },
    {
      "geometry": {
        "coordinates": [
          [
            [
              105.84911216109305,
              21.028943813903364
            ],
            [
              105.84894227556963,
              21.02885308673433
            ],
            [
              105.84895184473952,
              21.028837474509853
            ],
            [
              105.84912173026292,
              21.028928201678884
            ],
            [
              105.84911216109305,
              21.028943813903364
            ]
          ]
        ],
        "type": "Polygon"
      },
      "properties": {
        "allowed_turns": [],
        "direction": "Back",
        "index": 1,
        "layer": 0,
        "osm_way_ids": [
          701882947
        ],
        "road": 78,
        "speed_limit": "None",
        "type": "Driving",
        "width": 2.0
      },
      "type": "Feature"
    },
    {
      "geometry": {
        "coordinates": [
          [
            [
              105.84910259192316,
              21.028959426127845
            ],
            [
              105.84893270639974,
              21.02886869895881
            ],
            [
              105.84894227556963,
              21.02885308673433
            ],
            [
              105.84911216109305,
              21.028943813903364
            ],
            [
              105.84910259192316,
              21.028959426127845
            ]
          ]
        ],
        "type": "Polygon"
      },
      "properties": {
        "allowed_turns": [],
        "direction": "Fwd",
        "index": 2,
        "layer": 0,
        "osm_way_ids": [
          701882947
        ],
        "road": 78,
        "speed_limit": "None",
        "type": "Driving",
        "width": 2.0
      },
      "type": "Feature"
    },
    {
      "geometry": {
        "coordinates": [
          [
            [
              105.84910019866722,
              21.028963328284643
            ],
            [
              105.8489303131438,
              21.02887260111561
            ],
            [
              105.84893270639974,
              21.02886869805949
            ],
            [
              105.84910259192316,
              21.02895942522852
            ],
            [
              105.84910019866722,
              21.028963328284643
            ]
          ]
        ],
        "type": "Polygon"
      },
      "properties": {
        "allowed_turns": [],
        "direction": "Fwd",
        "index": 3,
        "layer": 0,
        "osm_way_ids": [
          701882947
        ],
        "road": 78,
        "speed_limit": "None",
        "type": "Shoulder",
        "width": 0.5
      },
      "type": "Feature"
    },
    {
      "geometry": {
        "coordinates": [
          [
            [
              105.84893511603464,
              21.028828571225155
            ],
            [
              105.84886824457126,
              21.028793107373765
            ],
            [
              105.84887062433864,
              21.02878919712307
            ],
            [
              105.84893749580202,
              21.02882466097446
            ],
            [
              105.84893511603464,
              21.028828571225155
            ]
          ]
        ],
        "type": "Polygon"
      },
      "properties": {
        "allowed_turns": [],
        "direction": "Back",
        "index": 0,
        "layer": 0,
        "osm_way_ids": [
          701882947
        ],
        "road": 79,
        "speed_limit": "None",
        "type": "Shoulder",
        "width": 0.5
      },
      "type": "Feature"
    },
    {
      "geometry": {
        "coordinates": [
          [
            [
              105.84892559696513,
              21.028844209529964
            ],
            [
              105.84885872550174,
              21.02880874567857
            ],
            [
              105.84886824457126,
              21.028793106474442
            ],
            [
              105.84893511603464,
              21.02882857032583
            ],
            [
              105.84892559696513,
              21.028844209529964
            ]
          ]
        ],
        "type": "Polygon"
      },
      "properties": {
        "allowed_turns": [],
        "direction": "Back",
        "index": 1,
        "layer": 0,
        "osm_way_ids": [
          701882947
        ],
        "road": 79,
        "speed_limit": "None",
        "type": "Driving",
        "width": 2.0
      },
      "type": "Feature"
    },
    {
      "geometry": {
        "coordinates": [
          [
            [
              105.84891607789561,
              21.028859848734093
            ],
            [
              105.84884920643222,
              21.028824384882704
            ],
            [
              105.84885872550174,
              21.02880874567857
            ],
            [
              105.84892559696513,
              21.028844209529964
            ],
            [
              105.84891607789561,
              21.028859848734093
            ]
          ]
        ],
        "type": "Polygon"
      },
      "properties": {
        "allowed_turns": [],
        "direction": "Fwd",
        "index": 2,
        "layer": 0,
        "osm_way_ids": [
          701882947
        ],
        "road": 79,
        "speed_limit": "None",
        "type": "Driving",
        "width": 2.0
      },
      "type": "Feature"
    },
    {
      "geometry": {
        "coordinates": [
          [
            [
              105.84891369812823,
              21.028863758085464
            ],
            [
              105.84884682666484,
              21.028828294234074
            ],
            [
              105.84884920643222,
              21.02882438398338
            ],
            [
              105.84891607789561,
              21.02885984783477
            ],
            [
              105.84891369812823,
              21.028863758085464
            ]
          ]
        ],
        "type": "Polygon"
      },
      "properties": {
        "allowed_turns": [],
        "direction": "Fwd",
        "index": 3,
        "layer": 0,
        "osm_way_ids": [
          701882947
        ],
        "road": 79,
        "speed_limit": "None",
        "type": "Shoulder",
        "width": 0.5
      },
      "type": "Feature"
    },
    {
      "geometry": {
        "coordinates": [
          [
            [
              105.84885147443725,
              21.02878421578025
            ],
            [
              105.84864438842868,
              21.028674474252796
            ],
            [
              105.84860154490809,
              21.028645101507188
            ],
            [
              105.84854857051543,
              21.028583514159447
            ],
            [
              105.84853916898908,
              21.028548386654368
            ],
            [
              105.84853916898908,
              21.02851921625614
            ],
            [
              105.84854967754083,
              21.028483348609313
            ],
            [
              105.84857000576429,
              21.02845681592159
            ],
            [
              105.84862291175068,
              21.028429880337757
            ],
            [
              105.84866062287418,
              21.028426723718635
            ],
            [
              105.84870757558824,
              21.028434209672355
            ],
            [
              105.8487067643477,
              21.028438641529625
            ],
            [
              105.8486604321074,
              21.028431254501292
            ],
            [
              105.8486243396111,
              21.02843427622216
            ],
            [
              105.84857327963051,
              21.028460271115513
            ],
            [
              105.84855409600772,
              21.028485309130588
            ],
            [
              105.84854398633196,
              21.028519817003026
            ],
            [
              105.84854398633196,
              21.028547836269496
            ],
            [
              105.84855298705538,
              21.028581467303287
            ],
            [
              105.84860490355955,
              21.028641824378962
            ],
            [
              105.84864701677095,
              21.028670697101713
            ],
            [
              105.84885385227768,
              21.028780305529555
            ],
            [
              105.84885147443725,
              21.02878421578025
            ]
          ]
        ],
        "type": "Polygon"
      },
      "properties": {
        "allowed_turns": [],
        "direction": "Back",
        "index": 0,
        "layer": 0,
        "osm_way_ids": [
          701882947
        ],
        "road": 80,
        "speed_limit": "None",
        "type": "Shoulder",
        "width": 0.5
      },
      "type": "Feature"
    },
    {
      "geometry": {
        "coordinates": [
          [
            [
              105.84884196018507,
              21.028799857682344
            ],
            [
              105.84863390010977,
              21.028689599944244
            ],
            [
              105.84858809970413,
              21.028658200127555
            ],
            [
              105.84853090050177,
              21.028591699785437
            ],
            [
              105.84851989961759,
              21.028550599885037
            ],
            [
              105.84851989961759,
              21.028516799778767
            ],
            [
              105.84853199981941,
              21.028475500228954
            ],
            [
              105.84855689970126,
              21.02844299964252
            ],
            [
              105.84861720030896,
              21.028412300397427
            ],
            [
              105.84866140039331,
              21.028408599688685
            ],
            [
              105.8487108205504,
              21.028416479545303
            ],
            [
              105.84870757558824,
              21.028434208773035
            ],
            [
              105.84866062769152,
              21.028426722819315
            ],
            [
              105.84862290982375,
              21.028429880337757
            ],
            [
              105.84857000480082,
              21.02845681502227
            ],
            [
              105.84854967946777,
              21.028483345911347
            ],
            [
              105.84853916898908,
              21.028519217155463
            ],
            [
              105.84853916898908,
              21.028548385755045
            ],
            [
              105.84854857051543,
              21.028583512360804
            ],
            [
              105.84860154394462,
              21.028645098809225
            ],
            [
              105.84864440769806,
              21.028674485943977
            ],
            [
              105.84885147347377,
              21.02878421667957
            ],
            [
              105.84884196018507,
              21.028799857682344
            ]
          ]
        ],
        "type": "Polygon"
      },
      "properties": {
        "allowed_turns": [],
        "direction": "Back",
        "index": 1,
        "layer": 0,
        "osm_way_ids": [
          701882947
        ],
        "road": 80,
        "speed_limit": "None",
        "type": "Driving",
        "width": 2.0
      },
      "type": "Feature"
    },
    {
      "geometry": {
        "coordinates": [
          [
            [
              105.84883244689637,
              21.028815498685116
            ],
            [
              105.8486233925215,
              21.028704713944506
            ],
            [
              105.84857465546364,
              21.028671301445886
            ],
            [
              105.84851322759769,
              21.02859988631075
            ],
            [
              105.84850063024608,
              21.02855281401503
            ],
            [
              105.84850063024608,
              21.028514382402072
            ],
            [
              105.84851432017106,
              21.02846765454656
            ],
            [
              105.84854379460171,
              21.02842918426277
            ],
            [
              105.84861149079418,
              21.028394720457097
            ],
            [
              105.84866217309511,
              21.028390476558055
            ],
            [
              105.84871406551255,
              21.028398750317574
            ],
            [
              105.8487108205504,
              21.028416479545303
            ],
            [
              105.84866140039331,
              21.028408599688685
            ],
            [
              105.84861720030896,
              21.028412300397427
            ],
            [
              105.84855689970126,
              21.02844299964252
            ],
            [
              105.84853199981941,
              21.028475500228954
            ],
            [
              105.84851989961759,
              21.028516799778767
            ],
            [
              105.84851989961759,
              21.028550599885037
            ],
            [
              105.8485308995383,
              21.02859170068476
            ],
            [
              105.84858809970413,
              21.028658200127555
            ],
            [
              105.84863390010977,
              21.028689599944244
            ],
            [
              105.84884196018507,
              21.028799857682344
            ],
            [
              105.84883244689637,
              21.028815498685116
            ]
          ]
        ],
        "type": "Polygon"
      },
      "properties": {
        "allowed_turns": [],
        "direction": "Fwd",
        "index": 2,
        "layer": 0,
        "osm_way_ids": [
          701882947
        ],
        "road": 80,
        "speed_limit": "None",
        "type": "Driving",
        "width": 2.0
      },
      "type": "Feature"
    },
    {
      "geometry": {
        "coordinates": [
          [
            [
              105.84883006809245,
              21.028819409835133
            ],
            [
              105.8486207834486,
              21.028708502786774
            ],
            [
              105.84857129681218,
              21.028674575876146
            ],
            [
              105.84850881202122,
              21.028601932267588
            ],
            [
              105.84849581290321,
              21.02855336350058
            ],
            [
              105.84849581290321,
              21.02851378165519
            ],
            [
              105.84850990363111,
              21.028465689528673
            ],
            [
              105.84854051880855,
              21.02842572906885
            ],
            [
              105.84861006100682,
              21.028390325472014
            ],
            [
              105.84866236867923,
              21.028385944876078
            ],
            [
              105.84871487675309,
              21.02839431756098
            ],
            [
              105.84871406551255,
              21.02839874941825
            ],
            [
              105.84866217791244,
              21.028390475658735
            ],
            [
              105.84861148886725,
              21.028394719557774
            ],
            [
              105.84854379460171,
              21.028429182464127
            ],
            [
              105.848514322098,
              21.028467653647237
            ],
            [
              105.84850063024608,
              21.02851438420072
            ],
            [
              105.84850063024608,
              21.02855281311571
            ],
            [
              105.84851322856117,
              21.028599885411428
            ],
            [
              105.8485746535367,
              21.02867129874792
            ],
            [
              105.84862341179087,
              21.02870472563569
            ],
            [
              105.84883244593289,
              21.02881549958444
            ],
            [
              105.84883006809245,
              21.028819409835133
            ]
          ]
        ],
        "type": "Polygon"
      },
      "properties": {
        "allowed_turns": [],
        "direction": "Fwd",
        "index": 3,
        "layer": 0,
        "osm_way_ids": [
          701882947
        ],
        "road": 80,
        "speed_limit": "None",
        "type": "Shoulder",
        "width": 0.5
      },
      "type": "Feature"
    },
    {
      "geometry": {
        "coordinates": [
          [
            [
              105.8513371539909,
              21.029157233731457
            ],
            [
              105.85123692242811,
              21.029137017879265
            ],
            [
              105.85124099211937,
              21.029119437938935
            ],
            [
              105.85134122368217,
              21.02913965379113
            ],
            [
              105.8513371539909,
              21.029157233731457
            ]
          ]
        ],
        "type": "Polygon"
      },
      "properties": {
        "allowed_turns": [],
        "direction": "Fwd",
        "index": 0,
        "layer": 0,
        "osm_way_ids": [
          701882955
        ],
        "road": 81,
        "speed_limit": "None",
        "type": "Footway",
        "width": 2.0
      },
      "type": "Feature"
    },
    {
      "geometry": {
        "coordinates": [
          [
            [
              105.85111367456453,
              21.02909040243896
            ],
            [
              105.85113854746926,
              21.029096534913542
            ],
            [
              105.85113362607179,
              21.029113924197674
            ],
            [
              105.85110875316705,
              21.029107791723092
            ],
            [
              105.85111367456453,
              21.02909040243896
            ]
          ]
        ],
        "type": "Polygon"
      },
      "properties": {
        "allowed_turns": [],
        "direction": "Fwd",
        "index": 0,
        "layer": 0,
        "osm_way_ids": [
          701882957
        ],
        "road": 82,
        "speed_limit": "None",
        "type": "Footway",
        "width": 2.0
      },
      "type": "Feature"
    },
    {
      "geometry": {
        "coordinates": [
          [
            [
              105.8509991171875,
              21.029061500038598
            ],
            [
              105.85109511912326,
              21.02908576913363
            ],
            [
              105.85109008210954,
              21.02910312963947
            ],
            [
              105.85099408017379,
              21.029078860544434
            ],
            [
              105.8509991171875,
              21.029061500038598
            ]
          ]
        ],
        "type": "Polygon"
      },
      "properties": {
        "allowed_turns": [],
        "direction": "Fwd",
        "index": 0,
        "layer": 0,
        "osm_way_ids": [
          701882958
        ],
        "road": 83,
        "speed_limit": "None",
        "type": "Footway",
        "width": 2.0
      },
      "type": "Feature"
    },
    {
      "geometry": {
        "coordinates": [
          [
            [
              105.85074082764153,
              21.02901435579714
            ],
            [
              105.85078687469513,
              21.02903251490064
            ],
            [
              105.85077937505574,
              21.02904908400339
            ],
            [
              105.85073332800214,
              21.029030924899896
            ],
            [
              105.85074082764153,
              21.02901435579714
            ]
          ]
        ],
        "type": "Polygon"
      },
      "properties": {
        "allowed_turns": [],
        "direction": "Fwd",
        "index": 0,
        "layer": 0,
        "osm_way_ids": [
          701882962
        ],
        "road": 85,
        "speed_limit": "None",
        "type": "Footway",
        "width": 2.0
      },
      "type": "Feature"
    },
    {
      "geometry": {
        "coordinates": [
          [
            [
              105.85078367405252,
              21.02892253685158
            ],
            [
              105.85083400661435,
              21.028942965843015
            ],
            [
              105.85082632198899,
              21.02895946120139
            ],
            [
              105.85077598942716,
              21.028939032209955
            ],
            [
              105.85078367405252,
              21.02892253685158
            ]
          ]
        ],
        "type": "Polygon"
      },
      "properties": {
        "allowed_turns": [],
        "direction": "Fwd",
        "index": 0,
        "layer": 0,
        "osm_way_ids": [
          701882963
        ],
        "road": 87,
        "speed_limit": "None",
        "type": "Footway",
        "width": 2.0
      },
      "type": "Feature"
    },
    {
      "geometry": {
        "coordinates": [
          [
            [
              105.8537709478714,
              21.028860751653067
            ],
            [
              105.8537904253521,
              21.02898300184586
            ],
            [
              105.85380213245875,
              21.02916507221928
            ],
            [
              105.853850720179,
              21.03028858850712
            ],
            [
              105.85382183924499,
              21.03028967668636
            ],
            [
              105.85377326115945,
              21.029166403215374
            ],
            [
              105.85376164847271,
              21.02898580233359
            ],
            [
              105.8537423579049,
              21.028864719460348
            ],
            [
              105.8537709478714,
              21.028860751653067
            ]
          ]
        ],
        "type": "Polygon"
      },
      "properties": {
        "allowed_turns": [],
        "direction": "Fwd",
        "index": 0,
        "layer": 0,
        "osm_way_ids": [
          707035045
        ],
        "road": 88,
        "speed_limit": "None",
        "type": "Driving",
        "width": 3.0
      },
      "type": "Feature"
    },
    {
      "geometry": {
        "coordinates": [
          [
            [
              105.85379953783789,
              21.028856783845786
            ],
            [
              105.85381920126804,
              21.028980200458804
            ],
            [
              105.8538309999042,
              21.029163698955063
            ],
            [
              105.85387960014953,
              21.030287500327876
            ],
            [
              105.85385071921553,
              21.03028858850712
            ],
            [
              105.85380212860488,
              21.02916502995116
            ],
            [
              105.85379042438863,
              21.028983000946535
            ],
            [
              105.8537709478714,
              21.028860751653067
            ],
            [
              105.85379953783789,
              21.028856783845786
            ]
          ]
        ],
        "type": "Polygon"
      },
      "properties": {
        "allowed_turns": [],
        "direction": "Fwd",
        "index": 1,
        "layer": 0,
        "osm_way_ids": [
          707035045
        ],
        "road": 88,
        "speed_limit": "None",
        "type": "Driving",
        "width": 3.0
      },
      "type": "Feature"
    },
    {
      "geometry": {
        "coordinates": [
          [
            [
              105.85382812684091,
              21.02885281513918
            ],
            [
              105.8538479791109,
              21.028977417957506
            ],
            [
              105.85385986831311,
              21.02916232748949
            ],
            [
              105.85390848108354,
              21.030286411249314
            ],
            [
              105.85387960014953,
              21.030287499428557
            ],
            [
              105.8538309970138,
              21.029163658485587
            ],
            [
              105.8538192022315,
              21.028980218445238
            ],
            [
              105.85379953687442,
              21.028856782946463
            ],
            [
              105.85382812684091,
              21.02885281513918
            ]
          ]
        ],
        "type": "Polygon"
      },
      "properties": {
        "allowed_turns": [],
        "direction": "Fwd",
        "index": 2,
        "layer": 0,
        "osm_way_ids": [
          707035045
        ],
        "road": 88,
        "speed_limit": "None",
        "type": "Driving",
        "width": 3.0
      },
      "type": "Feature"
    },
    {
      "geometry": {
        "coordinates": [
          [
            [
              105.8538567168074,
              21.028848846432577
            ],
            [
              105.85387675502683,
              21.02897461657045
            ],
            [
              105.85388873575856,
              21.02916095152731
            ],
            [
              105.85393736105407,
              21.030285323070075
            ],
            [
              105.85390848012007,
              21.030286411249314
            ],
            [
              105.85385986445924,
              21.02916228252341
            ],
            [
              105.85384797814743,
              21.028977417058183
            ],
            [
              105.85382812684091,
              21.028852814239862
            ],
            [
              105.8538567168074,
              21.028848846432577
            ]
          ]
        ],
        "type": "Polygon"
      },
      "properties": {
        "allowed_turns": [],
        "direction": "Fwd",
        "index": 3,
        "layer": 0,
        "osm_way_ids": [
          707035045
        ],
        "road": 88,
        "speed_limit": "None",
        "type": "Driving",
        "width": 3.0
      },
      "type": "Feature"
    },
    {
      "geometry": {
        "coordinates": [
          [
            [
              105.85387101082718,
              21.028846861629617
            ],
            [
              105.85389114250306,
              21.02897322352116
            ],
            [
              105.85390317044475,
              21.02916028962655
            ],
            [
              105.85395180152106,
              21.030284778980455
            ],
            [
              105.85393736105407,
              21.030285323969398
            ],
            [
              105.8538887376855,
              21.029160996493395
            ],
            [
              105.85387675213642,
              21.02897460487927
            ],
            [
              105.8538567168074,
              21.028848845533258
            ],
            [
              105.85387101082718,
              21.028846861629617
            ]
          ]
        ],
        "type": "Polygon"
      },
      "properties": {
        "allowed_turns": [],
        "direction": "Fwd",
        "index": 4,
        "layer": 0,
        "osm_way_ids": [
          707035045
        ],
        "road": 88,
        "speed_limit": "None",
        "type": "Sidewalk",
        "width": 1.5
      },
      "type": "Feature"
    },
    {
      "geometry": {
        "coordinates": [
          [
            [
              105.85380260455837,
              21.030482136023906
            ],
            [
              105.85377085056106,
              21.0305413617529
            ],
            [
              105.85361505094822,
              21.030762877274817
            ],
            [
              105.85334259745072,
              21.03121392127488
            ],
            [
              105.85331742008991,
              21.031200670669147
            ],
            [
              105.85359035339476,
              21.030748833467356
            ],
            [
              105.85374575798551,
              21.03052787912217
            ],
            [
              105.85377675662343,
              21.03047006173094
            ],
            [
              105.85380260455837,
              21.030482136023906
            ]
          ]
        ],
        "type": "Polygon"
      },
      "properties": {
        "allowed_turns": [],
        "direction": "Fwd",
        "index": 0,
        "layer": 0,
        "osm_way_ids": [
          707036650
        ],
        "road": 89,
        "speed_limit": "None",
        "type": "Driving",
        "width": 3.0
      },
      "type": "Feature"
    },
    {
      "geometry": {
        "coordinates": [
          [
            [
              105.85382845249329,
              21.03049421031687
            ],
            [
              105.8537959441001,
              21.030554844383623
            ],
            [
              105.85363974850166,
              21.030776921981595
            ],
            [
              105.85336777481152,
              21.03122717188061
            ],
            [
              105.85334259745072,
              21.03121392127488
            ],
            [
              105.85361505094822,
              21.030762878174137
            ],
            [
              105.85377085152453,
              21.0305413617529
            ],
            [
              105.85380260455837,
              21.030482136023906
            ],
            [
              105.85382845249329,
              21.03049421031687
            ]
          ]
        ],
        "type": "Polygon"
      },
      "properties": {
        "allowed_turns": [],
        "direction": "Fwd",
        "index": 1,
        "layer": 0,
        "osm_way_ids": [
          707036650
        ],
        "road": 89,
        "speed_limit": "None",
        "type": "Driving",
        "width": 3.0
      },
      "type": "Feature"
    },
    {
      "geometry": {
        "coordinates": [
          [
            [
              105.85385430042822,
              21.030506285509155
            ],
            [
              105.85382103474873,
              21.030568330611636
            ],
            [
              105.85366444509165,
              21.03079097028566
            ],
            [
              105.85339295217231,
              21.03124042338566
            ],
            [
              105.85336777481152,
              21.031227172779932
            ],
            [
              105.8536397475382,
              21.030776926478204
            ],
            [
              105.85379594217316,
              21.030554847980913
            ],
            [
              105.85382845249329,
              21.03049421121619
            ],
            [
              105.85385430042822,
              21.030506285509155
            ]
          ]
        ],
        "type": "Polygon"
      },
      "properties": {
        "allowed_turns": [],
        "direction": "Fwd",
        "index": 2,
        "layer": 0,
        "osm_way_ids": [
          707036650
        ],
        "road": 89,
        "speed_limit": "None",
        "type": "Driving",
        "width": 3.0
      },
      "type": "Feature"
    },
    {
      "geometry": {
        "coordinates": [
          [
            [
              105.85386722439569,
              21.030512321756316
            ],
            [
              105.85383357621917,
              21.030575080920215
            ],
            [
              105.85367679579531,
              21.03079799129007
            ],
            [
              105.85340554181619,
              21.031247048688527
            ],
            [
              105.85339295313578,
              21.03124042248634
            ],
            [
              105.85366444798206,
              21.030790965789055
            ],
            [
              105.8538210357122,
              21.030568330611636
            ],
            [
              105.85385430042822,
              21.030506285509155
            ],
            [
              105.85386722439569,
              21.030512321756316
            ]
          ]
        ],
        "type": "Polygon"
      },
      "properties": {
        "allowed_turns": [],
        "direction": "Fwd",
        "index": 3,
        "layer": 0,
        "osm_way_ids": [
          707036650
        ],
        "road": 89,
        "speed_limit": "None",
        "type": "Sidewalk",
        "width": 1.5
      },
      "type": "Feature"
    },
    {
      "geometry": {
        "coordinates": [
          [
            [
              105.85119002270483,
              21.02776715040181
            ],
            [
              105.85159799961902,
              21.026139000433922
            ],
            [
              105.85162734205447,
              21.026068266085307
            ],
            [
              105.85165429605132,
              21.026078007537816
            ],
            [
              105.85162568392505,
              21.026146979215927
            ],
            [
              105.85121816754884,
              21.027773294567574
            ],
            [
              105.85119002270483,
              21.02776715040181
            ]
          ]
        ],
        "type": "Polygon"
      },
      "properties": {
        "allowed_turns": [],
        "direction": "Fwd",
        "index": 0,
        "layer": 0,
        "osm_way_ids": [
          707052081
        ],
        "road": 91,
        "speed_limit": "None",
        "type": "Driving",
        "width": 3.0
      },
      "type": "Feature"
    },
    {
      "geometry": {
        "coordinates": [
          [
            [
              105.8511618778608,
              21.027761006236048
            ],
            [
              105.85157031434952,
              21.02613102165192
            ],
            [
              105.8516003880576,
              21.026058524632795
            ],
            [
              105.85162734205447,
              21.026068266085307
            ],
            [
              105.85159799865555,
              21.026139000433922
            ],
            [
              105.85119002270483,
              21.02776715040181
            ],
            [
              105.8511618778608,
              21.027761006236048
            ]
          ]
        ],
        "type": "Polygon"
      },
      "properties": {
        "allowed_turns": [],
        "direction": "Fwd",
        "index": 1,
        "layer": 0,
        "osm_way_ids": [
          707052081
        ],
        "road": 91,
        "speed_limit": "None",
        "type": "Driving",
        "width": 3.0
      },
      "type": "Feature"
    },
    {
      "geometry": {
        "coordinates": [
          [
            [
              105.8511478054388,
              21.027757934153165
            ],
            [
              105.85155647219649,
              21.026127029562954
            ],
            [
              105.85158691105919,
              21.02605365300722
            ],
            [
              105.8516003880576,
              21.026058523733475
            ],
            [
              105.85157031531298,
              21.026131018953954
            ],
            [
              105.8511618778608,
              21.027761006236048
            ],
            [
              105.8511478054388,
              21.027757934153165
            ]
          ]
        ],
        "type": "Polygon"
      },
      "properties": {
        "allowed_turns": [],
        "direction": "Fwd",
        "index": 2,
        "layer": 0,
        "osm_way_ids": [
          707052081
        ],
        "road": 91,
        "speed_limit": "None",
        "type": "Sidewalk",
        "width": 1.5
      },
      "type": "Feature"
    },
    {
      "geometry": {
        "coordinates": [
          [
            [
              105.85167413579622,
              21.02589699027009
            ],
            [
              105.8516657998661,
              21.025807898967205
            ],
            [
              105.85146804023334,
              21.025155251326687
            ],
            [
              105.85149585364417,
              21.025147909264437
            ],
            [
              105.85169435514773,
              21.025803008455874
            ],
            [
              105.85170293001805,
              21.025894643040488
            ],
            [
              105.85167413579622,
              21.02589699027009
            ]
          ]
        ],
        "type": "Polygon"
      },
      "properties": {
        "allowed_turns": [],
        "direction": "Fwd",
        "index": 0,
        "layer": 0,
        "osm_way_ids": [
          707055568
        ],
        "road": 92,
        "speed_limit": "None",
        "type": "Driving",
        "width": 3.0
      },
      "type": "Feature"
    },
    {
      "geometry": {
        "coordinates": [
          [
            [
              105.85164534061092,
              21.025899338399014
            ],
            [
              105.85163724169408,
              21.02581278588125
            ],
            [
              105.85144022682252,
              21.025162594288258
            ],
            [
              105.85146804023334,
              21.02515525222601
            ],
            [
              105.8516657969757,
              21.02580789536992
            ],
            [
              105.85167413483275,
              21.02589699116941
            ],
            [
              105.85164534061092,
              21.025899338399014
            ]
          ]
        ],
        "type": "Polygon"
      },
      "properties": {
        "allowed_turns": [],
        "direction": "Fwd",
        "index": 1,
        "layer": 0,
        "osm_way_ids": [
          707055568
        ],
        "road": 92,
        "speed_limit": "None",
        "type": "Driving",
        "width": 3.0
      },
      "type": "Feature"
    },
    {
      "geometry": {
        "coordinates": [
          [
            [
              105.8516309435,
              21.025900512013816
            ],
            [
              105.8516229630898,
              21.02581523293556
            ],
            [
              105.85142632011711,
              21.025166266218704
            ],
            [
              105.85144022682252,
              21.02516259518758
            ],
            [
              105.85163724362101,
              21.025812792176502
            ],
            [
              105.85164534157438,
              21.02589933749969
            ],
            [
              105.8516309435,
              21.025900512013816
            ]
          ]
        ],
        "type": "Polygon"
      },
      "properties": {
        "allowed_turns": [],
        "direction": "Fwd",
        "index": 2,
        "layer": 0,
        "osm_way_ids": [
          707055568
        ],
        "road": 92,
        "speed_limit": "None",
        "type": "Sidewalk",
        "width": 1.5
      },
      "type": "Feature"
    },
    {
      "geometry": {
        "coordinates": [
          [
            [
              105.8514545054268,
              21.02511255243233
            ],
            [
              105.85134381541263,
              21.02478296092672
            ],
            [
              105.85137139566406,
              21.024774890413905
            ],
            [
              105.85148208567823,
              21.025104481919513
            ],
            [
              105.8514545054268,
              21.02511255243233
            ]
          ]
        ],
        "type": "Polygon"
      },
      "properties": {
        "allowed_turns": [],
        "direction": "Fwd",
        "index": 0,
        "layer": 0,
        "osm_way_ids": [
          707055568
        ],
        "road": 93,
        "speed_limit": "None",
        "type": "Driving",
        "width": 3.0
      },
      "type": "Feature"
    },
    {
      "geometry": {
        "coordinates": [
          [
            [
              105.8514269242119,
              21.025120622045822
            ],
            [
              105.85131623419774,
              21.024791030540214
            ],
            [
              105.85134381444917,
              21.0247829600274
            ],
            [
              105.85145450446333,
              21.025112551533006
            ],
            [
              105.8514269242119,
              21.025120622045822
            ]
          ]
        ],
        "type": "Polygon"
      },
      "properties": {
        "allowed_turns": [],
        "direction": "Fwd",
        "index": 1,
        "layer": 0,
        "osm_way_ids": [
          707055568
        ],
        "road": 93,
        "speed_limit": "None",
        "type": "Driving",
        "width": 3.0
      },
      "type": "Feature"
    },
    {
      "geometry": {
        "coordinates": [
          [
            [
              105.8514131340862,
              21.025124657302232
            ],
            [
              105.85130244407202,
              21.024795065796624
            ],
            [
              105.8513162351612,
              21.024791031439538
            ],
            [
              105.85142692517537,
              21.025120622945145
            ],
            [
              105.8514131340862,
              21.025124657302232
            ]
          ]
        ],
        "type": "Polygon"
      },
      "properties": {
        "allowed_turns": [],
        "direction": "Fwd",
        "index": 2,
        "layer": 0,
        "osm_way_ids": [
          707055568
        ],
        "road": 93,
        "speed_limit": "None",
        "type": "Sidewalk",
        "width": 1.5
      },
      "type": "Feature"
    },
    {
      "geometry": {
        "coordinates": [
          [
            [
              105.85122905281679,
              21.027782169073976
            ],
            [
              105.85125568694208,
              21.02775371363649
            ],
            [
              105.85167129163698,
              21.02615130495324
            ],
            [
              105.85166873940872,
              21.02607757316544
            ],
            [
              105.85169762805047,
              21.02607670262205
            ],
            [
              105.85170030745658,
              21.02615409464911
            ],
            [
              105.85128211295816,
              21.027766485803085
            ],
            [
              105.85125081949884,
              21.027799919885428
            ],
            [
              105.85122905281679,
              21.027782169073976
            ]
          ]
        ],
        "type": "Polygon"
      },
      "properties": {
        "allowed_turns": [],
        "direction": "Fwd",
        "index": 0,
        "layer": 0,
        "osm_way_ids": [
          707074538
        ],
        "road": 94,
        "speed_limit": "None",
        "type": "Driving",
        "width": 3.0
      },
      "type": "Feature"
    },
    {
      "geometry": {
        "coordinates": [
          [
            [
              105.85121816947577,
              21.02777329276893
            ],
            [
              105.85124247586099,
              21.027747324855227
            ],
            [
              105.85165678372718,
              21.02614991280327
            ],
            [
              105.85165429508785,
              21.026078008437135
            ],
            [
              105.85166873940872,
              21.02607757316544
            ],
            [
              105.85167129163698,
              21.02615130495324
            ],
            [
              105.85125568694208,
              21.02775371363649
            ],
            [
              105.85122905281679,
              21.027782169073976
            ],
            [
              105.85121816947577,
              21.02777329276893
            ]
          ]
        ],
        "type": "Polygon"
      },
      "properties": {
        "allowed_turns": [],
        "direction": "Fwd",
        "index": 1,
        "layer": 0,
        "osm_way_ids": [
          707074538
        ],
        "road": 94,
        "speed_limit": "None",
        "type": "Sidewalk",
        "width": 1.5
      },
      "type": "Feature"
    },
    {
      "geometry": {
        "coordinates": [
          [
            [
              105.84835842228442,
              21.02686279341307
            ],
            [
              105.84782819180622,
              21.027018953429376
            ],
            [
              105.84781949553886,
              21.026993223835923
            ],
            [
              105.84834972601706,
              21.026837063819613
            ],
            [
              105.84835842228442,
              21.02686279341307
            ]
          ]
        ],
        "type": "Polygon"
      },
      "properties": {
        "allowed_turns": [],
        "direction": "Fwd",
        "index": 0,
        "layer": 0,
        "osm_way_ids": [
          707337132,
          838526718
        ],
        "road": 95,
        "speed_limit": "None",
        "type": "Driving",
        "width": 3.0
      },
      "type": "Feature"
    },
    {
      "geometry": {
        "coordinates": [
          [
            [
              105.84836711951525,
              21.026888523006523
            ],
            [
              105.84783688903704,
              21.02704468302283
            ],
            [
              105.84782819276968,
              21.027018953429376
            ],
            [
              105.84835842324789,
              21.02686279341307
            ],
            [
              105.84836711951525,
              21.026888523006523
            ]
          ]
        ],
        "type": "Polygon"
      },
      "properties": {
        "allowed_turns": [],
        "direction": "Fwd",
        "index": 1,
        "layer": 0,
        "osm_way_ids": [
          707337132,
          838526718
        ],
        "road": 95,
        "speed_limit": "None",
        "type": "Driving",
        "width": 3.0
      },
      "type": "Feature"
    },
    {
      "geometry": {
        "coordinates": [
          [
            [
              105.84837581674607,
              21.026914251700656
            ],
            [
              105.84784558626787,
              21.027070411716963
            ],
            [
              105.84783689000051,
              21.02704468212351
            ],
            [
              105.84836712047871,
              21.0268885221072
            ],
            [
              105.84837581674607,
              21.026914251700656
            ]
          ]
        ],
        "type": "Polygon"
      },
      "properties": {
        "allowed_turns": [],
        "direction": "Fwd",
        "index": 2,
        "layer": 0,
        "osm_way_ids": [
          707337132,
          838526718
        ],
        "road": 95,
        "speed_limit": "None",
        "type": "Driving",
        "width": 3.0
      },
      "type": "Feature"
    },
    {
      "geometry": {
        "coordinates": [
          [
            [
              105.84838016584322,
              21.026927116497383
            ],
            [
              105.84784993536502,
              21.02708327651369
            ],
            [
              105.84784558626787,
              21.027070412616286
            ],
            [
              105.84837581674607,
              21.026914252599976
            ],
            [
              105.84838016584322,
              21.026927116497383
            ]
          ]
        ],
        "type": "Polygon"
      },
      "properties": {
        "allowed_turns": [],
        "direction": "Fwd",
        "index": 3,
        "layer": 0,
        "osm_way_ids": [
          707337132,
          838526718
        ],
        "road": 95,
        "speed_limit": "None",
        "type": "Sidewalk",
        "width": 1.5
      },
      "type": "Feature"
    },
    {
      "geometry": {
        "coordinates": [
          [
            [
              105.85034090050728,
              21.026899972270915
            ],
            [
              105.85055468840325,
              21.02634839579747
            ],
            [
              105.85056827909096,
              21.026352985935358
            ],
            [
              105.85035449119499,
              21.026904562408802
            ],
            [
              105.85034090050728,
              21.026899972270915
            ]
          ]
        ],
        "type": "Polygon"
      },
      "properties": {
        "allowed_turns": [],
        "direction": "Back",
        "index": 0,
        "layer": 0,
        "osm_way_ids": [
          707390780
        ],
        "road": 96,
        "speed_limit": "None",
        "type": "Sidewalk",
        "width": 1.5
      },
      "type": "Feature"
    },
    {
      "geometry": {
        "coordinates": [
          [
            [
              105.85031372105878,
              21.026890793793783
            ],
            [
              105.85052750895476,
              21.026339217320338
            ],
            [
              105.85055468840325,
              21.02634839579747
            ],
            [
              105.85034090050728,
              21.026899972270915
            ],
            [
              105.85031372105878,
              21.026890793793783
            ]
          ]
        ],
        "type": "Polygon"
      },
      "properties": {
        "allowed_turns": [],
        "direction": "Fwd",
        "index": 1,
        "layer": 0,
        "osm_way_ids": [
          707390780
        ],
        "road": 96,
        "speed_limit": "None",
        "type": "Driving",
        "width": 3.0
      },
      "type": "Feature"
    },
    {
      "geometry": {
        "coordinates": [
          [
            [
              105.85030013037105,
              21.026886203655895
            ],
            [
              105.85051391826703,
              21.02633462718245
            ],
            [
              105.85052750895476,
              21.026339217320338
            ],
            [
              105.85031372105878,
              21.026890793793783
            ],
            [
              105.85030013037105,
              21.026886203655895
            ]
          ]
        ],
        "type": "Polygon"
      },
      "properties": {
        "allowed_turns": [],
        "direction": "Fwd",
        "index": 2,
        "layer": 0,
        "osm_way_ids": [
          707390780
        ],
        "road": 96,
        "speed_limit": "None",
        "type": "Sidewalk",
        "width": 1.5
      },
      "type": "Feature"
    },
    {
      "geometry": {
        "coordinates": [
          [
            [
              105.84920717740043,
              21.031260164396006
            ],
            [
              105.84922280775113,
              21.031235923179942
            ],
            [
              105.84975261623009,
              21.030518357104153
            ],
            [
              105.85019542638715,
              21.029946787810296
            ],
            [
              105.8502071363842,
              21.02995469284792
            ],
            [
              105.84976441679319,
              21.03052614522996
            ],
            [
              105.84923496287067,
              21.03124323106797
            ],
            [
              105.84921955989856,
              21.03126711974993
            ],
            [
              105.84920717740043,
              21.031260164396006
            ]
          ]
        ],
        "type": "Polygon"
      },
      "properties": {
        "allowed_turns": [],
        "direction": "Back",
        "index": 0,
        "layer": 0,
        "osm_way_ids": [
          708601342
        ],
        "road": 97,
        "speed_limit": "None",
        "type": "Sidewalk",
        "width": 1.5
      },
      "type": "Feature"
    },
    {
      "geometry": {
        "coordinates": [
          [
            [
              105.84918241240419,
              21.031246251889513
            ],
            [
              105.84919850040245,
              21.031221300209317
            ],
            [
              105.84972899968838,
              21.030502799738297
            ],
            [
              105.85017200446609,
              21.029930978634365
            ],
            [
              105.85019542638715,
              21.029946788709616
            ],
            [
              105.84975260274153,
              21.03051837598991
            ],
            [
              105.84922280678767,
              21.031235923179942
            ],
            [
              105.84920717740043,
              21.031260164396006
            ],
            [
              105.84918241240419,
              21.031246251889513
            ]
          ]
        ],
        "type": "Polygon"
      },
      "properties": {
        "allowed_turns": [],
        "direction": "Fwd",
        "index": 1,
        "layer": 0,
        "osm_way_ids": [
          708601342
        ],
        "road": 97,
        "speed_limit": "None",
        "type": "Driving",
        "width": 3.0
      },
      "type": "Feature"
    },
    {
      "geometry": {
        "coordinates": [
          [
            [
              105.84915764740794,
              21.03123233938302
            ],
            [
              105.84917419401724,
              21.031206677238693
            ],
            [
              105.84970539663523,
              21.030487223486684
            ],
            [
              105.85014858254503,
              21.029915168559114
            ],
            [
              105.85017200446609,
              21.029930978634365
            ],
            [
              105.84972899968838,
              21.030502799738297
            ],
            [
              105.84919850040245,
              21.031221300209317
            ],
            [
              105.84918241240419,
              21.031246251889513
            ],
            [
              105.84915764740794,
              21.03123233938302
            ]
          ]
        ],
        "type": "Polygon"
      },
      "properties": {
        "allowed_turns": [],
        "direction": "Fwd",
        "index": 2,
        "layer": 0,
        "osm_way_ids": [
          708601342
        ],
        "road": 97,
        "speed_limit": "None",
        "type": "Driving",
        "width": 3.0
      },
      "type": "Feature"
    },
    {
      "geometry": {
        "coordinates": [
          [
            [
              105.84914526490981,
              21.031225384029096
            ],
            [
              105.84916203793424,
              21.031199369350666
            ],
            [
              105.84969358258357,
              21.030479454246635
            ],
            [
              105.85013687254796,
              21.02990726442081
            ],
            [
              105.85014858254503,
              21.029915169458437
            ],
            [
              105.84970538314667,
              21.03048724237244
            ],
            [
              105.84917419305377,
              21.031206677238693
            ],
            [
              105.84915764740794,
              21.03123233938302
            ],
            [
              105.84914526490981,
              21.031225384029096
            ]
          ]
        ],
        "type": "Polygon"
      },
      "properties": {
        "allowed_turns": [],
        "direction": "Fwd",
        "index": 3,
        "layer": 0,
        "osm_way_ids": [
          708601342
        ],
        "road": 97,
        "speed_limit": "None",
        "type": "Sidewalk",
        "width": 1.5
      },
      "type": "Feature"
    },
    {
      "geometry": {
        "coordinates": [
          [
            [
              105.85068935240596,
              21.030196685924643
            ],
            [
              105.85024945385095,
              21.029900020384627
            ],
            [
              105.85025791695891,
              21.02988908643156
            ],
            [
              105.85069781551394,
              21.030185751971576
            ],
            [
              105.85068935240596,
              21.030196685924643
            ]
          ]
        ],
        "type": "Polygon"
      },
      "properties": {
        "allowed_turns": [],
        "direction": "Back",
        "index": 0,
        "layer": 0,
        "osm_way_ids": [
          708601344
        ],
        "road": 98,
        "speed_limit": "None",
        "type": "Sidewalk",
        "width": 1.5
      },
      "type": "Feature"
    },
    {
      "geometry": {
        "coordinates": [
          [
            [
              105.85067242522658,
              21.030218554730094
            ],
            [
              105.85023252667156,
              21.029921889190078
            ],
            [
              105.85024945481442,
              21.029900019485304
            ],
            [
              105.85068935336943,
              21.03019668502532
            ],
            [
              105.85067242522658,
              21.030218554730094
            ]
          ]
        ],
        "type": "Polygon"
      },
      "properties": {
        "allowed_turns": [],
        "direction": "Back",
        "index": 1,
        "layer": 0,
        "osm_way_ids": [
          708601344
        ],
        "road": 98,
        "speed_limit": "None",
        "type": "Driving",
        "width": 3.0
      },
      "type": "Feature"
    },
    {
      "geometry": {
        "coordinates": [
          [
            [
              105.85065549708372,
              21.030240424434872
            ],
            [
              105.85021559852869,
              21.029943758894856
            ],
            [
              105.85023252667156,
              21.029921889190078
            ],
            [
              105.85067242522658,
              21.030218554730094
            ],
            [
              105.85065549708372,
              21.030240424434872
            ]
          ]
        ],
        "type": "Polygon"
      },
      "properties": {
        "allowed_turns": [],
        "direction": "Fwd",
        "index": 2,
        "layer": 0,
        "osm_way_ids": [
          708601344
        ],
        "road": 98,
        "speed_limit": "None",
        "type": "Driving",
        "width": 3.0
      },
      "type": "Feature"
    },
    {
      "geometry": {
        "coordinates": [
          [
            [
              105.85064703493921,
              21.030251357488616
            ],
            [
              105.8502071363842,
              21.0299546919486
            ],
            [
              105.85021559949216,
              21.029943757995532
            ],
            [
              105.85065549804719,
              21.03024042353555
            ],
            [
              105.85064703493921,
              21.030251357488616
            ]
          ]
        ],
        "type": "Polygon"
      },
      "properties": {
        "allowed_turns": [],
        "direction": "Fwd",
        "index": 3,
        "layer": 0,
        "osm_way_ids": [
          708601344
        ],
        "road": 98,
        "speed_limit": "None",
        "type": "Sidewalk",
        "width": 1.5
      },
      "type": "Feature"
    },
    {
      "geometry": {
        "coordinates": [
          [
            [
              105.8477651722902,
              21.029216406400472
            ],
            [
              105.84775619758042,
              21.02976338374281
            ],
            [
              105.84774174747874,
              21.029763176898825
            ],
            [
              105.84775072218851,
              21.029216199556487
            ],
            [
              105.8477651722902,
              21.029216406400472
            ]
          ]
        ],
        "type": "Polygon"
      },
      "properties": {
        "allowed_turns": [],
        "direction": "Back",
        "index": 0,
        "layer": 0,
        "osm_way_ids": [
          709362108
        ],
        "road": 99,
        "speed_limit": "None",
        "type": "Sidewalk",
        "width": 1.5
      },
      "type": "Feature"
    },
    {
      "geometry": {
        "coordinates": [
          [
            [
              105.84779407345704,
              21.029216819189127
            ],
            [
              105.84778509874727,
              21.029763796531466
            ],
            [
              105.84775619854389,
              21.02976338284349
            ],
            [
              105.84776517325366,
              21.029216405501153
            ],
            [
              105.84779407345704,
              21.029216819189127
            ]
          ]
        ],
        "type": "Polygon"
      },
      "properties": {
        "allowed_turns": [],
        "direction": "Fwd",
        "index": 1,
        "layer": 0,
        "osm_way_ids": [
          709362108
        ],
        "road": 99,
        "speed_limit": "None",
        "type": "Driving",
        "width": 3.0
      },
      "type": "Feature"
    },
    {
      "geometry": {
        "coordinates": [
          [
            [
              105.84782297366041,
              21.0292172328771
            ],
            [
              105.84781399895064,
              21.029764210219444
            ],
            [
              105.84778509874727,
              21.029763796531466
            ],
            [
              105.84779407345704,
              21.029216819189127
            ],
            [
              105.84782297366041,
              21.0292172328771
            ]
          ]
        ],
        "type": "Polygon"
      },
      "properties": {
        "allowed_turns": [],
        "direction": "Fwd",
        "index": 2,
        "layer": 0,
        "osm_way_ids": [
          709362108
        ],
        "road": 99,
        "speed_limit": "None",
        "type": "Driving",
        "width": 3.0
      },
      "type": "Feature"
    },
    {
      "geometry": {
        "coordinates": [
          [
            [
              105.84783742472557,
              21.02921743882177
            ],
            [
              105.8478284500158,
              21.02976441616411
            ],
            [
              105.84781399991411,
              21.02976420932012
            ],
            [
              105.84782297462388,
              21.029217231977782
            ],
            [
              105.84783742472557,
              21.02921743882177
            ]
          ]
        ],
        "type": "Polygon"
      },
      "properties": {
        "allowed_turns": [],
        "direction": "Fwd",
        "index": 3,
        "layer": 0,
        "osm_way_ids": [
          709362108
        ],
        "road": 99,
        "speed_limit": "None",
        "type": "Sidewalk",
        "width": 1.5
      },
      "type": "Feature"
    },
    {
      "geometry": {
        "coordinates": [
          [
            [
              105.84775056514313,
              21.029801126475355
            ],
            [
              105.84774680568876,
              21.029823830750658
            ],
            [
              105.8477325232306,
              21.02982176950535
            ],
            [
              105.84773628268498,
              21.02979906523005
            ],
            [
              105.84775056514313,
              21.029801126475355
            ]
          ]
        ],
        "type": "Polygon"
      },
      "properties": {
        "allowed_turns": [],
        "direction": "Back",
        "index": 0,
        "layer": 0,
        "osm_way_ids": [
          709362108
        ],
        "road": 100,
        "speed_limit": "None",
        "type": "Sidewalk",
        "width": 1.5
      },
      "type": "Feature"
    },
    {
      "geometry": {
        "coordinates": [
          [
            [
              105.84777913005945,
              21.029805247167324
            ],
            [
              105.84777537060506,
              21.029827951442623
            ],
            [
              105.84774680568876,
              21.029823830750658
            ],
            [
              105.84775056514313,
              21.029801126475355
            ],
            [
              105.84777913005945,
              21.029805247167324
            ]
          ]
        ],
        "type": "Polygon"
      },
      "properties": {
        "allowed_turns": [],
        "direction": "Fwd",
        "index": 1,
        "layer": 0,
        "osm_way_ids": [
          709362108
        ],
        "road": 100,
        "speed_limit": "None",
        "type": "Driving",
        "width": 3.0
      },
      "type": "Feature"
    },
    {
      "geometry": {
        "coordinates": [
          [
            [
              105.84780769497576,
              21.029809367859293
            ],
            [
              105.84780393552137,
              21.029832072134592
            ],
            [
              105.84777537060506,
              21.029827951442623
            ],
            [
              105.84777913005945,
              21.029805247167324
            ],
            [
              105.84780769497576,
              21.029809367859293
            ]
          ]
        ],
        "type": "Polygon"
      },
      "properties": {
        "allowed_turns": [],
        "direction": "Fwd",
        "index": 2,
        "layer": 0,
        "osm_way_ids": [
          709362108
        ],
        "road": 100,
        "speed_limit": "None",
        "type": "Driving",
        "width": 3.0
      },
      "type": "Feature"
    },
    {
      "geometry": {
        "coordinates": [
          [
            [
              105.84782197743391,
              21.029811429104598
            ],
            [
              105.84781821797952,
              21.0298341333799
            ],
            [
              105.84780393552137,
              21.029832072134592
            ],
            [
              105.84780769497576,
              21.029809367859293
            ],
            [
              105.84782197743391,
              21.029811429104598
            ]
          ]
        ],
        "type": "Polygon"
      },
      "properties": {
        "allowed_turns": [],
        "direction": "Fwd",
        "index": 3,
        "layer": 0,
        "osm_way_ids": [
          709362108
        ],
        "road": 100,
        "speed_limit": "None",
        "type": "Sidewalk",
        "width": 1.5
      },
      "type": "Feature"
    },
    {
      "geometry": {
        "coordinates": [
          [
            [
              105.84773495213487,
              21.02987167286574
            ],
            [
              105.84770284454461,
              21.029947852607172
            ],
            [
              105.84768939645025,
              21.02994291353247
            ],
            [
              105.8477215040405,
              21.02986673379104
            ],
            [
              105.84773495213487,
              21.02987167286574
            ]
          ]
        ],
        "type": "Polygon"
      },
      "properties": {
        "allowed_turns": [],
        "direction": "Back",
        "index": 0,
        "layer": 0,
        "osm_way_ids": [
          709362108
        ],
        "road": 101,
        "speed_limit": "None",
        "type": "Sidewalk",
        "width": 1.5
      },
      "type": "Feature"
    },
    {
      "geometry": {
        "coordinates": [
          [
            [
              105.84776185025055,
              21.029881550115824
            ],
            [
              105.84772974266029,
              21.029957729857255
            ],
            [
              105.84770284454461,
              21.029947853506492
            ],
            [
              105.84773495213487,
              21.02987167376506
            ],
            [
              105.84776185025055,
              21.029881550115824
            ]
          ]
        ],
        "type": "Polygon"
      },
      "properties": {
        "allowed_turns": [],
        "direction": "Fwd",
        "index": 1,
        "layer": 0,
        "osm_way_ids": [
          709362108
        ],
        "road": 101,
        "speed_limit": "None",
        "type": "Driving",
        "width": 3.0
      },
      "type": "Feature"
    },
    {
      "geometry": {
        "coordinates": [
          [
            [
              105.84778874836623,
              21.029891426466587
            ],
            [
              105.84775664077597,
              21.029967606208018
            ],
            [
              105.84772974266029,
              21.029957729857255
            ],
            [
              105.84776185025055,
              21.029881550115824
            ],
            [
              105.84778874836623,
              21.029891426466587
            ]
          ]
        ],
        "type": "Polygon"
      },
      "properties": {
        "allowed_turns": [],
        "direction": "Fwd",
        "index": 2,
        "layer": 0,
        "osm_way_ids": [
          709362108
        ],
        "road": 101,
        "speed_limit": "None",
        "type": "Driving",
        "width": 3.0
      },
      "type": "Feature"
    },
    {
      "geometry": {
        "coordinates": [
          [
            [
              105.84780219646059,
              21.029896366440614
            ],
            [
              105.84777008887033,
              21.029972546182044
            ],
            [
              105.84775664077597,
              21.02996760710734
            ],
            [
              105.84778874836623,
              21.02989142736591
            ],
            [
              105.84780219646059,
              21.029896366440614
            ]
          ]
        ],
        "type": "Polygon"
      },
      "properties": {
        "allowed_turns": [],
        "direction": "Fwd",
        "index": 3,
        "layer": 0,
        "osm_way_ids": [
          709362108
        ],
        "road": 101,
        "speed_limit": "None",
        "type": "Sidewalk",
        "width": 1.5
      },
      "type": "Feature"
    },
    {
      "geometry": {
        "coordinates": [
          [
            [
              105.84768148733671,
              21.029992501230947
            ],
            [
              105.84745072986873,
              21.030434903648924
            ],
            [
              105.84743773653153,
              21.030428998702728
            ],
            [
              105.8476684939995,
              21.029986596284754
            ],
            [
              105.84768148733671,
              21.029992501230947
            ]
          ]
        ],
        "type": "Polygon"
      },
      "properties": {
        "allowed_turns": [],
        "direction": "Back",
        "index": 0,
        "layer": 0,
        "osm_way_ids": [
          709362109
        ],
        "road": 102,
        "speed_limit": "None",
        "type": "Sidewalk",
        "width": 1.5
      },
      "type": "Feature"
    },
    {
      "geometry": {
        "coordinates": [
          [
            [
              105.84770747497458,
              21.03000431202266
            ],
            [
              105.84747671750661,
              21.030446714440632
            ],
            [
              105.8474507308322,
              21.030434904548244
            ],
            [
              105.84768148830018,
              21.02999250213027
            ],
            [
              105.84770747497458,
              21.03000431202266
            ]
          ]
        ],
        "type": "Polygon"
      },
      "properties": {
        "allowed_turns": [],
        "direction": "Fwd",
        "index": 1,
        "layer": 0,
        "osm_way_ids": [
          709362109
        ],
        "road": 102,
        "speed_limit": "None",
        "type": "Driving",
        "width": 3.0
      },
      "type": "Feature"
    },
    {
      "geometry": {
        "coordinates": [
          [
            [
              105.84773346164899,
              21.030016121915047
            ],
            [
              105.84750270418101,
              21.03045852433302
            ],
            [
              105.84747671750661,
              21.030446714440632
            ],
            [
              105.84770747497458,
              21.03000431202266
            ],
            [
              105.84773346164899,
              21.030016121915047
            ]
          ]
        ],
        "type": "Polygon"
      },
      "properties": {
        "allowed_turns": [],
        "direction": "Fwd",
        "index": 2,
        "layer": 0,
        "osm_way_ids": [
          709362109
        ],
        "road": 102,
        "speed_limit": "None",
        "type": "Driving",
        "width": 3.0
      },
      "type": "Feature"
    },
    {
      "geometry": {
        "coordinates": [
          [
            [
              105.84774645594966,
              21.030022027760563
            ],
            [
              105.84751569848167,
              21.030464430178537
            ],
            [
              105.84750270514448,
              21.030458525232344
            ],
            [
              105.84773346261245,
              21.030016122814366
            ],
            [
              105.84774645594966,
              21.030022027760563
            ]
          ]
        ],
        "type": "Polygon"
      },
      "properties": {
        "allowed_turns": [],
        "direction": "Fwd",
        "index": 3,
        "layer": 0,
        "osm_way_ids": [
          709362109
        ],
        "road": 102,
        "speed_limit": "None",
        "type": "Sidewalk",
        "width": 1.5
      },
      "type": "Feature"
    },
    {
      "geometry": {
        "coordinates": [
          [
            [
              105.85535432754298,
              21.02891503920668
            ],
            [
              105.85387807305183,
              21.028779734460283
            ],
            [
              105.85387948549676,
              21.028766309386146
            ],
            [
              105.85535573998791,
              21.02890161413254
            ],
            [
              105.85535432754298,
              21.02891503920668
            ]
          ]
        ],
        "type": "Polygon"
      },
      "properties": {
        "allowed_turns": [],
        "direction": "Back",
        "index": 0,
        "layer": 0,
        "osm_way_ids": [
          720109449
        ],
        "road": 103,
        "speed_limit": "None",
        "type": "Sidewalk",
        "width": 1.5
      },
      "type": "Feature"
    },
    {
      "geometry": {
        "coordinates": [
          [
            [
              105.85535150265312,
              21.028941890254277
            ],
            [
              105.85387524816197,
              21.02880658550788
            ],
            [
              105.85387807305183,
              21.028779735359606
            ],
            [
              105.85535432754298,
              21.028915040106
            ],
            [
              105.85535150265312,
              21.028941890254277
            ]
          ]
        ],
        "type": "Polygon"
      },
      "properties": {
        "allowed_turns": [],
        "direction": "Back",
        "index": 1,
        "layer": 0,
        "osm_way_ids": [
          720109449
        ],
        "road": 103,
        "speed_limit": "None",
        "type": "Driving",
        "width": 3.0
      },
      "type": "Feature"
    },
    {
      "geometry": {
        "coordinates": [
          [
            [
              105.85534867776326,
              21.02896874040255
            ],
            [
              105.85387242327211,
              21.028833435656157
            ],
            [
              105.85387524816197,
              21.02880658550788
            ],
            [
              105.85535150265312,
              21.028941890254277
            ],
            [
              105.85534867776326,
              21.02896874040255
            ]
          ]
        ],
        "type": "Polygon"
      },
      "properties": {
        "allowed_turns": [],
        "direction": "Fwd",
        "index": 2,
        "layer": 0,
        "osm_way_ids": [
          720109449
        ],
        "road": 103,
        "speed_limit": "None",
        "type": "Driving",
        "width": 3.0
      },
      "type": "Feature"
    },
    {
      "geometry": {
        "coordinates": [
          [
            [
              105.85534726531833,
              21.02898216637601
            ],
            [
              105.85387101082718,
              21.028846861629617
            ],
            [
              105.85387242327211,
              21.02883343655548
            ],
            [
              105.85534867776326,
              21.028968741301874
            ],
            [
              105.85534726531833,
              21.02898216637601
            ]
          ]
        ],
        "type": "Polygon"
      },
      "properties": {
        "allowed_turns": [],
        "direction": "Fwd",
        "index": 3,
        "layer": 0,
        "osm_way_ids": [
          720109449
        ],
        "road": 103,
        "speed_limit": "None",
        "type": "Sidewalk",
        "width": 1.5
      },
      "type": "Feature"
    },
    {
      "geometry": {
        "coordinates": [
          [
            [
              105.8538816427029,
              21.030511392757013
            ],
            [
              105.85389880785904,
              21.030743895291977
            ],
            [
              105.85388439051529,
              21.030744823391956
            ],
            [
              105.85386722535915,
              21.030512320856992
            ],
            [
              105.8538816427029,
              21.030511392757013
            ]
          ]
        ],
        "type": "Polygon"
      },
      "properties": {
        "allowed_turns": [],
        "direction": "Back",
        "index": 0,
        "layer": 0,
        "osm_way_ids": [
          764854186
        ],
        "road": 104,
        "speed_limit": "None",
        "type": "Sidewalk",
        "width": 1.5
      },
      "type": "Feature"
    },
    {
      "geometry": {
        "coordinates": [
          [
            [
              105.85391047931736,
              21.030509538355695
            ],
            [
              105.85392764447349,
              21.030742040890658
            ],
            [
              105.85389880785904,
              21.030743895291977
            ],
            [
              105.8538816427029,
              21.030511392757013
            ],
            [
              105.85391047931736,
              21.030509538355695
            ]
          ]
        ],
        "type": "Polygon"
      },
      "properties": {
        "allowed_turns": [],
        "direction": "Fwd",
        "index": 1,
        "layer": 0,
        "osm_way_ids": [
          764854186
        ],
        "road": 104,
        "speed_limit": "None",
        "type": "Driving",
        "width": 3.0
      },
      "type": "Feature"
    },
    {
      "geometry": {
        "coordinates": [
          [
            [
              105.85392489666111,
              21.030508610255715
            ],
            [
              105.85394206181725,
              21.03074111279068
            ],
            [
              105.85392764447349,
              21.030742040890658
            ],
            [
              105.85391047931736,
              21.030509538355695
            ],
            [
              105.85392489666111,
              21.030508610255715
            ]
          ]
        ],
        "type": "Polygon"
      },
      "properties": {
        "allowed_turns": [],
        "direction": "Fwd",
        "index": 2,
        "layer": 0,
        "osm_way_ids": [
          764854186
        ],
        "road": 104,
        "speed_limit": "None",
        "type": "Sidewalk",
        "width": 1.5
      },
      "type": "Feature"
    },
    {
      "geometry": {
        "coordinates": [
          [
            [
              105.84948660544696,
              21.02899426944727
            ],
            [
              105.84941918962383,
              21.028958204848994
            ],
            [
              105.84942877035533,
              21.028942599819086
            ],
            [
              105.84949618617846,
              21.028978664417362
            ],
            [
              105.84948660544696,
              21.02899426944727
            ]
          ]
        ],
        "type": "Polygon"
      },
      "properties": {
        "allowed_turns": [],
        "direction": "Fwd",
        "index": 0,
        "layer": 0,
        "osm_way_ids": [
          768043929
        ],
        "road": 105,
        "speed_limit": "None",
        "type": "Footway",
        "width": 2.0
      },
      "type": "Feature"
    },
    {
      "geometry": {
        "coordinates": [
          [
            [
              105.84955853897422,
              21.028822306550286
            ],
            [
              105.84953068413425,
              21.028796380904705
            ],
            [
              105.84942628846028,
              21.028744499036602
            ],
            [
              105.84942855261144,
              21.028740529430678
            ],
            [
              105.84953357646692,
              21.028792722464082
            ],
            [
              105.84956194001829,
              21.028819122951514
            ],
            [
              105.84955853897422,
              21.028822306550286
            ]
          ]
        ],
        "type": "Polygon"
      },
      "properties": {
        "allowed_turns": [],
        "direction": "Back",
        "index": 0,
        "layer": 0,
        "osm_way_ids": [
          771520202
        ],
        "road": 106,
        "speed_limit": "None",
        "type": "Shoulder",
        "width": 0.5
      },
      "type": "Feature"
    },
    {
      "geometry": {
        "coordinates": [
          [
            [
              105.84954493287101,
              21.028835043643333
            ],
            [
              105.84951910035159,
              21.02881100027804
            ],
            [
              105.84941723281915,
              21.028760374762335
            ],
            [
              105.84942628942375,
              21.028744498137282
            ],
            [
              105.84953067931691,
              21.028796377307415
            ],
            [
              105.84955853897422,
              21.028822307449605
            ],
            [
              105.84954493287101,
              21.028835043643333
            ]
          ]
        ],
        "type": "Polygon"
      },
      "properties": {
        "allowed_turns": [],
        "direction": "Back",
        "index": 1,
        "layer": 0,
        "osm_way_ids": [
          771520202
        ],
        "road": 106,
        "speed_limit": "None",
        "type": "Driving",
        "width": 2.0
      },
      "type": "Feature"
    },
    {
      "geometry": {
        "coordinates": [
          [
            [
              105.84953132676779,
              21.028847779837058
            ],
            [
              105.84950752138624,
              21.028825623248665
            ],
            [
              105.84940817621454,
              21.02877625138739
            ],
            [
              105.84941723281915,
              21.028760374762335
            ],
            [
              105.84951910035159,
              21.02881100027804
            ],
            [
              105.84954493287101,
              21.028835043643333
            ],
            [
              105.84953132676779,
              21.028847779837058
            ]
          ]
        ],
        "type": "Polygon"
      },
      "properties": {
        "allowed_turns": [],
        "direction": "Fwd",
        "index": 2,
        "layer": 0,
        "osm_way_ids": [
          771520202
        ],
        "road": 106,
        "speed_limit": "None",
        "type": "Driving",
        "width": 2.0
      },
      "type": "Feature"
    },
    {
      "geometry": {
        "coordinates": [
          [
            [
              105.84952792572372,
              21.028850964335152
            ],
            [
              105.84950462423625,
              21.028829278092
            ],
            [
              105.84940591302686,
              21.028780220093996
            ],
            [
              105.849408177178,
              21.02877625048807
            ],
            [
              105.8495075165689,
              21.02882561965138
            ],
            [
              105.84953132676779,
              21.02884778073638
            ],
            [
              105.84952792572372,
              21.028850964335152
            ]
          ]
        ],
        "type": "Polygon"
      },
      "properties": {
        "allowed_turns": [],
        "direction": "Fwd",
        "index": 3,
        "layer": 0,
        "osm_way_ids": [
          771520202
        ],
        "road": 106,
        "speed_limit": "None",
        "type": "Shoulder",
        "width": 0.5
      },
      "type": "Feature"
    },
    {
      "geometry": {
        "coordinates": [
          [
            [
              105.84937967296023,
              21.028721332509956
            ],
            [
              105.84933277323694,
              21.028697967233214
            ],
            [
              105.84933504124196,
              21.028693999425933
            ],
            [
              105.84938194096524,
              21.028717364702672
            ],
            [
              105.84937967296023,
              21.028721332509956
            ]
          ]
        ],
        "type": "Polygon"
      },
      "properties": {
        "allowed_turns": [],
        "direction": "Back",
        "index": 0,
        "layer": 0,
        "osm_way_ids": [
          771520202
        ],
        "road": 107,
        "speed_limit": "None",
        "type": "Shoulder",
        "width": 0.5
      },
      "type": "Feature"
    },
    {
      "geometry": {
        "coordinates": [
          [
            [
              105.84937059997665,
              21.028737200141794
            ],
            [
              105.84932370025336,
              21.028713834865055
            ],
            [
              105.8493327742004,
              21.028697967233214
            ],
            [
              105.84937967392369,
              21.028721332509956
            ],
            [
              105.84937059997665,
              21.028737200141794
            ]
          ]
        ],
        "type": "Polygon"
      },
      "properties": {
        "allowed_turns": [],
        "direction": "Back",
        "index": 1,
        "layer": 0,
        "osm_way_ids": [
          771520202
        ],
        "road": 107,
        "speed_limit": "None",
        "type": "Driving",
        "width": 2.0
      },
      "type": "Feature"
    },
    {
      "geometry": {
        "coordinates": [
          [
            [
              105.84936152602961,
              21.028753067773632
            ],
            [
              105.84931462630632,
              21.028729702496893
            ],
            [
              105.84932370025336,
              21.028713834865055
            ],
            [
              105.84937059997665,
              21.028737200141794
            ],
            [
              105.84936152602961,
              21.028753067773632
            ]
          ]
        ],
        "type": "Polygon"
      },
      "properties": {
        "allowed_turns": [],
        "direction": "Fwd",
        "index": 2,
        "layer": 0,
        "osm_way_ids": [
          771520202
        ],
        "road": 107,
        "speed_limit": "None",
        "type": "Driving",
        "width": 2.0
      },
      "type": "Feature"
    },
    {
      "geometry": {
        "coordinates": [
          [
            [
              105.84935925898806,
              21.028757035580913
            ],
            [
              105.84931235926476,
              21.028733670304174
            ],
            [
              105.84931462726979,
              21.028729702496893
            ],
            [
              105.84936152699308,
              21.028753067773632
            ],
            [
              105.84935925898806,
              21.028757035580913
            ]
          ]
        ],
        "type": "Polygon"
      },
      "properties": {
        "allowed_turns": [],
        "direction": "Fwd",
        "index": 3,
        "layer": 0,
        "osm_way_ids": [
          771520202
        ],
        "road": 107,
        "speed_limit": "None",
        "type": "Shoulder",
        "width": 0.5
      },
      "type": "Feature"
    },
    {
      "geometry": {
        "coordinates": [
          [
            [
              105.84931573911253,
              21.028689488428352
            ],
            [
              105.84875850935445,
              21.02841235705469
            ],
            [
              105.84876077543254,
              21.02840838924741
            ],
            [
              105.84931800519061,
              21.02868552062107
            ],
            [
              105.84931573911253,
              21.028689488428352
            ]
          ]
        ],
        "type": "Polygon"
      },
      "properties": {
        "allowed_turns": [],
        "direction": "Back",
        "index": 0,
        "layer": 0,
        "osm_way_ids": [
          771520202
        ],
        "road": 108,
        "speed_limit": "None",
        "type": "Shoulder",
        "width": 0.5
      },
      "type": "Feature"
    },
    {
      "geometry": {
        "coordinates": [
          [
            [
              105.84930667865405,
              21.028705362355446
            ],
            [
              105.84874944889597,
              21.02842823098178
            ],
            [
              105.84875850935445,
              21.028412357954014
            ],
            [
              105.84931573911253,
              21.028689489327675
            ],
            [
              105.84930667865405,
              21.028705362355446
            ]
          ]
        ],
        "type": "Polygon"
      },
      "properties": {
        "allowed_turns": [],
        "direction": "Back",
        "index": 1,
        "layer": 0,
        "osm_way_ids": [
          771520202
        ],
        "road": 108,
        "speed_limit": "None",
        "type": "Driving",
        "width": 2.0
      },
      "type": "Feature"
    },
    {
      "geometry": {
        "coordinates": [
          [
            [
              105.84929761819556,
              21.028721235383212
            ],
            [
              105.84874038843749,
              21.02844410400955
            ],
            [
              105.84874944889597,
              21.02842823098178
            ],
            [
              105.84930667865405,
              21.028705362355446
            ],
            [
              105.84929761819556,
              21.028721235383212
            ]
          ]
        ],
        "type": "Polygon"
      },
      "properties": {
        "allowed_turns": [],
        "direction": "Fwd",
        "index": 2,
        "layer": 0,
        "osm_way_ids": [
          771520202
        ],
        "road": 108,
        "speed_limit": "None",
        "type": "Driving",
        "width": 2.0
      },
      "type": "Feature"
    },
    {
      "geometry": {
        "coordinates": [
          [
            [
              105.84929535211748,
              21.028725204089817
            ],
            [
              105.8487381223594,
              21.028448072716156
            ],
            [
              105.84874038843749,
              21.028444104908875
            ],
            [
              105.84929761819556,
              21.028721236282536
            ],
            [
              105.84929535211748,
              21.028725204089817
            ]
          ]
        ],
        "type": "Polygon"
      },
      "properties": {
        "allowed_turns": [],
        "direction": "Fwd",
        "index": 3,
        "layer": 0,
        "osm_way_ids": [
          771520202
        ],
        "road": 108,
        "speed_limit": "None",
        "type": "Shoulder",
        "width": 0.5
      },
      "type": "Feature"
    },
    {
      "geometry": {
        "coordinates": [
          [
            [
              105.8496814313179,
              21.025160530344987
            ],
            [
              105.84928779948731,
              21.02527293116667
            ],
            [
              105.84928357178721,
              21.025260031296394
            ],
            [
              105.84967720361779,
              21.025147630474716
            ],
            [
              105.8496814313179,
              21.025160530344987
            ]
          ]
        ],
        "type": "Polygon"
      },
      "properties": {
        "allowed_turns": [],
        "direction": "Back",
        "index": 0,
        "layer": 0,
        "osm_way_ids": [
          838526716
        ],
        "road": 109,
        "speed_limit": "None",
        "type": "Sidewalk",
        "width": 1.5
      },
      "type": "Feature"
    },
    {
      "geometry": {
        "coordinates": [
          [
            [
              105.84968988671811,
              21.025186330085536
            ],
            [
              105.84929625488753,
              21.025298730907213
            ],
            [
              105.84928779948731,
              21.02527293116667
            ],
            [
              105.8496814313179,
              21.025160530344987
            ],
            [
              105.84968988671811,
              21.025186330085536
            ]
          ]
        ],
        "type": "Polygon"
      },
      "properties": {
        "allowed_turns": [],
        "direction": "Back",
        "index": 1,
        "layer": 0,
        "osm_way_ids": [
          838526716
        ],
        "road": 109,
        "speed_limit": "None",
        "type": "Driving",
        "width": 3.0
      },
      "type": "Feature"
    },
    {
      "geometry": {
        "coordinates": [
          [
            [
              105.84969834211833,
              21.02521212982608
            ],
            [
              105.84930471028775,
              21.02532453064776
            ],
            [
              105.84929625488753,
              21.025298730907213
            ],
            [
              105.84968988671811,
              21.025186330085536
            ],
            [
              105.84969834211833,
              21.02521212982608
            ]
          ]
        ],
        "type": "Polygon"
      },
      "properties": {
        "allowed_turns": [],
        "direction": "Fwd",
        "index": 2,
        "layer": 0,
        "osm_way_ids": [
          838526716
        ],
        "road": 109,
        "speed_limit": "None",
        "type": "Driving",
        "width": 3.0
      },
      "type": "Feature"
    },
    {
      "geometry": {
        "coordinates": [
          [
            [
              105.84970256981843,
              21.02522502969635
            ],
            [
              105.84930893798786,
              21.025337430518032
            ],
            [
              105.84930471028775,
              21.02532453064776
            ],
            [
              105.84969834211833,
              21.02521212982608
            ],
            [
              105.84970256981843,
              21.02522502969635
            ]
          ]
        ],
        "type": "Polygon"
      },
      "properties": {
        "allowed_turns": [],
        "direction": "Fwd",
        "index": 3,
        "layer": 0,
        "osm_way_ids": [
          838526716
        ],
        "road": 109,
        "speed_limit": "None",
        "type": "Sidewalk",
        "width": 1.5
      },
      "type": "Feature"
    },
    {
      "geometry": {
        "coordinates": [
          [
            [
              105.849240578929,
              21.025286850867733
            ],
            [
              105.84812270584368,
              21.025627305279993
            ],
            [
              105.84811822378786,
              21.025614480952743
            ],
            [
              105.84923609687318,
              21.025274026540483
            ],
            [
              105.849240578929,
              21.025286850867733
            ]
          ]
        ],
        "type": "Polygon"
      },
      "properties": {
        "allowed_turns": [],
        "direction": "Back",
        "index": 0,
        "layer": 0,
        "osm_way_ids": [
          838526716
        ],
        "road": 110,
        "speed_limit": "None",
        "type": "Sidewalk",
        "width": 1.5
      },
      "type": "Feature"
    },
    {
      "geometry": {
        "coordinates": [
          [
            [
              105.84924954496755,
              21.025312499522236
            ],
            [
              105.84813167188224,
              21.025652953934497
            ],
            [
              105.84812270584368,
              21.025627305279993
            ],
            [
              105.849240578929,
              21.025286850867733
            ],
            [
              105.84924954496755,
              21.025312499522236
            ]
          ]
        ],
        "type": "Polygon"
      },
      "properties": {
        "allowed_turns": [],
        "direction": "Back",
        "index": 1,
        "layer": 0,
        "osm_way_ids": [
          838526716
        ],
        "road": 110,
        "speed_limit": "None",
        "type": "Driving",
        "width": 3.0
      },
      "type": "Feature"
    },
    {
      "geometry": {
        "coordinates": [
          [
            [
              105.84925851100611,
              21.02533814817674
            ],
            [
              105.84814063792079,
              21.025678602588997
            ],
            [
              105.84813167188224,
              21.025652953934497
            ],
            [
              105.84924954496755,
              21.025312499522236
            ],
            [
              105.84925851100611,
              21.02533814817674
            ]
          ]
        ],
        "type": "Polygon"
      },
      "properties": {
        "allowed_turns": [],
        "direction": "Fwd",
        "index": 2,
        "layer": 0,
        "osm_way_ids": [
          838526716
        ],
        "road": 110,
        "speed_limit": "None",
        "type": "Driving",
        "width": 3.0
      },
      "type": "Feature"
    },
    {
      "geometry": {
        "coordinates": [
          [
            [
              105.84926299306193,
              21.02535097250399
            ],
            [
              105.8481451199766,
              21.02569142691625
            ],
            [
              105.84814063792079,
              21.025678602588997
            ],
            [
              105.84925851100611,
              21.02533814817674
            ],
            [
              105.84926299306193,
              21.02535097250399
            ]
          ]
        ],
        "type": "Polygon"
      },
      "properties": {
        "allowed_turns": [],
        "direction": "Fwd",
        "index": 3,
        "layer": 0,
        "osm_way_ids": [
          838526716
        ],
        "road": 110,
        "speed_limit": "None",
        "type": "Sidewalk",
        "width": 1.5
      },
      "type": "Feature"
    },
    {
      "geometry": {
        "coordinates": [
          [
            [
              105.84810436332894,
              21.025632880175127
            ],
            [
              105.84807227019071,
              21.025642609037135
            ],
            [
              105.84806780547734,
              21.025629779313952
            ],
            [
              105.84809989861557,
              21.02562005045195
            ],
            [
              105.84810436332894,
              21.025632880175127
            ]
          ]
        ],
        "type": "Polygon"
      },
      "properties": {
        "allowed_turns": [],
        "direction": "Back",
        "index": 0,
        "layer": 0,
        "osm_way_ids": [
          838526716
        ],
        "road": 111,
        "speed_limit": "None",
        "type": "Sidewalk",
        "width": 1.5
      },
      "type": "Feature"
    },
    {
      "geometry": {
        "coordinates": [
          [
            [
              105.84811329082876,
              21.025658540520812
            ],
            [
              105.84808119769053,
              21.02566826938282
            ],
            [
              105.84807227019071,
              21.025642609936455
            ],
            [
              105.84810436332894,
              21.02563288107445
            ],
            [
              105.84811329082876,
              21.025658540520812
            ]
          ]
        ],
        "type": "Polygon"
      },
      "properties": {
        "allowed_turns": [],
        "direction": "Back",
        "index": 1,
        "layer": 0,
        "osm_way_ids": [
          838526716
        ],
        "road": 111,
        "speed_limit": "None",
        "type": "Driving",
        "width": 3.0
      },
      "type": "Feature"
    },
    {
      "geometry": {
        "coordinates": [
          [
            [
              105.84812221832858,
              21.025684199967177
            ],
            [
              105.84809012519035,
              21.02569392882918
            ],
            [
              105.84808119769053,
              21.02566826938282
            ],
            [
              105.84811329082876,
              21.025658540520812
            ],
            [
              105.84812221832858,
              21.025684199967177
            ]
          ]
        ],
        "type": "Polygon"
      },
      "properties": {
        "allowed_turns": [],
        "direction": "Fwd",
        "index": 2,
        "layer": 0,
        "osm_way_ids": [
          838526716
        ],
        "road": 111,
        "speed_limit": "None",
        "type": "Driving",
        "width": 3.0
      },
      "type": "Feature"
    },
    {
      "geometry": {
        "coordinates": [
          [
            [
              105.84812668304195,
              21.02569703058968
            ],
            [
              105.84809458990372,
              21.025706759451683
            ],
            [
              105.84809012519035,
              21.025693929728504
            ],
            [
              105.84812221832858,
              21.025684200866497
            ],
            [
              105.84812668304195,
              21.02569703058968
            ]
          ]
        ],
        "type": "Polygon"
      },
      "properties": {
        "allowed_turns": [],
        "direction": "Fwd",
        "index": 3,
        "layer": 0,
        "osm_way_ids": [
          838526716
        ],
        "road": 111,
        "speed_limit": "None",
        "type": "Sidewalk",
        "width": 1.5
      },
      "type": "Feature"
    },
    {
      "geometry": {
        "coordinates": [
          [
            [
              105.84805377448448,
              21.025648127275005
            ],
            [
              105.84781604632136,
              21.0257177617532
            ],
            [
              105.84781171842052,
              21.02570489066122
            ],
            [
              105.84804944658364,
              21.025635256183026
            ],
            [
              105.84805377448448,
              21.025648127275005
            ]
          ]
        ],
        "type": "Polygon"
      },
      "properties": {
        "allowed_turns": [],
        "direction": "Back",
        "index": 0,
        "layer": 0,
        "osm_way_ids": [
          838526716
        ],
        "road": 112,
        "speed_limit": "None",
        "type": "Sidewalk",
        "width": 1.5
      },
      "type": "Feature"
    },
    {
      "geometry": {
        "coordinates": [
          [
            [
              105.84806242835923,
              21.025673869458963
            ],
            [
              105.8478247001961,
              21.025743503937157
            ],
            [
              105.84781604632136,
              21.0257177617532
            ],
            [
              105.84805377448448,
              21.025648127275005
            ],
            [
              105.84806242835923,
              21.025673869458963
            ]
          ]
        ],
        "type": "Polygon"
      },
      "properties": {
        "allowed_turns": [],
        "direction": "Back",
        "index": 1,
        "layer": 0,
        "osm_way_ids": [
          838526716
        ],
        "road": 112,
        "speed_limit": "None",
        "type": "Driving",
        "width": 3.0
      },
      "type": "Feature"
    },
    {
      "geometry": {
        "coordinates": [
          [
            [
              105.84807108223397,
              21.02569961164292
            ],
            [
              105.84783335407084,
              21.025769246121115
            ],
            [
              105.8478247001961,
              21.025743503937157
            ],
            [
              105.84806242835923,
              21.025673869458963
            ],
            [
              105.84807108223397,
              21.02569961164292
            ]
          ]
        ],
        "type": "Polygon"
      },
      "properties": {
        "allowed_turns": [],
        "direction": "Fwd",
        "index": 2,
        "layer": 0,
        "osm_way_ids": [
          838526716
        ],
        "road": 112,
        "speed_limit": "None",
        "type": "Driving",
        "width": 3.0
      },
      "type": "Feature"
    },
    {
      "geometry": {
        "coordinates": [
          [
            [
              105.8480754101348,
              21.0257124827349
            ],
            [
              105.84783768197168,
              21.025782117213094
            ],
            [
              105.84783335407084,
              21.025769246121115
            ],
            [
              105.84807108223397,
              21.02569961164292
            ],
            [
              105.8480754101348,
              21.0257124827349
            ]
          ]
        ],
        "type": "Polygon"
      },
      "properties": {
        "allowed_turns": [],
        "direction": "Fwd",
        "index": 3,
        "layer": 0,
        "osm_way_ids": [
          838526716
        ],
        "road": 112,
        "speed_limit": "None",
        "type": "Sidewalk",
        "width": 1.5
      },
      "type": "Feature"
    },
    {
      "geometry": {
        "coordinates": [
          [
            [
              105.84777049545407,
              21.025731560945157
            ],
            [
              105.84744150369366,
              21.02583471763922
            ],
            [
              105.84743690216774,
              21.025821929284838
            ],
            [
              105.84776589392816,
              21.025718772590775
            ],
            [
              105.84777049545407,
              21.025731560945157
            ]
          ]
        ],
        "type": "Polygon"
      },
      "properties": {
        "allowed_turns": [],
        "direction": "Back",
        "index": 0,
        "layer": 0,
        "osm_way_ids": [
          838526716
        ],
        "road": 113,
        "speed_limit": "None",
        "type": "Sidewalk",
        "width": 1.5
      },
      "type": "Feature"
    },
    {
      "geometry": {
        "coordinates": [
          [
            [
              105.84777969946937,
              21.025757135855283
            ],
            [
              105.84745070770896,
              21.025860292549346
            ],
            [
              105.84744150465713,
              21.02583471763922
            ],
            [
              105.84777049641754,
              21.025731560945157
            ],
            [
              105.84777969946937,
              21.025757135855283
            ]
          ]
        ],
        "type": "Polygon"
      },
      "properties": {
        "allowed_turns": [],
        "direction": "Back",
        "index": 1,
        "layer": 0,
        "osm_way_ids": [
          838526716
        ],
        "road": 113,
        "speed_limit": "None",
        "type": "Driving",
        "width": 3.0
      },
      "type": "Feature"
    },
    {
      "geometry": {
        "coordinates": [
          [
            [
              105.8477889025212,
              21.025782710765405
            ],
            [
              105.84745991076078,
              21.02588586745947
            ],
            [
              105.84745070770896,
              21.025860292549346
            ],
            [
              105.84777969946937,
              21.025757135855283
            ],
            [
              105.8477889025212,
              21.025782710765405
            ]
          ]
        ],
        "type": "Polygon"
      },
      "properties": {
        "allowed_turns": [],
        "direction": "Fwd",
        "index": 2,
        "layer": 0,
        "osm_way_ids": [
          838526716
        ],
        "road": 113,
        "speed_limit": "None",
        "type": "Driving",
        "width": 3.0
      },
      "type": "Feature"
    },
    {
      "geometry": {
        "coordinates": [
          [
            [
              105.84779350501059,
              21.02579549911979
            ],
            [
              105.84746451325016,
              21.025898655813855
            ],
            [
              105.84745991172426,
              21.02588586745947
            ],
            [
              105.84778890348467,
              21.025782710765405
            ],
            [
              105.84779350501059,
              21.02579549911979
            ]
          ]
        ],
        "type": "Polygon"
      },
      "properties": {
        "allowed_turns": [],
        "direction": "Fwd",
        "index": 3,
        "layer": 0,
        "osm_way_ids": [
          838526716
        ],
        "road": 113,
        "speed_limit": "None",
        "type": "Sidewalk",
        "width": 1.5
      },
      "type": "Feature"
    },
    {
      "geometry": {
        "coordinates": [
          [
            [
              105.84967430646779,
              21.02520022820288
            ],
            [
              105.85005814367683,
              21.02636490374635
            ],
            [
              105.85004433139135,
              21.02636886975499
            ],
            [
              105.8496604941823,
              21.02520419421152
            ],
            [
              105.84967430646779,
              21.02520022820288
            ]
          ]
        ],
        "type": "Polygon"
      },
      "properties": {
        "allowed_turns": [],
        "direction": "Back",
        "index": 0,
        "layer": 0,
        "osm_way_ids": [
          838526717
        ],
        "road": 114,
        "speed_limit": "None",
        "type": "Sidewalk",
        "width": 1.5
      },
      "type": "Feature"
    },
    {
      "geometry": {
        "coordinates": [
          [
            [
              105.8497019329657,
              21.02519229528628
            ],
            [
              105.85008577017476,
              21.026356970829752
            ],
            [
              105.85005814367683,
              21.02636490284703
            ],
            [
              105.84967430646779,
              21.025200227303557
            ],
            [
              105.8497019329657,
              21.02519229528628
            ]
          ]
        ],
        "type": "Polygon"
      },
      "properties": {
        "allowed_turns": [],
        "direction": "Back",
        "index": 1,
        "layer": 0,
        "osm_way_ids": [
          838526717
        ],
        "road": 114,
        "speed_limit": "None",
        "type": "Driving",
        "width": 3.0
      },
      "type": "Feature"
    },
    {
      "geometry": {
        "coordinates": [
          [
            [
              105.84972955946363,
              21.025184363269005
            ],
            [
              105.85011339667267,
              21.026349038812477
            ],
            [
              105.85008577017476,
              21.026356970829752
            ],
            [
              105.8497019329657,
              21.02519229528628
            ],
            [
              105.84972955946363,
              21.025184363269005
            ]
          ]
        ],
        "type": "Polygon"
      },
      "properties": {
        "allowed_turns": [],
        "direction": "Fwd",
        "index": 2,
        "layer": 0,
        "osm_way_ids": [
          838526717
        ],
        "road": 114,
        "speed_limit": "None",
        "type": "Driving",
        "width": 3.0
      },
      "type": "Feature"
    },
    {
      "geometry": {
        "coordinates": [
          [
            [
              105.84974337174911,
              21.025180396361044
            ],
            [
              105.85012720895816,
              21.026345071904515
            ],
            [
              105.85011339667267,
              21.026349037913153
            ],
            [
              105.84972955946363,
              21.025184362369682
            ],
            [
              105.84974337174911,
              21.025180396361044
            ]
          ]
        ],
        "type": "Polygon"
      },
      "properties": {
        "allowed_turns": [],
        "direction": "Fwd",
        "index": 3,
        "layer": 0,
        "osm_way_ids": [
          838526717
        ],
        "road": 114,
        "speed_limit": "None",
        "type": "Sidewalk",
        "width": 1.5
      },
      "type": "Feature"
    },
    {
      "geometry": {
        "coordinates": [
          [
            [
              105.85005265094249,
              21.02639470636772
            ],
            [
              105.84943923747794,
              21.026566827545324
            ],
            [
              105.84943091696331,
              21.02654099003327
            ],
            [
              105.85004433042788,
              21.026368868855666
            ],
            [
              105.85005265094249,
              21.02639470636772
            ]
          ]
        ],
        "type": "Polygon"
      },
      "properties": {
        "allowed_turns": [],
        "direction": "Fwd",
        "index": 0,
        "layer": 0,
        "osm_way_ids": [
          838526718
        ],
        "road": 115,
        "speed_limit": "None",
        "type": "Driving",
        "width": 3.0
      },
      "type": "Feature"
    },
    {
      "geometry": {
        "coordinates": [
          [
            [
              105.85006097242056,
              21.02642054387978
            ],
            [
              105.84944755895602,
              21.026592665057382
            ],
            [
              105.8494392384414,
              21.026566827545324
            ],
            [
              105.85005265190595,
              21.02639470636772
            ],
            [
              105.85006097242056,
              21.02642054387978
            ]
          ]
        ],
        "type": "Polygon"
      },
      "properties": {
        "allowed_turns": [],
        "direction": "Fwd",
        "index": 1,
        "layer": 0,
        "osm_way_ids": [
          838526718
        ],
        "road": 115,
        "speed_limit": "None",
        "type": "Driving",
        "width": 3.0
      },
      "type": "Feature"
    },
    {
      "geometry": {
        "coordinates": [
          [
            [
              105.85006929293519,
              21.026446380492516
            ],
            [
              105.84945587947063,
              21.026618501670118
            ],
            [
              105.84944755895602,
              21.02659266415806
            ],
            [
              105.85006097242056,
              21.026420542980457
            ],
            [
              105.85006929293519,
              21.026446380492516
            ]
          ]
        ],
        "type": "Polygon"
      },
      "properties": {
        "allowed_turns": [],
        "direction": "Fwd",
        "index": 2,
        "layer": 0,
        "osm_way_ids": [
          838526718
        ],
        "road": 115,
        "speed_limit": "None",
        "type": "Driving",
        "width": 3.0
      },
      "type": "Feature"
    },
    {
      "geometry": {
        "coordinates": [
          [
            [
              105.85007345415596,
              21.026459299248543
            ],
            [
              105.8494600406914,
              21.026631420426146
            ],
            [
              105.84945588043409,
              21.026618502569438
            ],
            [
              105.85006929389866,
              21.026446381391835
            ],
            [
              105.85007345415596,
              21.026459299248543
            ]
          ]
        ],
        "type": "Polygon"
      },
      "properties": {
        "allowed_turns": [],
        "direction": "Fwd",
        "index": 3,
        "layer": 0,
        "osm_way_ids": [
          838526718
        ],
        "road": 115,
        "speed_limit": "None",
        "type": "Sidewalk",
        "width": 1.5
      },
      "type": "Feature"
    },
    {
      "geometry": {
        "coordinates": [
          [
            [
              105.84939285031992,
              21.026579671657654
            ],
            [
              105.84840598872796,
              21.026849326970133
            ],
            [
              105.84839786861481,
              21.026823433700134
            ],
            [
              105.84938473020678,
              21.02655377838765
            ],
            [
              105.84939285031992,
              21.026579671657654
            ]
          ]
        ],
        "type": "Polygon"
      },
      "properties": {
        "allowed_turns": [],
        "direction": "Fwd",
        "index": 0,
        "layer": 0,
        "osm_way_ids": [
          838526718,
          838526718
        ],
        "road": 117,
        "speed_limit": "None",
        "type": "Driving",
        "width": 3.0
      },
      "type": "Feature"
    },
    {
      "geometry": {
        "coordinates": [
          [
            [
              105.84940097043307,
              21.026605564927653
            ],
            [
              105.84841410884111,
              21.026875220240136
            ],
            [
              105.84840598872796,
              21.026849326970133
            ],
            [
              105.84939285031992,
              21.026579671657654
            ],
            [
              105.84940097043307,
              21.026605564927653
            ]
          ]
        ],
        "type": "Polygon"
      },
      "properties": {
        "allowed_turns": [],
        "direction": "Fwd",
        "index": 1,
        "layer": 0,
        "osm_way_ids": [
          838526718,
          838526718
        ],
        "road": 117,
        "speed_limit": "None",
        "type": "Driving",
        "width": 3.0
      },
      "type": "Feature"
    },
    {
      "geometry": {
        "coordinates": [
          [
            [
              105.84940909054622,
              21.026631458197656
            ],
            [
              105.84842222895426,
              21.026901113510135
            ],
            [
              105.84841410884111,
              21.026875220240136
            ],
            [
              105.84940097043307,
              21.026605564927653
            ],
            [
              105.84940909054622,
              21.026631458197656
            ]
          ]
        ],
        "type": "Polygon"
      },
      "properties": {
        "allowed_turns": [],
        "direction": "Fwd",
        "index": 2,
        "layer": 0,
        "osm_way_ids": [
          838526718,
          838526718
        ],
        "road": 117,
        "speed_limit": "None",
        "type": "Driving",
        "width": 3.0
      },
      "type": "Feature"
    },
    {
      "geometry": {
        "coordinates": [
          [
            [
              105.84941315156627,
              21.026644404832656
            ],
            [
              105.84842628997431,
              21.026914060145135
            ],
            [
              105.84842222991773,
              21.026901113510135
            ],
            [
              105.84940909150968,
              21.026631458197656
            ],
            [
              105.84941315156627,
              21.026644404832656
            ]
          ]
        ],
        "type": "Polygon"
      },
      "properties": {
        "allowed_turns": [],
        "direction": "Fwd",
        "index": 3,
        "layer": 0,
        "osm_way_ids": [
          838526718,
          838526718
        ],
        "road": 117,
        "speed_limit": "None",
        "type": "Sidewalk",
        "width": 1.5
      },
      "type": "Feature"
    },
    {
      "geometry": {
        "coordinates": [
          [
            [
              105.85010295074638,
              21.026451914918173
            ],
            [
              105.85025890836808,
              21.02689874199885
            ],
            [
              105.85024516737926,
              21.026902920247405
            ],
            [
              105.85008920975757,
              21.02645609316673
            ],
            [
              105.85010295074638,
              21.026451914918173
            ]
          ]
        ],
        "type": "Polygon"
      },
      "properties": {
        "allowed_turns": [],
        "direction": "Back",
        "index": 0,
        "layer": 0,
        "osm_way_ids": [
          838526719
        ],
        "road": 119,
        "speed_limit": "None",
        "type": "Sidewalk",
        "width": 1.5
      },
      "type": "Feature"
    },
    {
      "geometry": {
        "coordinates": [
          [
            [
              105.85013043272401,
              21.026443556622418
            ],
            [
              105.85028639034572,
              21.026890383703094
            ],
            [
              105.85025890836808,
              21.02689874199885
            ],
            [
              105.85010295074638,
              21.026451914918173
            ],
            [
              105.85013043272401,
              21.026443556622418
            ]
          ]
        ],
        "type": "Polygon"
      },
      "properties": {
        "allowed_turns": [],
        "direction": "Fwd",
        "index": 1,
        "layer": 0,
        "osm_way_ids": [
          838526719
        ],
        "road": 119,
        "speed_limit": "None",
        "type": "Driving",
        "width": 3.0
      },
      "type": "Feature"
    },
    {
      "geometry": {
        "coordinates": [
          [
            [
              105.85014417371283,
              21.026439378373862
            ],
            [
              105.85030013133452,
              21.026886205454538
            ],
            [
              105.85028639034572,
              21.026890383703094
            ],
            [
              105.85013043272401,
              21.026443556622418
            ],
            [
              105.85014417371283,
              21.026439378373862
            ]
          ]
        ],
        "type": "Polygon"
      },
      "properties": {
        "allowed_turns": [],
        "direction": "Fwd",
        "index": 2,
        "layer": 0,
        "osm_way_ids": [
          838526719
        ],
        "road": 119,
        "speed_limit": "None",
        "type": "Sidewalk",
        "width": 1.5
      },
      "type": "Feature"
    },
    {
      "geometry": {
        "coordinates": [
          [
            [
              105.84694559967384,
              21.028002805958607
            ],
            [
              105.8469485873899,
              21.02801484248006
            ],
            [
              105.84694389529794,
              21.028015856914923
            ],
            [
              105.84694090758188,
              21.02800382039347
            ],
            [
              105.84694559967384,
              21.028002805958607
            ]
          ]
        ],
        "type": "Polygon"
      },
      "properties": {
        "allowed_turns": [],
        "direction": "Back",
        "index": 0,
        "layer": 0,
        "osm_way_ids": [
          954121960
        ],
        "road": 120,
        "speed_limit": "None",
        "type": "Shoulder",
        "width": 0.5
      },
      "type": "Feature"
    },
    {
      "geometry": {
        "coordinates": [
          [
            [
              105.84696437189557,
              21.02799874552119
            ],
            [
              105.84696735961161,
              21.028010782042646
            ],
            [
              105.8469485873899,
              21.028014841580738
            ],
            [
              105.84694559967384,
              21.028002805059284
            ],
            [
              105.84696437189557,
              21.02799874552119
            ]
          ]
        ],
        "type": "Polygon"
      },
      "properties": {
        "allowed_turns": [],
        "direction": "Back",
        "index": 1,
        "layer": 0,
        "osm_way_ids": [
          954121960
        ],
        "road": 120,
        "speed_limit": "None",
        "type": "Driving",
        "width": 2.0
      },
      "type": "Feature"
    },
    {
      "geometry": {
        "coordinates": [
          [
            [
              105.84698314411727,
              21.0279946859831
            ],
            [
              105.84698613183333,
              21.02800672250455
            ],
            [
              105.84696735961161,
              21.028010782042646
            ],
            [
              105.84696437189557,
              21.02799874552119
            ],
            [
              105.84698314411727,
              21.0279946859831
            ]
          ]
        ],
        "type": "Polygon"
      },
      "properties": {
        "allowed_turns": [],
        "direction": "Fwd",
        "index": 2,
        "layer": 0,
        "osm_way_ids": [
          954121960
        ],
        "road": 120,
        "speed_limit": "None",
        "type": "Driving",
        "width": 2.0
      },
      "type": "Feature"
    },
    {
      "geometry": {
        "coordinates": [
          [
            [
              105.84698783620924,
              21.027993670648915
            ],
            [
              105.84699082392528,
              21.02800570717037
            ],
            [
              105.84698613183333,
              21.02800672160523
            ],
            [
              105.84698314411727,
              21.027994685083776
            ],
            [
              105.84698783620924,
              21.027993670648915
            ]
          ]
        ],
        "type": "Polygon"
      },
      "properties": {
        "allowed_turns": [],
        "direction": "Fwd",
        "index": 3,
        "layer": 0,
        "osm_way_ids": [
          954121960
        ],
        "road": 120,
        "speed_limit": "None",
        "type": "Shoulder",
        "width": 0.5
      },
      "type": "Feature"
    },
    {
      "geometry": {
        "coordinates": [
          [
            [
              105.8469590602933,
              21.028058226657546
            ],
            [
              105.84710235504753,
              21.028669306750384
            ],
            [
              105.847097649467,
              21.028670269024587
            ],
            [
              105.84695435471279,
              21.02805918893175
            ],
            [
              105.8469590602933,
              21.028058226657546
            ]
          ]
        ],
        "type": "Polygon"
      },
      "properties": {
        "allowed_turns": [],
        "direction": "Back",
        "index": 0,
        "layer": 0,
        "osm_way_ids": [
          954121960
        ],
        "road": 121,
        "speed_limit": "None",
        "type": "Shoulder",
        "width": 0.5
      },
      "type": "Feature"
    },
    {
      "geometry": {
        "coordinates": [
          [
            [
              105.84697788454233,
              21.02805438115801
            ],
            [
              105.84712117929654,
              21.028665461250853
            ],
            [
              105.84710235504753,
              21.028669306750384
            ],
            [
              105.8469590602933,
              21.028058226657546
            ],
            [
              105.84697788454233,
              21.02805438115801
            ]
          ]
        ],
        "type": "Polygon"
      },
      "properties": {
        "allowed_turns": [],
        "direction": "Back",
        "index": 1,
        "layer": 0,
        "osm_way_ids": [
          954121960
        ],
        "road": 121,
        "speed_limit": "None",
        "type": "Driving",
        "width": 2.0
      },
      "type": "Feature"
    },
    {
      "geometry": {
        "coordinates": [
          [
            [
              105.84699670879134,
              21.02805053565848
            ],
            [
              105.84714000354556,
              21.02866161575132
            ],
            [
              105.84712117929654,
              21.028665461250853
            ],
            [
              105.84697788454233,
              21.02805438115801
            ],
            [
              105.84699670879134,
              21.02805053565848
            ]
          ]
        ],
        "type": "Polygon"
      },
      "properties": {
        "allowed_turns": [],
        "direction": "Fwd",
        "index": 2,
        "layer": 0,
        "osm_way_ids": [
          954121960
        ],
        "road": 121,
        "speed_limit": "None",
        "type": "Driving",
        "width": 2.0
      },
      "type": "Feature"
    },
    {
      "geometry": {
        "coordinates": [
          [
            [
              105.84700141437186,
              21.028049573384276
            ],
            [
              105.84714470912608,
              21.028660653477115
            ],
            [
              105.84714000354556,
              21.02866161575132
            ],
            [
              105.84699670879134,
              21.02805053565848
            ],
            [
              105.84700141437186,
              21.028049573384276
            ]
          ]
        ],
        "type": "Polygon"
      },
      "properties": {
        "allowed_turns": [],
        "direction": "Fwd",
        "index": 3,
        "layer": 0,
        "osm_way_ids": [
          954121960
        ],
        "road": 121,
        "speed_limit": "None",
        "type": "Shoulder",
        "width": 0.5
      },
      "type": "Feature"
    },
    {
      "geometry": {
        "coordinates": [
          [
            [
              105.84711209956869,
              21.02871346074723
            ],
            [
              105.84724858645396,
              21.02937125880305
            ],
            [
              105.84724385775019,
              21.02937211315865
            ],
            [
              105.84710737086492,
              21.028714315102835
            ],
            [
              105.84711209956869,
              21.02871346074723
            ]
          ]
        ],
        "type": "Polygon"
      },
      "properties": {
        "allowed_turns": [],
        "direction": "Back",
        "index": 0,
        "layer": 0,
        "osm_way_ids": [
          954121960
        ],
        "road": 122,
        "speed_limit": "None",
        "type": "Shoulder",
        "width": 0.5
      },
      "type": "Feature"
    },
    {
      "geometry": {
        "coordinates": [
          [
            [
              105.84713101823763,
              21.02871004062686
            ],
            [
              105.8472675051229,
              21.029367838682674
            ],
            [
              105.84724858645396,
              21.029371257903726
            ],
            [
              105.84711209956869,
              21.02871345984791
            ],
            [
              105.84713101823763,
              21.02871004062686
            ]
          ]
        ],
        "type": "Polygon"
      },
      "properties": {
        "allowed_turns": [],
        "direction": "Back",
        "index": 1,
        "layer": 0,
        "osm_way_ids": [
          954121960
        ],
        "road": 122,
        "speed_limit": "None",
        "type": "Driving",
        "width": 2.0
      },
      "type": "Feature"
    },
    {
      "geometry": {
        "coordinates": [
          [
            [
              105.84714993690656,
              21.028706621405806
            ],
            [
              105.84728642379183,
              21.029364419461622
            ],
            [
              105.8472675051229,
              21.029367838682674
            ],
            [
              105.84713101823763,
              21.02871004062686
            ],
            [
              105.84714993690656,
              21.028706621405806
            ]
          ]
        ],
        "type": "Polygon"
      },
      "properties": {
        "allowed_turns": [],
        "direction": "Fwd",
        "index": 2,
        "layer": 0,
        "osm_way_ids": [
          954121960
        ],
        "road": 122,
        "speed_limit": "None",
        "type": "Driving",
        "width": 2.0
      },
      "type": "Feature"
    },
    {
      "geometry": {
        "coordinates": [
          [
            [
              105.84715466561033,
              21.028705766150882
            ],
            [
              105.8472911524956,
              21.029363564206697
            ],
            [
              105.84728642379183,
              21.0293644185623
            ],
            [
              105.84714993690656,
              21.028706620506483
            ],
            [
              105.84715466561033,
              21.028705766150882
            ]
          ]
        ],
        "type": "Polygon"
      },
      "properties": {
        "allowed_turns": [],
        "direction": "Fwd",
        "index": 3,
        "layer": 0,
        "osm_way_ids": [
          954121960
        ],
        "road": 122,
        "speed_limit": "None",
        "type": "Shoulder",
        "width": 0.5
      },
      "type": "Feature"
    },
    {
      "geometry": {
        "coordinates": [
          [
            [
              105.84655173179347,
              21.029551215770507
            ],
            [
              105.84724913177718,
              21.029412441441043
            ],
            [
              105.84725013571142,
              21.029416839124092
            ],
            [
              105.84655273572773,
              21.029555613453553
            ],
            [
              105.84655173179347,
              21.029551215770507
            ]
          ]
        ],
        "type": "Polygon"
      },
      "properties": {
        "allowed_turns": [],
        "direction": "Back",
        "index": 0,
        "layer": 0,
        "osm_way_ids": [
          963227363
        ],
        "road": 123,
        "speed_limit": "None",
        "type": "Shoulder",
        "width": 0.5
      },
      "type": "Feature"
    },
    {
      "geometry": {
        "coordinates": [
          [
            [
              105.84654771412951,
              21.029533624138995
            ],
            [
              105.8472451141132,
              21.02939484980953
            ],
            [
              105.84724913177718,
              21.029412440541723
            ],
            [
              105.84655173179347,
              21.029551214871184
            ],
            [
              105.84654771412951,
              21.029533624138995
            ]
          ]
        ],
        "type": "Polygon"
      },
      "properties": {
        "allowed_turns": [],
        "direction": "Back",
        "index": 1,
        "layer": 0,
        "osm_way_ids": [
          963227363
        ],
        "road": 123,
        "speed_limit": "None",
        "type": "Driving",
        "width": 2.0
      },
      "type": "Feature"
    },
    {
      "geometry": {
        "coordinates": [
          [
            [
              105.84654369646555,
              21.029516033406804
            ],
            [
              105.84724109644925,
              21.029377259077343
            ],
            [
              105.8472451141132,
              21.02939484980953
            ],
            [
              105.84654771412951,
              21.029533624138995
            ],
            [
              105.84654369646555,
              21.029516033406804
            ]
          ]
        ],
        "type": "Polygon"
      },
      "properties": {
        "allowed_turns": [],
        "direction": "Fwd",
        "index": 2,
        "layer": 0,
        "osm_way_ids": [
          963227363
        ],
        "road": 123,
        "speed_limit": "None",
        "type": "Driving",
        "width": 2.0
      },
      "type": "Feature"
    },
    {
      "geometry": {
        "coordinates": [
          [
            [
              105.8465426925313,
              21.029511634824434
            ],
            [
              105.847240092515,
              21.029372860494973
            ],
            [
              105.84724109644925,
              21.02937725817802
            ],
            [
              105.84654369646555,
              21.02951603250748
            ],
            [
              105.8465426925313,
              21.029511634824434
            ]
          ]
        ],
        "type": "Polygon"
      },
      "properties": {
        "allowed_turns": [],
        "direction": "Fwd",
        "index": 3,
        "layer": 0,
        "osm_way_ids": [
          963227363
        ],
        "road": 123,
        "speed_limit": "None",
        "type": "Shoulder",
        "width": 0.5
      },
      "type": "Feature"
    },
    {
      "geometry": {
        "coordinates": [
          [
            [
              105.84725493860228,
              21.029416488388634
            ],
            [
              105.8472754547021,
              21.029660705487885
            ],
            [
              105.84771367200446,
              21.029858211818738
            ],
            [
              105.84771157742378,
              21.02986226056497
            ],
            [
              105.84727086859169,
              21.029663631880656
            ],
            [
              105.84725013667489,
              21.029416839124092
            ],
            [
              105.84725493860228,
              21.029416488388634
            ]
          ]
        ],
        "type": "Polygon"
      },
      "properties": {
        "allowed_turns": [],
        "direction": "Back",
        "index": 0,
        "layer": 0,
        "osm_way_ids": [
          963227363
        ],
        "road": 124,
        "speed_limit": "None",
        "type": "Shoulder",
        "width": 0.5
      },
      "type": "Feature"
    },
    {
      "geometry": {
        "coordinates": [
          [
            [
              105.84727414920219,
              21.029415081849514
            ],
            [
              105.84729380010724,
              21.029648999916812
            ],
            [
              105.84772205032719,
              21.029842014135838
            ],
            [
              105.84771367200446,
              21.029858210919414
            ],
            [
              105.84727545566558,
              21.029660705487885
            ],
            [
              105.84725493956574,
              21.029416488388634
            ],
            [
              105.84727414920219,
              21.029415081849514
            ]
          ]
        ],
        "type": "Polygon"
      },
      "properties": {
        "allowed_turns": [],
        "direction": "Back",
        "index": 1,
        "layer": 0,
        "osm_way_ids": [
          963227363
        ],
        "road": 124,
        "speed_limit": "None",
        "type": "Driving",
        "width": 2.0
      },
      "type": "Feature"
    },
    {
      "geometry": {
        "coordinates": [
          [
            [
              105.84729335883864,
              21.029413675310398
            ],
            [
              105.84731214454891,
              21.02963729434574
            ],
            [
              105.84773042864991,
              21.02982581735226
            ],
            [
              105.84772205032719,
              21.029842014135838
            ],
            [
              105.84729380010724,
              21.029648999916812
            ],
            [
              105.84727414920219,
              21.029415081849514
            ],
            [
              105.84729335883864,
              21.029413675310398
            ]
          ]
        ],
        "type": "Polygon"
      },
      "properties": {
        "allowed_turns": [],
        "direction": "Fwd",
        "index": 2,
        "layer": 0,
        "osm_way_ids": [
          963227363
        ],
        "road": 124,
        "speed_limit": "None",
        "type": "Driving",
        "width": 2.0
      },
      "type": "Feature"
    },
    {
      "geometry": {
        "coordinates": [
          [
            [
              105.84729816172948,
              21.02941332457494
            ],
            [
              105.8473167316228,
              21.029634367952973
            ],
            [
              105.8477325232306,
              21.029821767706707
            ],
            [
              105.84773042864991,
              21.02982581645294
            ],
            [
              105.84731214551238,
              21.02963729434574
            ],
            [
              105.84729335980211,
              21.029413675310398
            ],
            [
              105.84729816172948,
              21.02941332457494
            ]
          ]
        ],
        "type": "Polygon"
      },
      "properties": {
        "allowed_turns": [],
        "direction": "Fwd",
        "index": 3,
        "layer": 0,
        "osm_way_ids": [
          963227363
        ],
        "road": 124,
        "speed_limit": "None",
        "type": "Shoulder",
        "width": 0.5
      },
      "type": "Feature"
    },
    {
      "geometry": {
        "coordinates": [
          [
            [
              105.8470006407066,
              21.028045126238535
            ],
            [
              105.84773694940523,
              21.027885369834802
            ],
            [
              105.84776220673392,
              21.027884026248202
            ],
            [
              105.847762480359,
              21.027888515662063
            ],
            [
              105.84773763539486,
              21.027889837664944
            ],
            [
              105.84700173135302,
              21.02804950593515
            ],
            [
              105.8470006407066,
              21.028045126238535
            ]
          ]
        ],
        "type": "Polygon"
      },
      "properties": {
        "allowed_turns": [],
        "direction": "Back",
        "index": 0,
        "layer": 0,
        "osm_way_ids": [
          963227370
        ],
        "road": 125,
        "speed_limit": "None",
        "type": "Shoulder",
        "width": 0.5
      },
      "type": "Feature"
    },
    {
      "geometry": {
        "coordinates": [
          [
            [
              105.84699627812088,
              21.028027606552758
            ],
            [
              105.84773419966592,
              21.02786750031289
            ],
            [
              105.84776111030669,
              21.027866068592765
            ],
            [
              105.84776220673392,
              21.027884026248202
            ],
            [
              105.84773694362443,
              21.027885369834802
            ],
            [
              105.8470006407066,
              21.028045125339215
            ],
            [
              105.84699627812088,
              21.028027606552758
            ]
          ]
        ],
        "type": "Polygon"
      },
      "properties": {
        "allowed_turns": [],
        "direction": "Back",
        "index": 1,
        "layer": 0,
        "osm_way_ids": [
          963227370
        ],
        "road": 125,
        "speed_limit": "None",
        "type": "Driving",
        "width": 2.0
      },
      "type": "Feature"
    },
    {
      "geometry": {
        "coordinates": [
          [
            [
              105.84699191553518,
              21.028010087766305
            ],
            [
              105.84773145570742,
              21.02784963079098
            ],
            [
              105.84776001387945,
              21.027848110937327
            ],
            [
              105.84776111030669,
              21.027866068592765
            ],
            [
              105.84773419966592,
              21.02786750031289
            ],
            [
              105.84699627812088,
              21.028027606552758
            ],
            [
              105.84699191553518,
              21.028010087766305
            ]
          ]
        ],
        "type": "Polygon"
      },
      "properties": {
        "allowed_turns": [],
        "direction": "Fwd",
        "index": 2,
        "layer": 0,
        "osm_way_ids": [
          963227370
        ],
        "road": 125,
        "speed_limit": "None",
        "type": "Driving",
        "width": 2.0
      },
      "type": "Feature"
    },
    {
      "geometry": {
        "coordinates": [
          [
            [
              105.84699082488875,
              21.02800570717037
            ],
            [
              105.84773076393698,
              21.027845162960837
            ],
            [
              105.84775974025438,
              21.027843621523466
            ],
            [
              105.84776001387945,
              21.027848110937327
            ],
            [
              105.84773144992661,
              21.02784963079098
            ],
            [
              105.84699191553518,
              21.02801008686698
            ],
            [
              105.84699082488875,
              21.02800570717037
            ]
          ]
        ],
        "type": "Polygon"
      },
      "properties": {
        "allowed_turns": [],
        "direction": "Fwd",
        "index": 3,
        "layer": 0,
        "osm_way_ids": [
          963227370
        ],
        "road": 125,
        "speed_limit": "None",
        "type": "Shoulder",
        "width": 0.5
      },
      "type": "Feature"
    },
    {
      "geometry": {
        "coordinates": [
          [
            [
              105.84664821450004,
              21.02880603692165
            ],
            [
              105.84710631490337,
              21.028709928211647
            ],
            [
              105.84710737086492,
              21.028714315102835
            ],
            [
              105.84664927046158,
              21.02881042381284
            ],
            [
              105.84664821450004,
              21.02880603692165
            ]
          ]
        ],
        "type": "Polygon"
      },
      "properties": {
        "allowed_turns": [],
        "direction": "Back",
        "index": 0,
        "layer": 0,
        "osm_way_ids": [
          963227375
        ],
        "road": 126,
        "speed_limit": "None",
        "type": "Shoulder",
        "width": 0.5
      },
      "type": "Feature"
    },
    {
      "geometry": {
        "coordinates": [
          [
            [
              105.84664398872687,
              21.028788488457582
            ],
            [
              105.8471020891302,
              21.028692379747575
            ],
            [
              105.84710631490337,
              21.028709929110967
            ],
            [
              105.84664821450004,
              21.028806037820974
            ],
            [
              105.84664398872687,
              21.028788488457582
            ]
          ]
        ],
        "type": "Polygon"
      },
      "properties": {
        "allowed_turns": [],
        "direction": "Back",
        "index": 1,
        "layer": 0,
        "osm_way_ids": [
          963227375
        ],
        "road": 126,
        "speed_limit": "None",
        "type": "Driving",
        "width": 2.0
      },
      "type": "Feature"
    },
    {
      "geometry": {
        "coordinates": [
          [
            [
              105.84663976295369,
              21.028770939094187
            ],
            [
              105.84709786335702,
              21.028674830384183
            ],
            [
              105.8471020891302,
              21.028692379747575
            ],
            [
              105.84664398872687,
              21.028788488457582
            ],
            [
              105.84663976295369,
              21.028770939094187
            ]
          ]
        ],
        "type": "Polygon"
      },
      "properties": {
        "allowed_turns": [],
        "direction": "Fwd",
        "index": 2,
        "layer": 0,
        "osm_way_ids": [
          963227375
        ],
        "road": 126,
        "speed_limit": "None",
        "type": "Driving",
        "width": 2.0
      },
      "type": "Feature"
    },
    {
      "geometry": {
        "coordinates": [
          [
            [
              105.84663870699214,
              21.028766553102322
            ],
            [
              105.84709680739547,
              21.02867044439232
            ],
            [
              105.84709786335702,
              21.028674831283507
            ],
            [
              105.84663976295369,
              21.02877093999351
            ],
            [
              105.84663870699214,
              21.028766553102322
            ]
          ]
        ],
        "type": "Polygon"
      },
      "properties": {
        "allowed_turns": [],
        "direction": "Fwd",
        "index": 3,
        "layer": 0,
        "osm_way_ids": [
          963227375
        ],
        "road": 126,
        "speed_limit": "None",
        "type": "Shoulder",
        "width": 0.5
      },
      "type": "Feature"
    },
    {
      "geometry": {
        "coordinates": [
          [
            [
              105.85362390040707,
              21.027920879551598
            ],
            [
              105.85375783410062,
              21.028777963695884
            ],
            [
              105.8537292325725,
              21.028781857758787
            ],
            [
              105.85359529887896,
              21.0279247736145
            ],
            [
              105.85362390040707,
              21.027920879551598
            ]
          ]
        ],
        "type": "Polygon"
      },
      "properties": {
        "allowed_turns": [],
        "direction": "Fwd",
        "index": 0,
        "layer": 0,
        "osm_way_ids": [
          965041066
        ],
        "road": 127,
        "speed_limit": "None",
        "type": "Driving",
        "width": 3.0
      },
      "type": "Feature"
    },
    {
      "geometry": {
        "coordinates": [
          [
            [
              105.8536525019352,
              21.027916985488694
            ],
            [
              105.85378643562873,
              21.02877406963298
            ],
            [
              105.85375783410062,
              21.028777963695884
            ],
            [
              105.85362390040707,
              21.027920879551598
            ],
            [
              105.8536525019352,
              21.027916985488694
            ]
          ]
        ],
        "type": "Polygon"
      },
      "properties": {
        "allowed_turns": [],
        "direction": "Fwd",
        "index": 1,
        "layer": 0,
        "osm_way_ids": [
          965041066
        ],
        "road": 127,
        "speed_limit": "None",
        "type": "Driving",
        "width": 3.0
      },
      "type": "Feature"
    },
    {
      "geometry": {
        "coordinates": [
          [
            [
              105.85368110249985,
              21.02791309052647
            ],
            [
              105.85381503619338,
              21.028770174670754
            ],
            [
              105.85378643466527,
              21.028774068733657
            ],
            [
              105.85365250097172,
              21.027916984589375
            ],
            [
              105.85368110249985,
              21.02791309052647
            ]
          ]
        ],
        "type": "Polygon"
      },
      "properties": {
        "allowed_turns": [],
        "direction": "Fwd",
        "index": 2,
        "layer": 0,
        "osm_way_ids": [
          965041066
        ],
        "road": 127,
        "speed_limit": "None",
        "type": "Driving",
        "width": 3.0
      },
      "type": "Feature"
    },
    {
      "geometry": {
        "coordinates": [
          [
            [
              105.85370970402796,
              21.02790919646357
            ],
            [
              105.8538436377215,
              21.02876628060785
            ],
            [
              105.85381503619338,
              21.028770174670754
            ],
            [
              105.85368110249985,
              21.02791309052647
            ],
            [
              105.85370970402796,
              21.02790919646357
            ]
          ]
        ],
        "type": "Polygon"
      },
      "properties": {
        "allowed_turns": [],
        "direction": "Fwd",
        "index": 3,
        "layer": 0,
        "osm_way_ids": [
          965041066
        ],
        "road": 127,
        "speed_limit": "None",
        "type": "Driving",
        "width": 3.0
      },
      "type": "Feature"
    },
    {
      "geometry": {
        "coordinates": [
          [
            [
              105.85372400479201,
              21.027907249432115
            ],
            [
              105.85385793848556,
              21.0287643335764
            ],
            [
              105.85384363868496,
              21.028766281507174
            ],
            [
              105.85370970499143,
              21.027909197362888
            ],
            [
              105.85372400479201,
              21.027907249432115
            ]
          ]
        ],
        "type": "Polygon"
      },
      "properties": {
        "allowed_turns": [],
        "direction": "Fwd",
        "index": 4,
        "layer": 0,
        "osm_way_ids": [
          965041066
        ],
        "road": 127,
        "speed_limit": "None",
        "type": "Sidewalk",
        "width": 1.5
      },
      "type": "Feature"
    },
    {
      "geometry": {
        "coordinates": [
          [
            [
              105.84776765514871,
              21.02711027235208
            ],
            [
              105.847778300513,
              21.02722431533516
            ],
            [
              105.8477806369243,
              21.027779150051074
            ],
            [
              105.84776618489568,
              21.027779202211732
            ],
            [
              105.84776385041131,
              21.027224934068478
            ],
            [
              105.84775325707433,
              21.027111443268915
            ],
            [
              105.84776765514871,
              21.02711027235208
            ]
          ]
        ],
        "type": "Polygon"
      },
      "properties": {
        "allowed_turns": [],
        "direction": "Back",
        "index": 0,
        "layer": 0,
        "osm_way_ids": [
          1169824385
        ],
        "road": 128,
        "speed_limit": "None",
        "type": "Sidewalk",
        "width": 1.5
      },
      "type": "Feature"
    },
    {
      "geometry": {
        "coordinates": [
          [
            [
              105.84779644937055,
              21.027107930518408
            ],
            [
              105.8478071997529,
              21.02722310035156
            ],
            [
              105.84780954098154,
              21.027779043931115
            ],
            [
              105.8477806369243,
              21.027779150051074
            ],
            [
              105.84777829954953,
              21.02722431623448
            ],
            [
              105.84776765514871,
              21.02711027235208
            ],
            [
              105.84779644937055,
              21.027107930518408
            ]
          ]
        ],
        "type": "Polygon"
      },
      "properties": {
        "allowed_turns": [],
        "direction": "Fwd",
        "index": 1,
        "layer": 0,
        "osm_way_ids": [
          1169824385
        ],
        "road": 128,
        "speed_limit": "None",
        "type": "Driving",
        "width": 3.0
      },
      "type": "Feature"
    },
    {
      "geometry": {
        "coordinates": [
          [
            [
              105.84782524359238,
              21.027105588684734
            ],
            [
              105.84783609995628,
              21.02722188446864
            ],
            [
              105.84783844503879,
              21.027778937811156
            ],
            [
              105.84780954098154,
              21.027779043931115
            ],
            [
              105.8478071997529,
              21.02722310035156
            ],
            [
              105.84779644937055,
              21.027107930518408
            ],
            [
              105.84782524359238,
              21.027105588684734
            ]
          ]
        ],
        "type": "Polygon"
      },
      "properties": {
        "allowed_turns": [],
        "direction": "Fwd",
        "index": 2,
        "layer": 0,
        "osm_way_ids": [
          1169824385
        ],
        "road": 128,
        "speed_limit": "None",
        "type": "Driving",
        "width": 3.0
      },
      "type": "Feature"
    },
    {
      "geometry": {
        "coordinates": [
          [
            [
              105.84783964166677,
              21.027104417767898
            ],
            [
              105.8478505490945,
              21.02722126663464
            ],
            [
              105.84785289706741,
              21.0277788856505
            ],
            [
              105.84783844503879,
              21.027778937811156
            ],
            [
              105.84783609899281,
              21.02722188536796
            ],
            [
              105.84782524359238,
              21.027105588684734
            ],
            [
              105.84783964166677,
              21.027104417767898
            ]
          ]
        ],
        "type": "Polygon"
      },
      "properties": {
        "allowed_turns": [],
        "direction": "Fwd",
        "index": 3,
        "layer": 0,
        "osm_way_ids": [
          1169824385
        ],
        "road": 128,
        "speed_limit": "None",
        "type": "Sidewalk",
        "width": 1.5
      },
      "type": "Feature"
    },
    {
      "geometry": {
        "coordinates": [
          [
            [
              105.84777970332324,
              21.027825930966568
            ],
            [
              105.847779174379,
              21.02784372944207
            ],
            [
              105.84776472813118,
              21.027843355324247
            ],
            [
              105.84776525707544,
              21.027825556848747
            ],
            [
              105.84777970332324,
              21.027825930966568
            ]
          ]
        ],
        "type": "Polygon"
      },
      "properties": {
        "allowed_turns": [],
        "direction": "Back",
        "index": 0,
        "layer": 0,
        "osm_way_ids": [
          1169824385
        ],
        "road": 129,
        "speed_limit": "None",
        "type": "Sidewalk",
        "width": 1.5
      },
      "type": "Feature"
    },
    {
      "geometry": {
        "coordinates": [
          [
            [
              105.84780859678234,
              21.027826679202214
            ],
            [
              105.84780806783809,
              21.02784447767771
            ],
            [
              105.84777917534247,
              21.02784372944207
            ],
            [
              105.84777970428671,
              21.027825930966568
            ],
            [
              105.84780859678234,
              21.027826679202214
            ]
          ]
        ],
        "type": "Polygon"
      },
      "properties": {
        "allowed_turns": [],
        "direction": "Fwd",
        "index": 1,
        "layer": 0,
        "osm_way_ids": [
          1169824385
        ],
        "road": 129,
        "speed_limit": "None",
        "type": "Driving",
        "width": 3.0
      },
      "type": "Feature"
    },
    {
      "geometry": {
        "coordinates": [
          [
            [
              105.84783748927796,
              21.027827427437856
            ],
            [
              105.84783696033372,
              21.027845225913357
            ],
            [
              105.84780806783809,
              21.02784447767771
            ],
            [
              105.84780859678234,
              21.027826679202214
            ],
            [
              105.84783748927796,
              21.027827427437856
            ]
          ]
        ],
        "type": "Polygon"
      },
      "properties": {
        "allowed_turns": [],
        "direction": "Fwd",
        "index": 2,
        "layer": 0,
        "osm_way_ids": [
          1169824385
        ],
        "road": 129,
        "speed_limit": "None",
        "type": "Driving",
        "width": 3.0
      },
      "type": "Feature"
    },
    {
      "geometry": {
        "coordinates": [
          [
            [
              105.84785193648925,
              21.027827801555677
            ],
            [
              105.847851407545,
              21.027845600031178
            ],
            [
              105.84783696129719,
              21.027845225913357
            ],
            [
              105.84783749024143,
              21.027827427437856
            ],
            [
              105.84785193648925,
              21.027827801555677
            ]
          ]
        ],
        "type": "Polygon"
      },
      "properties": {
        "allowed_turns": [],
        "direction": "Fwd",
        "index": 3,
        "layer": 0,
        "osm_way_ids": [
          1169824385
        ],
        "road": 129,
        "speed_limit": "None",
        "type": "Sidewalk",
        "width": 1.5
      },
      "type": "Feature"
    },
    {
      "geometry": {
        "coordinates": [
          [
            [
              105.84777690830092,
              21.027889313360397
            ],
            [
              105.84776352668587,
              21.028099476744664
            ],
            [
              105.84774909970743,
              21.028098676348364
            ],
            [
              105.84776248132246,
              21.027888512964097
            ],
            [
              105.84777690830092,
              21.027889313360397
            ]
          ]
        ],
        "type": "Polygon"
      },
      "properties": {
        "allowed_turns": [],
        "direction": "Back",
        "index": 0,
        "layer": 0,
        "osm_way_ids": [
          1169824385
        ],
        "road": 130,
        "speed_limit": "None",
        "type": "Sidewalk",
        "width": 1.5
      },
      "type": "Feature"
    },
    {
      "geometry": {
        "coordinates": [
          [
            [
              105.84780576129432,
              21.027890914153
            ],
            [
              105.84779237967929,
              21.02810107753727
            ],
            [
              105.8477635257224,
              21.028099476744664
            ],
            [
              105.84777690733745,
              21.027889313360397
            ],
            [
              105.84780576129432,
              21.027890914153
            ]
          ]
        ],
        "type": "Polygon"
      },
      "properties": {
        "allowed_turns": [],
        "direction": "Fwd",
        "index": 1,
        "layer": 0,
        "osm_way_ids": [
          1169824385
        ],
        "road": 130,
        "speed_limit": "None",
        "type": "Driving",
        "width": 3.0
      },
      "type": "Feature"
    },
    {
      "geometry": {
        "coordinates": [
          [
            [
              105.8478346152512,
              21.027892514945602
            ],
            [
              105.84782123363617,
              21.02810267832987
            ],
            [
              105.84779237967929,
              21.02810107753727
            ],
            [
              105.84780576129432,
              21.027890914153
            ],
            [
              105.8478346152512,
              21.027892514945602
            ]
          ]
        ],
        "type": "Polygon"
      },
      "properties": {
        "allowed_turns": [],
        "direction": "Fwd",
        "index": 2,
        "layer": 0,
        "osm_way_ids": [
          1169824385
        ],
        "road": 130,
        "speed_limit": "None",
        "type": "Driving",
        "width": 3.0
      },
      "type": "Feature"
    },
    {
      "geometry": {
        "coordinates": [
          [
            [
              105.84784904126617,
              21.027893315341903
            ],
            [
              105.84783565965114,
              21.028103478726173
            ],
            [
              105.8478212326727,
              21.02810267832987
            ],
            [
              105.84783461428773,
              21.027892514945602
            ],
            [
              105.84784904126617,
              21.027893315341903
            ]
          ]
        ],
        "type": "Polygon"
      },
      "properties": {
        "allowed_turns": [],
        "direction": "Fwd",
        "index": 3,
        "layer": 0,
        "osm_way_ids": [
          1169824385
        ],
        "road": 130,
        "speed_limit": "None",
        "type": "Sidewalk",
        "width": 1.5
      },
      "type": "Feature"
    },
    {
      "geometry": {
        "coordinates": [
          [
            [
              105.84776237534092,
              21.028159483084885
            ],
            [
              105.84776315286007,
              21.028551696158175
            ],
            [
              105.84774870083145,
              21.02855172133918
            ],
            [
              105.8477479233123,
              21.02815950826589
            ],
            [
              105.84776237534092,
              21.028159483084885
            ]
          ]
        ],
        "type": "Polygon"
      },
      "properties": {
        "allowed_turns": [],
        "direction": "Back",
        "index": 0,
        "layer": 0,
        "osm_way_ids": [
          1169824385
        ],
        "road": 131,
        "speed_limit": "None",
        "type": "Sidewalk",
        "width": 1.5
      },
      "type": "Feature"
    },
    {
      "geometry": {
        "coordinates": [
          [
            [
              105.84779127939818,
              21.028159433622193
            ],
            [
              105.84779205691731,
              21.02855164669548
            ],
            [
              105.84776315286007,
              21.028551697057495
            ],
            [
              105.84776237534092,
              21.028159483984204
            ],
            [
              105.84779127939818,
              21.028159433622193
            ]
          ]
        ],
        "type": "Polygon"
      },
      "properties": {
        "allowed_turns": [],
        "direction": "Fwd",
        "index": 1,
        "layer": 0,
        "osm_way_ids": [
          1169824385
        ],
        "road": 131,
        "speed_limit": "None",
        "type": "Driving",
        "width": 3.0
      },
      "type": "Feature"
    },
    {
      "geometry": {
        "coordinates": [
          [
            [
              105.84782018345543,
              21.028159383260178
            ],
            [
              105.84782096097456,
              21.028551596333465
            ],
            [
              105.84779205691731,
              21.02855164669548
            ],
            [
              105.84779127939818,
              21.028159433622193
            ],
            [
              105.84782018345543,
              21.028159383260178
            ]
          ]
        ],
        "type": "Polygon"
      },
      "properties": {
        "allowed_turns": [],
        "direction": "Fwd",
        "index": 2,
        "layer": 0,
        "osm_way_ids": [
          1169824385
        ],
        "road": 131,
        "speed_limit": "None",
        "type": "Driving",
        "width": 3.0
      },
      "type": "Feature"
    },
    {
      "geometry": {
        "coordinates": [
          [
            [
              105.84783463548405,
              21.028159358978492
            ],
            [
              105.84783541300318,
              21.028551572051782
            ],
            [
              105.84782096097456,
              21.028551597232788
            ],
            [
              105.84782018345543,
              21.028159384159498
            ],
            [
              105.84783463548405,
              21.028159358978492
            ]
          ]
        ],
        "type": "Polygon"
      },
      "properties": {
        "allowed_turns": [],
        "direction": "Fwd",
        "index": 3,
        "layer": 0,
        "osm_way_ids": [
          1169824385
        ],
        "road": 131,
        "speed_limit": "None",
        "type": "Sidewalk",
        "width": 1.5
      },
      "type": "Feature"
    },
    {
      "geometry": {
        "coordinates": [
          [
            [
              105.84776331664972,
              21.028596868187172
            ],
            [
              105.84776606349863,
              21.029128808870908
            ],
            [
              105.84775161147,
              21.02912887362207
            ],
            [
              105.8477488646211,
              21.02859693293833
            ],
            [
              105.84776331664972,
              21.028596868187172
            ]
          ]
        ],
        "type": "Polygon"
      },
      "properties": {
        "allowed_turns": [],
        "direction": "Back",
        "index": 0,
        "layer": 0,
        "osm_way_ids": [
          1169824385
        ],
        "road": 132,
        "speed_limit": "None",
        "type": "Sidewalk",
        "width": 1.5
      },
      "type": "Feature"
    },
    {
      "geometry": {
        "coordinates": [
          [
            [
              105.84779222070698,
              21.028596737785527
            ],
            [
              105.84779496755588,
              21.029128678469267
            ],
            [
              105.84776606349863,
              21.02912880797159
            ],
            [
              105.84776331664972,
              21.02859686728785
            ],
            [
              105.84779222070698,
              21.028596737785527
            ]
          ]
        ],
        "type": "Polygon"
      },
      "properties": {
        "allowed_turns": [],
        "direction": "Fwd",
        "index": 1,
        "layer": 0,
        "osm_way_ids": [
          1169824385
        ],
        "road": 132,
        "speed_limit": "None",
        "type": "Driving",
        "width": 3.0
      },
      "type": "Feature"
    },
    {
      "geometry": {
        "coordinates": [
          [
            [
              105.84782112476422,
              21.028596608283202
            ],
            [
              105.84782387161313,
              21.02912854896694
            ],
            [
              105.84779496755588,
              21.029128678469267
            ],
            [
              105.84779222070698,
              21.028596737785527
            ],
            [
              105.84782112476422,
              21.028596608283202
            ]
          ]
        ],
        "type": "Polygon"
      },
      "properties": {
        "allowed_turns": [],
        "direction": "Fwd",
        "index": 2,
        "layer": 0,
        "osm_way_ids": [
          1169824385
        ],
        "road": 132,
        "speed_limit": "None",
        "type": "Driving",
        "width": 3.0
      },
      "type": "Feature"
    },
    {
      "geometry": {
        "coordinates": [
          [
            [
              105.84783557679285,
              21.02859654263272
            ],
            [
              105.84783832364175,
              21.02912848331646
            ],
            [
              105.84782387161313,
              21.02912854806762
            ],
            [
              105.84782112476422,
              21.028596607383882
            ],
            [
              105.84783557679285,
              21.02859654263272
            ]
          ]
        ],
        "type": "Polygon"
      },
      "properties": {
        "allowed_turns": [],
        "direction": "Fwd",
        "index": 3,
        "layer": 0,
        "osm_way_ids": [
          1169824385
        ],
        "road": 132,
        "speed_limit": "None",
        "type": "Sidewalk",
        "width": 1.5
      },
      "type": "Feature"
    },
    {
      "geometry": {
        "coordinates": [
          [
            [
              105.84653013564535,
              21.02474251483319
            ],
            [
              105.84688072740775,
              21.025757996506137
            ],
            [
              105.84698802312214,
              21.025820223271598
            ],
            [
              105.84772810669065,
              21.02560451287117
            ],
            [
              105.84772954225883,
              21.025608804434256
            ],
            [
              105.84698735447495,
              21.025825128172077
            ],
            [
              105.84687668469361,
              21.025760944482624
            ],
            [
              105.84652555146188,
              21.024743894392657
            ],
            [
              105.84653013564535,
              21.02474251483319
            ]
          ]
        ],
        "type": "Polygon"
      },
      "properties": {
        "allowed_turns": [],
        "direction": "Back",
        "index": 0,
        "layer": 0,
        "osm_way_ids": [
          1197730126
        ],
        "road": 133,
        "speed_limit": "None",
        "type": "Shoulder",
        "width": 0.5
      },
      "type": "Feature"
    },
    {
      "geometry": {
        "coordinates": [
          [
            [
              105.84654847623315,
              21.024736998393962
            ],
            [
              105.84689690019125,
              21.025746200103573
            ],
            [
              105.84699069963784,
              21.025800600072397
            ],
            [
              105.84772236345448,
              21.025587343920847
            ],
            [
              105.84772810765412,
              21.025604511971846
            ],
            [
              105.8469880211952,
              21.025820223271598
            ],
            [
              105.84688072740775,
              21.025757997405456
            ],
            [
              105.84653013564535,
              21.02474251483319
            ],
            [
              105.84654847623315,
              21.024736998393962
            ]
          ]
        ],
        "type": "Polygon"
      },
      "properties": {
        "allowed_turns": [],
        "direction": "Back",
        "index": 1,
        "layer": 0,
        "osm_way_ids": [
          1197730126
        ],
        "road": 133,
        "speed_limit": "None",
        "type": "Driving",
        "width": 2.0
      },
      "type": "Feature"
    },
    {
      "geometry": {
        "coordinates": [
          [
            [
              105.84656681682094,
              21.02473148195474
            ],
            [
              105.84691307297476,
              21.02573440280169
            ],
            [
              105.84699337808048,
              21.025780976873193
            ],
            [
              105.84771661925483,
              21.025570175869852
            ],
            [
              105.84772236345448,
              21.025587343920847
            ],
            [
              105.84699069963784,
              21.025800600072397
            ],
            [
              105.84689690019125,
              21.025746200103573
            ],
            [
              105.84654847623315,
              21.024736998393962
            ],
            [
              105.84656681682094,
              21.02473148195474
            ]
          ]
        ],
        "type": "Polygon"
      },
      "properties": {
        "allowed_turns": [],
        "direction": "Fwd",
        "index": 2,
        "layer": 0,
        "osm_way_ids": [
          1197730126
        ],
        "road": 133,
        "speed_limit": "None",
        "type": "Driving",
        "width": 2.0
      },
      "type": "Feature"
    },
    {
      "geometry": {
        "coordinates": [
          [
            [
              105.84657140100443,
              21.02473010239527
            ],
            [
              105.8469171156889,
              21.02573145572452
            ],
            [
              105.84699404480074,
              21.025776071972714
            ],
            [
              105.84771518465013,
              21.02556588340744
            ],
            [
              105.8477166202183,
              21.02557017497053
            ],
            [
              105.84699337615353,
              21.025780976873193
            ],
            [
              105.84691307297476,
              21.02573440370101
            ],
            [
              105.84656681682094,
              21.02473148195474
            ],
            [
              105.84657140100443,
              21.02473010239527
            ]
          ]
        ],
        "type": "Polygon"
      },
      "properties": {
        "allowed_turns": [],
        "direction": "Fwd",
        "index": 3,
        "layer": 0,
        "osm_way_ids": [
          1197730126
        ],
        "road": 133,
        "speed_limit": "None",
        "type": "Shoulder",
        "width": 0.5
      },
      "type": "Feature"
    },
    {
      "geometry": {
        "coordinates": [
          [
            [
              105.84780711496767,
              21.025706215362064
            ],
            [
              105.847771034033,
              21.025596874932084
            ],
            [
              105.84777563748585,
              21.02559555113056
            ],
            [
              105.84781171842052,
              21.02570489156054
            ],
            [
              105.84780711496767,
              21.025706215362064
            ]
          ]
        ],
        "type": "Polygon"
      },
      "properties": {
        "allowed_turns": [],
        "direction": "Back",
        "index": 0,
        "layer": 0,
        "osm_way_ids": [
          1197730127
        ],
        "road": 134,
        "speed_limit": "None",
        "type": "Shoulder",
        "width": 0.5
      },
      "type": "Feature"
    },
    {
      "geometry": {
        "coordinates": [
          [
            [
              105.84778869922933,
              21.025711509668835
            ],
            [
              105.84775261829466,
              21.02560216923885
            ],
            [
              105.847771034033,
              21.02559687403276
            ],
            [
              105.84780711496767,
              21.025706214462744
            ],
            [
              105.84778869922933,
              21.025711509668835
            ]
          ]
        ],
        "type": "Polygon"
      },
      "properties": {
        "allowed_turns": [],
        "direction": "Back",
        "index": 1,
        "layer": 0,
        "osm_way_ids": [
          1197730127
        ],
        "road": 134,
        "speed_limit": "None",
        "type": "Driving",
        "width": 2.0
      },
      "type": "Feature"
    },
    {
      "geometry": {
        "coordinates": [
          [
            [
              105.84777028349099,
              21.025716804874925
            ],
            [
              105.84773420255632,
              21.025607464444942
            ],
            [
              105.84775261829466,
              21.02560216923885
            ],
            [
              105.84778869922933,
              21.025711509668835
            ],
            [
              105.84777028349099,
              21.025716804874925
            ]
          ]
        ],
        "type": "Polygon"
      },
      "properties": {
        "allowed_turns": [],
        "direction": "Fwd",
        "index": 2,
        "layer": 0,
        "osm_way_ids": [
          1197730127
        ],
        "road": 134,
        "speed_limit": "None",
        "type": "Driving",
        "width": 2.0
      },
      "type": "Feature"
    },
    {
      "geometry": {
        "coordinates": [
          [
            [
              105.84776568003814,
              21.025718127777125
            ],
            [
              105.84772959910347,
              21.025608787347146
            ],
            [
              105.84773420255632,
              21.025607463545622
            ],
            [
              105.84777028349099,
              21.0257168039756
            ],
            [
              105.84776568003814,
              21.025718127777125
            ]
          ]
        ],
        "type": "Polygon"
      },
      "properties": {
        "allowed_turns": [],
        "direction": "Fwd",
        "index": 3,
        "layer": 0,
        "osm_way_ids": [
          1197730127
        ],
        "road": 134,
        "speed_limit": "None",
        "type": "Shoulder",
        "width": 0.5
      },
      "type": "Feature"
    },
    {
      "geometry": {
        "coordinates": [
          [
            [
              105.84775648180366,
              21.02555357169355
            ],
            [
              105.8473691096284,
              21.024421163812196
            ],
            [
              105.8473736995927,
              21.024419796843233
            ],
            [
              105.84776107176795,
              21.025552204724587
            ],
            [
              105.84775648180366,
              21.02555357169355
            ]
          ]
        ],
        "type": "Polygon"
      },
      "properties": {
        "allowed_turns": [],
        "direction": "Back",
        "index": 0,
        "layer": 0,
        "osm_way_ids": [
          1197730127
        ],
        "road": 135,
        "speed_limit": "None",
        "type": "Shoulder",
        "width": 0.5
      },
      "type": "Feature"
    },
    {
      "geometry": {
        "coordinates": [
          [
            [
              105.84773812580036,
              21.02555904316669
            ],
            [
              105.84735075362511,
              21.024426635285337
            ],
            [
              105.8473691096284,
              21.024421163812196
            ],
            [
              105.84775648180366,
              21.02555357169355
            ],
            [
              105.84773812580036,
              21.02555904316669
            ]
          ]
        ],
        "type": "Polygon"
      },
      "properties": {
        "allowed_turns": [],
        "direction": "Back",
        "index": 1,
        "layer": 0,
        "osm_way_ids": [
          1197730127
        ],
        "road": 135,
        "speed_limit": "None",
        "type": "Driving",
        "width": 2.0
      },
      "type": "Feature"
    },
    {
      "geometry": {
        "coordinates": [
          [
            [
              105.84771976979707,
              21.025564514639832
            ],
            [
              105.84733239762183,
              21.02443210675848
            ],
            [
              105.84735075362511,
              21.024426635285337
            ],
            [
              105.84773812580036,
              21.02555904316669
            ],
            [
              105.84771976979707,
              21.025564514639832
            ]
          ]
        ],
        "type": "Polygon"
      },
      "properties": {
        "allowed_turns": [],
        "direction": "Fwd",
        "index": 2,
        "layer": 0,
        "osm_way_ids": [
          1197730127
        ],
        "road": 135,
        "speed_limit": "None",
        "type": "Driving",
        "width": 2.0
      },
      "type": "Feature"
    },
    {
      "geometry": {
        "coordinates": [
          [
            [
              105.84771517983278,
              21.0255658816088
            ],
            [
              105.84732780765754,
              21.02443347372744
            ],
            [
              105.84733239762183,
              21.02443210675848
            ],
            [
              105.84771976979707,
              21.025564514639832
            ],
            [
              105.84771517983278,
              21.0255658816088
            ]
          ]
        ],
        "type": "Polygon"
      },
      "properties": {
        "allowed_turns": [],
        "direction": "Fwd",
        "index": 3,
        "layer": 0,
        "osm_way_ids": [
          1197730127
        ],
        "road": 135,
        "speed_limit": "None",
        "type": "Shoulder",
        "width": 0.5
      },
      "type": "Feature"
    },
    {
      "geometry": {
        "coordinates": [
          [
            [
              105.84746419530553,
              21.03045024247961
            ],
            [
              105.84663029109413,
              21.029992585767186
            ],
            [
              105.84664494159728,
              21.029969327509725
            ],
            [
              105.84747884580868,
              21.03042698422215
            ],
            [
              105.84746419530553,
              21.03045024247961
            ]
          ]
        ],
        "type": "Polygon"
      },
      "properties": {
        "allowed_turns": [],
        "direction": "Fwd",
        "index": 0,
        "layer": 0,
        "osm_way_ids": [
          1217914500
        ],
        "road": 136,
        "speed_limit": "None",
        "type": "Driving",
        "width": 3.0
      },
      "type": "Feature"
    },
    {
      "geometry": {
        "coordinates": [
          [
            [
              105.84744954576585,
              21.030473499837747
            ],
            [
              105.84661564155445,
              21.030015843125323
            ],
            [
              105.8466302920576,
              21.029992584867863
            ],
            [
              105.847464196269,
              21.03045024158029
            ],
            [
              105.84744954576585,
              21.030473499837747
            ]
          ]
        ],
        "type": "Polygon"
      },
      "properties": {
        "allowed_turns": [],
        "direction": "Fwd",
        "index": 1,
        "layer": 0,
        "osm_way_ids": [
          1217914500
        ],
        "road": 136,
        "speed_limit": "None",
        "type": "Driving",
        "width": 3.0
      },
      "type": "Feature"
    },
    {
      "geometry": {
        "coordinates": [
          [
            [
              105.84744222147775,
              21.030485128067156
            ],
            [
              105.84660831726634,
              21.03002747135473
            ],
            [
              105.84661564155445,
              21.030015843125323
            ],
            [
              105.84744954576585,
              21.030473499837747
            ],
            [
              105.84744222147775,
              21.030485128067156
            ]
          ]
        ],
        "type": "Polygon"
      },
      "properties": {
        "allowed_turns": [],
        "direction": "Fwd",
        "index": 2,
        "layer": 0,
        "osm_way_ids": [
          1217914500
        ],
        "road": 136,
        "speed_limit": "None",
        "type": "Sidewalk",
        "width": 1.5
      },
      "type": "Feature"
    },
    {
      "geometry": {
        "coordinates": [
          [
            [
              105.8495424895147,
              21.028905011769872
            ],
            [
              105.84950964872486,
              21.02898356841852
            ],
            [
              105.84949618521499,
              21.028978665316686
            ],
            [
              105.84952902600484,
              21.028900108668036
            ],
            [
              105.8495424895147,
              21.028905011769872
            ]
          ]
        ],
        "type": "Polygon"
      },
      "properties": {
        "allowed_turns": [],
        "direction": "Back",
        "index": 0,
        "layer": 0,
        "osm_way_ids": [
          1219966855
        ],
        "road": 137,
        "speed_limit": "None",
        "type": "Sidewalk",
        "width": 1.5
      },
      "type": "Feature"
    },
    {
      "geometry": {
        "coordinates": [
          [
            [
              105.84956941653444,
              21.028914819772186
            ],
            [
              105.8495365757446,
              21.028993376420836
            ],
            [
              105.84950964872486,
              21.02898356841852
            ],
            [
              105.8495424895147,
              21.028905011769872
            ],
            [
              105.84956941653444,
              21.028914819772186
            ]
          ]
        ],
        "type": "Polygon"
      },
      "properties": {
        "allowed_turns": [],
        "direction": "Fwd",
        "index": 1,
        "layer": 0,
        "osm_way_ids": [
          1219966855
        ],
        "road": 137,
        "speed_limit": "None",
        "type": "Driving",
        "width": 3.0
      },
      "type": "Feature"
    },
    {
      "geometry": {
        "coordinates": [
          [
            [
              105.84958288004431,
              21.028919722874022
            ],
            [
              105.84955003925445,
              21.02899827952267
            ],
            [
              105.8495365757446,
              21.028993376420836
            ],
            [
              105.84956941653444,
              21.028914819772186
            ],
            [
              105.84958288004431,
              21.028919722874022
            ]
          ]
        ],
        "type": "Polygon"
      },
      "properties": {
        "allowed_turns": [],
        "direction": "Fwd",
        "index": 2,
        "layer": 0,
        "osm_way_ids": [
          1219966855
        ],
        "road": 137,
        "speed_limit": "None",
        "type": "Sidewalk",
        "width": 1.5
      },
      "type": "Feature"
    },
    {
      "geometry": {
        "coordinates": [
          [
            [
              105.84950258168286,
              21.02900049275334
            ],
            [
              105.84946104077179,
              21.029100330051058
            ],
            [
              105.84944756955417,
              21.029095446734303
            ],
            [
              105.84948911046524,
              21.02899560943658
            ],
            [
              105.84950258168286,
              21.02900049275334
            ]
          ]
        ],
        "type": "Polygon"
      },
      "properties": {
        "allowed_turns": [],
        "direction": "Back",
        "index": 0,
        "layer": 0,
        "osm_way_ids": [
          1219966855
        ],
        "road": 138,
        "speed_limit": "None",
        "type": "Sidewalk",
        "width": 1.5
      },
      "type": "Feature"
    },
    {
      "geometry": {
        "coordinates": [
          [
            [
              105.84952952508156,
              21.0290102611855
            ],
            [
              105.84948798417048,
              21.02911009848322
            ],
            [
              105.84946104173525,
              21.029100330051058
            ],
            [
              105.84950258264632,
              21.02900049275334
            ],
            [
              105.84952952508156,
              21.0290102611855
            ]
          ]
        ],
        "type": "Polygon"
      },
      "properties": {
        "allowed_turns": [],
        "direction": "Fwd",
        "index": 1,
        "layer": 0,
        "osm_way_ids": [
          1219966855
        ],
        "road": 138,
        "speed_limit": "None",
        "type": "Driving",
        "width": 3.0
      },
      "type": "Feature"
    },
    {
      "geometry": {
        "coordinates": [
          [
            [
              105.84954299726265,
              21.02901514450226
            ],
            [
              105.84950145635156,
              21.029114981799978
            ],
            [
              105.84948798513395,
              21.02911009848322
            ],
            [
              105.84952952604503,
              21.0290102611855
            ],
            [
              105.84954299726265,
              21.02901514450226
            ]
          ]
        ],
        "type": "Polygon"
      },
      "properties": {
        "allowed_turns": [],
        "direction": "Fwd",
        "index": 2,
        "layer": 0,
        "osm_way_ids": [
          1219966855
        ],
        "road": 138,
        "speed_limit": "None",
        "type": "Sidewalk",
        "width": 1.5
      },
      "type": "Feature"
    },
    {
      "geometry": {
        "coordinates": [
          [
            [
              105.8494428408504,
              21.029142753752982
            ],
            [
              105.84944065763061,
              21.029147639767707
            ],
            [
              105.84942731937166,
              21.029142447084286
            ],
            [
              105.84942950259145,
              21.029137561069565
            ],
            [
              105.8494428408504,
              21.029142753752982
            ]
          ]
        ],
        "type": "Polygon"
      },
      "properties": {
        "allowed_turns": [],
        "direction": "Back",
        "index": 0,
        "layer": 0,
        "osm_way_ids": [
          1219966855
        ],
        "road": 139,
        "speed_limit": "None",
        "type": "Sidewalk",
        "width": 1.5
      },
      "type": "Feature"
    },
    {
      "geometry": {
        "coordinates": [
          [
            [
              105.8494695173683,
              21.02915313911982
            ],
            [
              105.84946733414851,
              21.029158025134542
            ],
            [
              105.84944065763061,
              21.029147639767707
            ],
            [
              105.8494428408504,
              21.029142753752982
            ],
            [
              105.8494695173683,
              21.02915313911982
            ]
          ]
        ],
        "type": "Polygon"
      },
      "properties": {
        "allowed_turns": [],
        "direction": "Fwd",
        "index": 1,
        "layer": 0,
        "osm_way_ids": [
          1219966855
        ],
        "road": 139,
        "speed_limit": "None",
        "type": "Driving",
        "width": 3.0
      },
      "type": "Feature"
    },
    {
      "geometry": {
        "coordinates": [
          [
            [
              105.84948285562726,
              21.029158331803238
            ],
            [
              105.84948067240747,
              21.02916321781796
            ],
            [
              105.84946733414851,
              21.029158025134542
            ],
            [
              105.8494695173683,
              21.02915313911982
            ],
            [
              105.84948285562726,
              21.029158331803238
            ]
          ]
        ],
        "type": "Polygon"
      },
      "properties": {
        "allowed_turns": [],
        "direction": "Fwd",
        "index": 2,
        "layer": 0,
        "osm_way_ids": [
          1219966855
        ],
        "road": 139,
        "speed_limit": "None",
        "type": "Sidewalk",
        "width": 1.5
      },
      "type": "Feature"
    },
    {
      "geometry": {
        "coordinates": [
          [
            [
              105.85110077082992,
              21.030739715244778
            ],
            [
              105.85120008420715,
              21.03075978091025
            ],
            [
              105.8513232164545,
              21.030314090572187
            ],
            [
              105.85134187498691,
              21.03031858178469
            ],
            [
              105.85121411616348,
              21.0307810192912
            ],
            [
              105.8510966934309,
              21.030757295185108
            ],
            [
              105.85110077082992,
              21.030739715244778
            ]
          ]
        ],
        "type": "Polygon"
      },
      "properties": {
        "allowed_turns": [],
        "direction": "Fwd",
        "index": 0,
        "layer": 0,
        "osm_way_ids": [
          1219991531
        ],
        "road": 140,
        "speed_limit": "None",
        "type": "Footway",
        "width": 2.0
      },
      "type": "Feature"
    },
    {
      "geometry": {
        "coordinates": [
          [
            [
              105.8513299125611,
              21.03028840234753
            ],
            [
              105.85135204343426,
              21.030151689263374
            ],
            [
              105.8513710969888,
              21.030154376436574
            ],
            [
              105.85134896611564,
              21.03029108952073
            ],
            [
              105.8513299125611,
              21.03028840234753
            ]
          ]
        ],
        "type": "Polygon"
      },
      "properties": {
        "allowed_turns": [],
        "direction": "Fwd",
        "index": 0,
        "layer": 0,
        "osm_way_ids": [
          1219991531
        ],
        "road": 141,
        "speed_limit": "None",
        "type": "Footway",
        "width": 2.0
      },
      "type": "Feature"
    },
    {
      "geometry": {
        "coordinates": [
          [
            [
              105.85135472862117,
              21.030133875499406
            ],
            [
              105.85139473569029,
              21.029848079161294
            ],
            [
              105.85141384319907,
              21.029850410203103
            ],
            [
              105.85137383612997,
              21.03013620654122
            ],
            [
              105.85135472862117,
              21.030133875499406
            ]
          ]
        ],
        "type": "Polygon"
      },
      "properties": {
        "allowed_turns": [],
        "direction": "Fwd",
        "index": 0,
        "layer": 0,
        "osm_way_ids": [
          1219991531
        ],
        "road": 142,
        "speed_limit": "None",
        "type": "Footway",
        "width": 2.0
      },
      "type": "Feature"
    },
    {
      "geometry": {
        "coordinates": [
          [
            [
              105.85139741316945,
              21.029830261800036
            ],
            [
              105.85143264817872,
              21.02961013393148
            ],
            [
              105.85145170558712,
              21.02961279232639
            ],
            [
              105.85141647057787,
              21.029832920194945
            ],
            [
              105.85139741316945,
              21.029830261800036
            ]
          ]
        ],
        "type": "Polygon"
      },
      "properties": {
        "allowed_turns": [],
        "direction": "Fwd",
        "index": 0,
        "layer": 0,
        "osm_way_ids": [
          1219991531
        ],
        "road": 143,
        "speed_limit": "None",
        "type": "Footway",
        "width": 2.0
      },
      "type": "Feature"
    },
    {
      "geometry": {
        "coordinates": [
          [
            [
              105.85143576210915,
              21.02959234984513
            ],
            [
              105.85145646319495,
              21.02948255166041
            ],
            [
              105.85147544159894,
              21.029485668709377
            ],
            [
              105.85145474051313,
              21.029595466894097
            ],
            [
              105.85143576210915,
              21.02959234984513
            ]
          ]
        ],
        "type": "Polygon"
      },
      "properties": {
        "allowed_turns": [],
        "direction": "Fwd",
        "index": 0,
        "layer": 0,
        "osm_way_ids": [
          1219991531
        ],
        "road": 144,
        "speed_limit": "None",
        "type": "Footway",
        "width": 2.0
      },
      "type": "Feature"
    },
    {
      "geometry": {
        "coordinates": [
          [
            [
              105.85145971586486,
              21.029464765775415
            ],
            [
              105.85150599607786,
              21.0292049994042
            ],
            [
              105.85152500531284,
              21.029207949179334
            ],
            [
              105.85147872509984,
              21.029467715550545
            ],
            [
              105.85145971586486,
              21.029464765775415
            ]
          ]
        ],
        "type": "Polygon"
      },
      "properties": {
        "allowed_turns": [],
        "direction": "Fwd",
        "index": 0,
        "layer": 0,
        "osm_way_ids": [
          1219991531
        ],
        "road": 145,
        "speed_limit": "None",
        "type": "Footway",
        "width": 2.0
      },
      "type": "Feature"
    },
    {
      "geometry": {
        "coordinates": [
          [
            [
              105.85150750101577,
              21.029187015668434
            ],
            [
              105.85150833441608,
              21.028945129610992
            ],
            [
              105.85152760378759,
              21.02894518716758
            ],
            [
              105.85152677038727,
              21.02918707322502
            ],
            [
              105.85150750101577,
              21.029187015668434
            ]
          ]
        ],
        "type": "Polygon"
      },
      "properties": {
        "allowed_turns": [],
        "direction": "Fwd",
        "index": 0,
        "layer": 0,
        "osm_way_ids": [
          1219991531
        ],
        "road": 146,
        "speed_limit": "None",
        "type": "Footway",
        "width": 2.0
      },
      "type": "Feature"
    },
    {
      "geometry": {
        "coordinates": [
          [
            [
              105.85150745187887,
              21.028927144975903
            ],
            [
              105.85148884537375,
              21.028736326900436
            ],
            [
              105.85150803574082,
              21.02873469732954
            ],
            [
              105.85152664224594,
              21.028925515405007
            ],
            [
              105.85150745187887,
              21.028927144975903
            ]
          ]
        ],
        "type": "Polygon"
      },
      "properties": {
        "allowed_turns": [],
        "direction": "Fwd",
        "index": 0,
        "layer": 0,
        "osm_way_ids": [
          1219991531
        ],
        "road": 147,
        "speed_limit": "None",
        "type": "Footway",
        "width": 2.0
      },
      "type": "Feature"
    },
    {
      "geometry": {
        "coordinates": [
          [
            [
              105.85148704561445,
              21.0287184025199
            ],
            [
              105.85146841502262,
              21.028537549828044
            ],
            [
              105.851487595755,
              21.028535828526334
            ],
            [
              105.85150622634684,
              21.028716681218192
            ],
            [
              105.85148704561445,
              21.0287184025199
            ]
          ]
        ],
        "type": "Polygon"
      },
      "properties": {
        "allowed_turns": [],
        "direction": "Fwd",
        "index": 0,
        "layer": 0,
        "osm_way_ids": [
          1219991531
        ],
        "road": 148,
        "speed_limit": "None",
        "type": "Footway",
        "width": 2.0
      },
      "type": "Feature"
    },
    {
      "geometry": {
        "coordinates": [
          [
            [
              105.85146662586148,
              21.028519638937333
            ],
            [
              105.85144883734118,
              21.028336079287197
            ],
            [
              105.85144642577933,
              21.02833065367946
            ],
            [
              105.85146422489778,
              21.028323761278056
            ],
            [
              105.85146776179093,
              21.028331721174304
            ],
            [
              105.85148581622855,
              21.02851801835965
            ],
            [
              105.85146662586148,
              21.028519638937333
            ]
          ]
        ],
        "type": "Polygon"
      },
      "properties": {
        "allowed_turns": [],
        "direction": "Fwd",
        "index": 0,
        "layer": 0,
        "osm_way_ids": [
          1219991531
        ],
        "road": 149,
        "speed_limit": "None",
        "type": "Footway",
        "width": 2.0
      },
      "type": "Feature"
    },
    {
      "geometry": {
        "coordinates": [
          [
            [
              105.85143852148315,
              21.02830894944988
            ],
            [
              105.85143073569358,
              21.028163851090316
            ],
            [
              105.85144146584311,
              21.0280855237687
            ],
            [
              105.8514605791327,
              21.028087804448496
            ],
            [
              105.85145006480015,
              21.028164548963943
            ],
            [
              105.85145776580445,
              21.028308050128192
            ],
            [
              105.85143852148315,
              21.02830894944988
            ]
          ]
        ],
        "type": "Polygon"
      },
      "properties": {
        "allowed_turns": [],
        "direction": "Fwd",
        "index": 0,
        "layer": 0,
        "osm_way_ids": [
          1219991531
        ],
        "road": 150,
        "speed_limit": "None",
        "type": "Footway",
        "width": 2.0
      },
      "type": "Feature"
    },
    {
      "geometry": {
        "coordinates": [
          [
            [
              105.8514450075536,
              21.02806780083622
            ],
            [
              105.85146914051445,
              21.027973455696042
            ],
            [
              105.85152702763338,
              21.02762583908587
            ],
            [
              105.85154606769936,
              21.027628601802093
            ],
            [
              105.8514880591834,
              21.027976945064186
            ],
            [
              105.85146375087125,
              21.02807197728613
            ],
            [
              105.8514450075536,
              21.02806780083622
            ]
          ]
        ],
        "type": "Polygon"
      },
      "properties": {
        "allowed_turns": [],
        "direction": "Fwd",
        "index": 0,
        "layer": 0,
        "osm_way_ids": [
          1219991531
        ],
        "road": 151,
        "speed_limit": "None",
        "type": "Footway",
        "width": 2.0
      },
      "type": "Feature"
    },
    {
      "geometry": {
        "coordinates": [
          [
            [
              105.85153021189701,
              21.027608043308334
            ],
            [
              105.85155614558064,
              21.027471231298794
            ],
            [
              105.85160335554082,
              21.027344006957755
            ],
            [
              105.85162058813975,
              21.02725587613043
            ],
            [
              105.8516395434205,
              21.02725910649393
            ],
            [
              105.85162204490425,
              21.027348593498356
            ],
            [
              105.85157485421344,
              21.027475769276023
            ],
            [
              105.85154918644713,
              21.02761117654509
            ],
            [
              105.85153021189701,
              21.027608043308334
            ]
          ]
        ],
        "type": "Polygon"
      },
      "properties": {
        "allowed_turns": [],
        "direction": "Fwd",
        "index": 0,
        "layer": 0,
        "osm_way_ids": [
          1219991531
        ],
        "road": 152,
        "speed_limit": "None",
        "type": "Footway",
        "width": 2.0
      },
      "type": "Feature"
    },
    {
      "geometry": {
        "coordinates": [
          [
            [
              105.85162367220266,
              21.02723804617867
            ],
            [
              105.85164071788869,
              21.027121349297293
            ],
            [
              105.85166024836018,
              21.027044337683304
            ],
            [
              105.85168113346847,
              21.026989976385313
            ],
            [
              105.85173986265893,
              21.02689645412448
            ],
            [
              105.85175648634572,
              21.026905549864015
            ],
            [
              105.8516986666696,
              21.026997624216936
            ],
            [
              105.85167875081069,
              21.027049462018272
            ],
            [
              105.85165968280413,
              21.027124649807885
            ],
            [
              105.85164276429595,
              21.027240476145867
            ],
            [
              105.85162367220266,
              21.02723804617867
            ]
          ]
        ],
        "type": "Polygon"
      },
      "properties": {
        "allowed_turns": [],
        "direction": "Fwd",
        "index": 0,
        "layer": 0,
        "osm_way_ids": [
          1219991531
        ],
        "road": 153,
        "speed_limit": "None",
        "type": "Footway",
        "width": 2.0
      },
      "type": "Feature"
    },
    {
      "geometry": {
        "coordinates": [
          [
            [
              105.85174933355502,
              21.026880787940698
            ],
            [
              105.85182603625174,
              21.026748719853053
            ],
            [
              105.85188901722901,
              21.026596506959628
            ],
            [
              105.85190699169875,
              21.0266029874717
            ],
            [
              105.85184356367206,
              21.02675627955115
            ],
            [
              105.8517662732595,
              21.026889360275014
            ],
            [
              105.85174933355502,
              21.026880787940698
            ]
          ]
        ],
        "type": "Polygon"
      },
      "properties": {
        "allowed_turns": [],
        "direction": "Fwd",
        "index": 0,
        "layer": 0,
        "osm_way_ids": [
          1219991531
        ],
        "road": 154,
        "speed_limit": "None",
        "type": "Footway",
        "width": 2.0
      },
      "type": "Feature"
    },
    {
      "geometry": {
        "coordinates": [
          [
            [
              105.85189609872305,
              21.026579777777613
            ],
            [
              105.85194720784054,
              21.026461812852656
            ],
            [
              105.85202166276508,
              21.02636585343005
            ],
            [
              105.85206617790364,
              21.026321865807716
            ],
            [
              105.8520801848098,
              21.026334217091758
            ],
            [
              105.85203653679294,
              21.026377346761205
            ],
            [
              105.85196419186458,
              21.026470586635032
            ],
            [
              105.85191396335736,
              21.02658652089162
            ],
            [
              105.85189609872305,
              21.026579777777613
            ]
          ]
        ],
        "type": "Polygon"
      },
      "properties": {
        "allowed_turns": [],
        "direction": "Fwd",
        "index": 0,
        "layer": 0,
        "osm_way_ids": [
          1219991531
        ],
        "road": 155,
        "speed_limit": "None",
        "type": "Footway",
        "width": 2.0
      },
      "type": "Feature"
    },
    {
      "geometry": {
        "coordinates": [
          [
            [
              105.85207968669653,
              21.026309037883177
            ],
            [
              105.85214518714413,
              21.026249301339465
            ],
            [
              105.85218210533299,
              21.02622603408879
            ],
            [
              105.85219288847328,
              21.026240941245067
            ],
            [
              105.85215741356035,
              21.026263298382197
            ],
            [
              105.85209315406027,
              21.026321903579227
            ],
            [
              105.85207968669653,
              21.026309037883177
            ]
          ]
        ],
        "type": "Polygon"
      },
      "properties": {
        "allowed_turns": [],
        "direction": "Fwd",
        "index": 0,
        "layer": 0,
        "osm_way_ids": [
          1219991531
        ],
        "road": 156,
        "speed_limit": "None",
        "type": "Footway",
        "width": 2.0
      },
      "type": "Feature"
    },
    {
      "geometry": {
        "coordinates": [
          [
            [
              105.852201834279,
              21.02621477817856
            ],
            [
              105.85231041622393,
              21.026172892271006
            ],
            [
              105.85234776122937,
              21.026144557342626
            ],
            [
              105.85236867813212,
              21.026101469041976
            ],
            [
              105.85238623060262,
              21.026108892043176
            ],
            [
              105.85236343879001,
              21.026155842031148
            ],
            [
              105.8523203842698,
              21.026188508092773
            ],
            [
              105.85220919325198,
              21.026231401240615
            ],
            [
              105.852201834279,
              21.02621477817856
            ]
          ]
        ],
        "type": "Polygon"
      },
      "properties": {
        "allowed_turns": [],
        "direction": "Fwd",
        "index": 0,
        "layer": 0,
        "osm_way_ids": [
          1219991531
        ],
        "road": 157,
        "speed_limit": "None",
        "type": "Footway",
        "width": 2.0
      },
      "type": "Feature"
    },
    {
      "geometry": {
        "coordinates": [
          [
            [
              105.85237800065406,
              21.026085462015274
            ],
            [
              105.85239474092054,
              21.02606000761426
            ],
            [
              105.85244245670172,
              21.026010135730125
            ],
            [
              105.85245682972592,
              21.026022116493635
            ],
            [
              105.85241025854542,
              21.026070792279924
            ],
            [
              105.85239442201245,
              21.026094872517405
            ],
            [
              105.85237800065406,
              21.026085462015274
            ]
          ]
        ],
        "type": "Polygon"
      },
      "properties": {
        "allowed_turns": [],
        "direction": "Fwd",
        "index": 0,
        "layer": 0,
        "osm_way_ids": [
          1219991531
        ],
        "road": 158,
        "speed_limit": "None",
        "type": "Footway",
        "width": 2.0
      },
      "type": "Feature"
    },
    {
      "geometry": {
        "coordinates": [
          [
            [
              105.8524586304487,
              21.025998713445386
            ],
            [
              105.85249954703212,
              21.025975519039765
            ],
            [
              105.85262731452679,
              21.02593959473567
            ],
            [
              105.85265018245342,
              21.025936519055502
            ],
            [
              105.85265293026579,
              21.025954322027612
            ],
            [
              105.85263148634571,
              21.02595720525294
            ],
            [
              105.85250745325526,
              21.025992080947947
            ],
            [
              105.85246863317943,
              21.026014086450296
            ],
            [
              105.8524586304487,
              21.025998713445386
            ]
          ]
        ],
        "type": "Polygon"
      },
      "properties": {
        "allowed_turns": [],
        "direction": "Fwd",
        "index": 0,
        "layer": 0,
        "osm_way_ids": [
          1219991531
        ],
        "road": 159,
        "speed_limit": "None",
        "type": "Footway",
        "width": 2.0
      },
      "type": "Feature"
    },
    {
      "geometry": {
        "coordinates": [
          [
            [
              105.85268416784393,
              21.02593217263379
            ],
            [
              105.85281218102308,
              21.02592462102959
            ],
            [
              105.85281339692042,
              21.025942571490454
            ],
            [
              105.85268538374127,
              21.025950123094656
            ],
            [
              105.85268416784393,
              21.02593217263379
            ]
          ]
        ],
        "type": "Polygon"
      },
      "properties": {
        "allowed_turns": [],
        "direction": "Fwd",
        "index": 0,
        "layer": 0,
        "osm_way_ids": [
          1219991531
        ],
        "road": 160,
        "speed_limit": "None",
        "type": "Footway",
        "width": 2.0
      },
      "type": "Feature"
    },
    {
      "geometry": {
        "coordinates": [
          [
            [
              105.85283154192409,
              21.025924026577954
            ],
            [
              105.85286097588906,
              21.025923799948888
            ],
            [
              105.85296590532462,
              21.02594262814772
            ],
            [
              105.85299249223995,
              21.025952456834432
            ],
            [
              105.85298539725736,
              21.025969178821875
            ],
            [
              105.8529604944851,
              21.025959972465767
            ],
            [
              105.85285922430319,
              21.02594180077177
            ],
            [
              105.85283170185988,
              21.025942013011687
            ],
            [
              105.85283154192409,
              21.025924026577954
            ]
          ]
        ],
        "type": "Polygon"
      },
      "properties": {
        "allowed_turns": [],
        "direction": "Fwd",
        "index": 0,
        "layer": 0,
        "osm_way_ids": [
          1219991531
        ],
        "road": 161,
        "speed_limit": "None",
        "type": "Footway",
        "width": 2.0
      },
      "type": "Feature"
    },
    {
      "geometry": {
        "coordinates": [
          [
            [
              105.8530111160875,
              21.025959358229056
            ],
            [
              105.85304202030551,
              21.02597086235207
            ],
            [
              105.85312236298651,
              21.026018904116572
            ],
            [
              105.85316093448743,
              21.026066905411593
            ],
            [
              105.85318815247469,
              21.026162889115884
            ],
            [
              105.85316952477325,
              21.026167491844276
            ],
            [
              105.8531432664007,
              21.02607489498546
            ],
            [
              105.85310903628918,
              21.026032295016485
            ],
            [
              105.85303317951787,
              21.0259869368279
            ],
            [
              105.8530039787123,
              21.02597606582735
            ],
            [
              105.8530111160875,
              21.025959358229056
            ]
          ]
        ],
        "type": "Polygon"
      },
      "properties": {
        "allowed_turns": [],
        "direction": "Fwd",
        "index": 0,
        "layer": 0,
        "osm_way_ids": [
          1219991531
        ],
        "road": 162,
        "speed_limit": "None",
        "type": "Footway",
        "width": 2.0
      },
      "type": "Feature"
    },
    {
      "geometry": {
        "coordinates": [
          [
            [
              105.85319222312941,
              21.02618188009194
            ],
            [
              105.85322158965158,
              21.02634221026291
            ],
            [
              105.85320259583209,
              21.026345240976994
            ],
            [
              105.85317322930992,
              21.026184910806027
            ],
            [
              105.85319222312941,
              21.02618188009194
            ]
          ]
        ],
        "type": "Polygon"
      },
      "properties": {
        "allowed_turns": [],
        "direction": "Fwd",
        "index": 0,
        "layer": 0,
        "osm_way_ids": [
          1219991531
        ],
        "road": 163,
        "speed_limit": "None",
        "type": "Footway",
        "width": 2.0
      },
      "type": "Feature"
    },
    {
      "geometry": {
        "coordinates": [
          [
            [
              105.8532244983632,
              21.026359989852654
            ],
            [
              105.85326658074362,
              21.02665258686136
            ],
            [
              105.85324748286953,
              21.02665498085569
            ],
            [
              105.85320540048912,
              21.026362383846983
            ],
            [
              105.8532244983632,
              21.026359989852654
            ]
          ]
        ],
        "type": "Polygon"
      },
      "properties": {
        "allowed_turns": [],
        "direction": "Fwd",
        "index": 0,
        "layer": 0,
        "osm_way_ids": [
          1219991531
        ],
        "road": 164,
        "speed_limit": "None",
        "type": "Footway",
        "width": 2.0
      },
      "type": "Feature"
    },
    {
      "geometry": {
        "coordinates": [
          [
            [
              105.8532691782549,
              21.026670410517866
            ],
            [
              105.85329775184242,
              21.02686411091934
            ],
            [
              105.85327866167609,
              21.0268665642689
            ],
            [
              105.85325008808856,
              21.02667286386743
            ],
            [
              105.8532691782549,
              21.026670410517866
            ]
          ]
        ],
        "type": "Polygon"
      },
      "properties": {
        "allowed_turns": [],
        "direction": "Fwd",
        "index": 0,
        "layer": 0,
        "osm_way_ids": [
          1219991531
        ],
        "road": 165,
        "speed_limit": "None",
        "type": "Footway",
        "width": 2.0
      },
      "type": "Feature"
    },
    {
      "geometry": {
        "coordinates": [
          [
            [
              105.85330045726218,
              21.026881923783986
            ],
            [
              105.85333915112362,
              21.027129933322794
            ],
            [
              105.85332008215359,
              21.027132525167893
            ],
            [
              105.85328138829215,
              21.02688451562909
            ],
            [
              105.85330045726218,
              21.026881923783986
            ]
          ]
        ],
        "type": "Polygon"
      },
      "properties": {
        "allowed_turns": [],
        "direction": "Fwd",
        "index": 0,
        "layer": 0,
        "osm_way_ids": [
          1219991531
        ],
        "road": 166,
        "speed_limit": "None",
        "type": "Footway",
        "width": 2.0
      },
      "type": "Feature"
    },
    {
      "geometry": {
        "coordinates": [
          [
            [
              105.85334207910462,
              21.027147711113894
            ],
            [
              105.85342638260494,
              21.027634143422326
            ],
            [
              105.85340735988139,
              21.02763701585579
            ],
            [
              105.85332305638107,
              21.02715058354736
            ],
            [
              105.85334207910462,
              21.027147711113894
            ]
          ]
        ],
        "type": "Polygon"
      },
      "properties": {
        "allowed_turns": [],
        "direction": "Fwd",
        "index": 0,
        "layer": 0,
        "osm_way_ids": [
          1219991531
        ],
        "road": 167,
        "speed_limit": "None",
        "type": "Footway",
        "width": 2.0
      },
      "type": "Feature"
    },
    {
      "geometry": {
        "coordinates": [
          [
            [
              105.85342918822542,
              21.027651936501893
            ],
            [
              105.85347158373312,
              21.027950690266866
            ],
            [
              105.85345248200515,
              21.027953051885618
            ],
            [
              105.85341008649745,
              21.027654298120645
            ],
            [
              105.85342918822542,
              21.027651936501893
            ]
          ]
        ],
        "type": "Polygon"
      },
      "properties": {
        "allowed_turns": [],
        "direction": "Fwd",
        "index": 0,
        "layer": 0,
        "osm_way_ids": [
          1219991531
        ],
        "road": 168,
        "speed_limit": "None",
        "type": "Footway",
        "width": 2.0
      },
      "type": "Feature"
    },
    {
      "geometry": {
        "coordinates": [
          [
            [
              105.85347414848647,
              21.02796851662134
            ],
            [
              105.85349104194447,
              21.028084430193527
            ],
            [
              105.85347194792425,
              21.028086854764794
            ],
            [
              105.85345505446625,
              21.027970941192606
            ],
            [
              105.85347414848647,
              21.02796851662134
            ]
          ]
        ],
        "type": "Polygon"
      },
      "properties": {
        "allowed_turns": [],
        "direction": "Fwd",
        "index": 0,
        "layer": 0,
        "osm_way_ids": [
          1219991531
        ],
        "road": 169,
        "speed_limit": "None",
        "type": "Footway",
        "width": 2.0
      },
      "type": "Feature"
    },
    {
      "geometry": {
        "coordinates": [
          [
            [
              105.85349365872511,
              21.028102248454104
            ],
            [
              105.85351232207488,
              21.028228335153212
            ],
            [
              105.85349323383548,
              21.02823079749599
            ],
            [
              105.8534745704857,
              21.02810471079688
            ],
            [
              105.85349365872511,
              21.028102248454104
            ]
          ]
        ],
        "type": "Polygon"
      },
      "properties": {
        "allowed_turns": [],
        "direction": "Fwd",
        "index": 0,
        "layer": 0,
        "osm_way_ids": [
          1219991531
        ],
        "road": 170,
        "speed_limit": "None",
        "type": "Footway",
        "width": 2.0
      },
      "type": "Feature"
    },
    {
      "geometry": {
        "coordinates": [
          [
            [
              105.85351495619797,
              21.028246151615146
            ],
            [
              105.8535346263724,
              21.02837924942612
            ],
            [
              105.85351553813298,
              21.02838170817161
            ],
            [
              105.85349586795856,
              21.028248610360635
            ],
            [
              105.85351495619797,
              21.028246151615146
            ]
          ]
        ],
        "type": "Polygon"
      },
      "properties": {
        "allowed_turns": [],
        "direction": "Fwd",
        "index": 0,
        "layer": 0,
        "osm_way_ids": [
          1219991531
        ],
        "road": 171,
        "speed_limit": "None",
        "type": "Footway",
        "width": 2.0
      },
      "type": "Feature"
    },
    {
      "geometry": {
        "coordinates": [
          [
            [
              105.85353718534492,
              21.028397076679916
            ],
            [
              105.85358612665813,
              21.02874821323517
            ],
            [
              105.85356701914935,
              21.02875053348512
            ],
            [
              105.85351807783614,
              21.028399396929867
            ],
            [
              105.85353718534492,
              21.028397076679916
            ]
          ]
        ],
        "type": "Polygon"
      },
      "properties": {
        "allowed_turns": [],
        "direction": "Fwd",
        "index": 0,
        "layer": 0,
        "osm_way_ids": [
          1219991531
        ],
        "road": 172,
        "speed_limit": "None",
        "type": "Footway",
        "width": 2.0
      },
      "type": "Feature"
    },
    {
      "geometry": {
        "coordinates": [
          [
            [
              105.85358744661008,
              21.028768606253735
            ],
            [
              105.85357418446515,
              21.028861364091135
            ],
            [
              105.85355508466411,
              21.028858984485954
            ],
            [
              105.85356834680904,
              21.02876622664855
            ],
            [
              105.85358744661008,
              21.028768606253735
            ]
          ]
        ],
        "type": "Polygon"
      },
      "properties": {
        "allowed_turns": [],
        "direction": "Fwd",
        "index": 0,
        "layer": 0,
        "osm_way_ids": [
          1219991531
        ],
        "road": 173,
        "speed_limit": "None",
        "type": "Footway",
        "width": 2.0
      },
      "type": "Feature"
    },
    {
      "geometry": {
        "coordinates": [
          [
            [
              105.85357043946279,
              21.028884891245777
            ],
            [
              105.85352388080737,
              21.02908062861087
            ],
            [
              105.85350507004692,
              21.02907673095068
            ],
            [
              105.85355162870233,
              21.028880993585588
            ],
            [
              105.85357043946279,
              21.028884891245777
            ]
          ]
        ],
        "type": "Polygon"
      },
      "properties": {
        "allowed_turns": [],
        "direction": "Fwd",
        "index": 0,
        "layer": 0,
        "osm_way_ids": [
          1219991531
        ],
        "road": 174,
        "speed_limit": "None",
        "type": "Footway",
        "width": 2.0
      },
      "type": "Feature"
    },
    {
      "geometry": {
        "coordinates": [
          [
            [
              105.85351576743851,
              21.029099106973565
            ],
            [
              105.85349489100142,
              21.029138804831458
            ],
            [
              105.85347759288663,
              21.029130880008754
            ],
            [
              105.85349846932371,
              21.029091182150864
            ],
            [
              105.85351576743851,
              21.029099106973565
            ]
          ]
        ],
        "type": "Polygon"
      },
      "properties": {
        "allowed_turns": [],
        "direction": "Fwd",
        "index": 0,
        "layer": 0,
        "osm_way_ids": [
          1219991531
        ],
        "road": 175,
        "speed_limit": "None",
        "type": "Footway",
        "width": 2.0
      },
      "type": "Feature"
    },
    {
      "geometry": {
        "coordinates": [
          [
            [
              105.85348544419205,
              21.02915454206165
            ],
            [
              105.85341328521312,
              21.02925864574145
            ],
            [
              105.85339710664881,
              21.029248875510646
            ],
            [
              105.85346926562774,
              21.029144771830847
            ],
            [
              105.85348544419205,
              21.02915454206165
            ]
          ]
        ],
        "type": "Polygon"
      },
      "properties": {
        "allowed_turns": [],
        "direction": "Fwd",
        "index": 0,
        "layer": 0,
        "osm_way_ids": [
          1219991531
        ],
        "road": 176,
        "speed_limit": "None",
        "type": "Footway",
        "width": 2.0
      },
      "type": "Feature"
    },
    {
      "geometry": {
        "coordinates": [
          [
            [
              105.85340309749641,
              21.029274134758857
            ],
            [
              105.85336849933988,
              21.029330658925506
            ],
            [
              105.85335176774461,
              21.02932173585573
            ],
            [
              105.85338636590114,
              21.029265211689083
            ],
            [
              105.85340309749641,
              21.029274134758857
            ]
          ]
        ],
        "type": "Polygon"
      },
      "properties": {
        "allowed_turns": [],
        "direction": "Fwd",
        "index": 0,
        "layer": 0,
        "osm_way_ids": [
          1219991531
        ],
        "road": 177,
        "speed_limit": "None",
        "type": "Footway",
        "width": 2.0
      },
      "type": "Feature"
    },
    {
      "geometry": {
        "coordinates": [
          [
            [
              105.85335779713095,
              21.029350201185757
            ],
            [
              105.85335634325688,
              21.02935294231826
            ],
            [
              105.85334276605772,
              21.02942382955156
            ],
            [
              105.85334418524693,
              21.02945904698881
            ],
            [
              105.85332492936399,
              21.029459723278716
            ],
            [
              105.85332343309729,
              21.0294225705012
            ],
            [
              105.85333785622186,
              21.029347256806552
            ],
            [
              105.85334052984716,
              21.029342218806466
            ],
            [
              105.85335779713095,
              21.029350201185757
            ]
          ]
        ],
        "type": "Polygon"
      },
      "properties": {
        "allowed_turns": [],
        "direction": "Fwd",
        "index": 0,
        "layer": 0,
        "osm_way_ids": [
          1219991531
        ],
        "road": 178,
        "speed_limit": "None",
        "type": "Footway",
        "width": 2.0
      },
      "type": "Feature"
    },
    {
      "geometry": {
        "coordinates": [
          [
            [
              105.85334482209966,
              21.029477046912366
            ],
            [
              105.85335135634354,
              21.029688145591187
            ],
            [
              105.85333708448353,
              21.029776091158244
            ],
            [
              105.85331803285592,
              21.02977339679047
            ],
            [
              105.85333204457942,
              21.029687053814662
            ],
            [
              105.8533255604359,
              21.029477566720303
            ],
            [
              105.85334482209966,
              21.029477046912366
            ]
          ]
        ],
        "type": "Polygon"
      },
      "properties": {
        "allowed_turns": [],
        "direction": "Fwd",
        "index": 0,
        "layer": 0,
        "osm_way_ids": [
          1219991531
        ],
        "road": 179,
        "speed_limit": "None",
        "type": "Footway",
        "width": 2.0
      },
      "type": "Feature"
    },
    {
      "geometry": {
        "coordinates": [
          [
            [
              105.8533332624037,
              21.029793793406323
            ],
            [
              105.85329617753477,
              21.029935496826518
            ],
            [
              105.85329294413424,
              21.029997336883657
            ],
            [
              105.85329508881529,
              21.03004714131866
            ],
            [
              105.8533549076887,
              21.030275934151668
            ],
            [
              105.85333618749429,
              21.030280198735106
            ],
            [
              105.85327591193676,
              21.030049659419383
            ],
            [
              105.85327365549337,
              21.02999726313928
            ],
            [
              105.85327702185256,
              21.029932903182775
            ],
            [
              105.85331454413623,
              21.0297895252256
            ],
            [
              105.8533332624037,
              21.029793793406323
            ]
          ]
        ],
        "type": "Polygon"
      },
      "properties": {
        "allowed_turns": [],
        "direction": "Fwd",
        "index": 0,
        "layer": 0,
        "osm_way_ids": [
          1219991531
        ],
        "road": 180,
        "speed_limit": "None",
        "type": "Footway",
        "width": 2.0
      },
      "type": "Feature"
    },
    {
      "geometry": {
        "coordinates": [
          [
            [
              105.85335846963201,
              21.03029361211806
            ],
            [
              105.85337038677483,
              21.030376663576497
            ],
            [
              105.85334472575279,
              21.03043597923766
            ],
            [
              105.85323595207763,
              21.030599900400123
            ],
            [
              105.85318106712678,
              21.030635888556056
            ],
            [
              105.8530734033674,
              21.030658269075552
            ],
            [
              105.85306921420604,
              21.030640712517584
            ],
            [
              105.8531731319996,
              21.030619110810672
            ],
            [
              105.85322164842316,
              21.03058729910465
            ],
            [
              105.85332747388449,
              21.03042782059132
            ],
            [
              105.8533506125458,
              21.030374336131974
            ],
            [
              105.85333937175793,
              21.03029600071646
            ],
            [
              105.85335846963201,
              21.03029361211806
            ]
          ]
        ],
        "type": "Polygon"
      },
      "properties": {
        "allowed_turns": [],
        "direction": "Fwd",
        "index": 0,
        "layer": 0,
        "osm_way_ids": [
          1219991531
        ],
        "road": 181,
        "speed_limit": "None",
        "type": "Footway",
        "width": 2.0
      },
      "type": "Feature"
    },
    {
      "geometry": {
        "coordinates": [
          [
            [
              105.85309290108096,
              21.025776358856334
            ],
            [
              105.85307492468428,
              21.025731757896608
            ],
            [
              105.85305582873713,
              21.02571600897523
            ],
            [
              105.853068586988,
              21.025702529941793
            ],
            [
              105.853091274746,
              21.025721241228805
            ],
            [
              105.85311093721268,
              21.025770025833015
            ],
            [
              105.85309290108096,
              21.025776358856334
            ]
          ]
        ],
        "type": "Polygon"
      },
      "properties": {
        "allowed_turns": [],
        "direction": "Fwd",
        "index": 0,
        "layer": 0,
        "osm_way_ids": [
          1219991535
        ],
        "road": 183,
        "speed_limit": "None",
        "type": "Footway",
        "width": 2.0
      },
      "type": "Feature"
    },
    {
      "geometry": {
        "coordinates": [
          [
            [
              105.85304389521536,
              21.02571030367845
            ],
            [
              105.8530248484051,
              21.02570334472724
            ],
            [
              105.85299481323574,
              21.02570253533772
            ],
            [
              105.85296622519618,
              21.025711345092965
            ],
            [
              105.85294257878695,
              21.02572869840423
            ],
            [
              105.85292656690271,
              21.025752626656345
            ],
            [
              105.85292152892552,
              21.02577457550143
            ],
            [
              105.85290268733408,
              21.025770807343562
            ],
            [
              105.85290843249719,
              21.025745773825093
            ],
            [
              105.85292802077679,
              21.025716501803515
            ],
            [
              105.85295697397093,
              21.025695254429348
            ],
            [
              105.85299198641894,
              21.025684464367753
            ],
            [
              105.85302875237977,
              21.025685455420252
            ],
            [
              105.85305091890127,
              21.02569355471136
            ],
            [
              105.85304389521536,
              21.02571030367845
            ]
          ]
        ],
        "type": "Polygon"
      },
      "properties": {
        "allowed_turns": [],
        "direction": "Fwd",
        "index": 0,
        "layer": 0,
        "osm_way_ids": [
          1219991535
        ],
        "road": 184,
        "speed_limit": "None",
        "type": "Footway",
        "width": 2.0
      },
      "type": "Feature"
    },
    {
      "geometry": {
        "coordinates": [
          [
            [
              105.8529212109809,
              21.02578633413248
            ],
            [
              105.85292441258697,
              21.02580791245703
            ],
            [
              105.85293838769866,
              21.025832795788777
            ],
            [
              105.85295772065908,
              21.02584986581371
            ],
            [
              105.85300565129374,
              21.02586277917381
            ],
            [
              105.85300030789703,
              21.02588006053934
            ],
            [
              105.85294787979105,
              21.025865934893606
            ],
            [
              105.85292281226567,
              21.02584380348622
            ],
            [
              105.85290578681249,
              21.025813488251487
            ],
            [
              105.85290212466843,
              21.02578880187119
            ],
            [
              105.8529212109809,
              21.02578633413248
            ]
          ]
        ],
        "type": "Polygon"
      },
      "properties": {
        "allowed_turns": [],
        "direction": "Fwd",
        "index": 0,
        "layer": 0,
        "osm_way_ids": [
          1219991535
        ],
        "road": 185,
        "speed_limit": "None",
        "type": "Footway",
        "width": 2.0
      },
      "type": "Feature"
    },
    {
      "geometry": {
        "coordinates": [
          [
            [
              105.8530104137189,
              21.025863357437654
            ],
            [
              105.85307990099948,
              21.025827267658368
            ],
            [
              105.85309308028611,
              21.025783172117432
            ],
            [
              105.85311164054474,
              21.025788005072176
            ],
            [
              105.85309629923462,
              21.025839332958117
            ],
            [
              105.85301978248734,
              21.02587907398345
            ],
            [
              105.8530104137189,
              21.025863357437654
            ]
          ]
        ],
        "type": "Polygon"
      },
      "properties": {
        "allowed_turns": [],
        "direction": "Fwd",
        "index": 0,
        "layer": 0,
        "osm_way_ids": [
          1219991535,
          1219991535
        ],
        "road": 186,
        "speed_limit": "None",
        "type": "Footway",
        "width": 2.0
      },
      "type": "Feature"
    },
    {
      "geometry": {
        "coordinates": [
          [
            [
              105.85305091986474,
              21.025693555610683
            ],
            [
              105.85305652628837,
              21.02566874422467
            ],
            [
              105.85307538136838,
              21.02567245662459
            ],
            [
              105.85306977494476,
              21.025697268010603
            ],
            [
              105.85305091986474,
              21.025693555610683
            ]
          ]
        ],
        "type": "Polygon"
      },
      "properties": {
        "allowed_turns": [],
        "direction": "Fwd",
        "index": 0,
        "layer": 0,
        "osm_way_ids": [
          1219991536
        ],
        "road": 187,
        "speed_limit": "None",
        "type": "Footway",
        "width": 2.0
      },
      "type": "Feature"
    },
    {
      "geometry": {
        "coordinates": [
          [
            [
              105.85301948092167,
              21.025881864578643
            ],
            [
              105.85301166526459,
              21.02595426177306
            ],
            [
              105.85299249223995,
              21.025952457733755
            ],
            [
              105.85300030789703,
              21.02588006053934
            ],
            [
              105.85301948092167,
              21.025881864578643
            ]
          ]
        ],
        "type": "Polygon"
      },
      "properties": {
        "allowed_turns": [],
        "direction": "Fwd",
        "index": 0,
        "layer": 0,
        "osm_way_ids": [
          1219991537
        ],
        "road": 188,
        "speed_limit": "None",
        "type": "Footway",
        "width": 2.0
      },
      "type": "Feature"
    },
    {
      "geometry": {
        "coordinates": [
          [
            [
              105.85322159061505,
              21.026342209363587
            ],
            [
              105.85325654718189,
              21.026336970814764
            ],
            [
              105.85325960137726,
              21.02635473061943
            ],
            [
              105.85322464481042,
              21.026359969168254
            ],
            [
              105.85322159061505,
              21.026342209363587
            ]
          ]
        ],
        "type": "Polygon"
      },
      "properties": {
        "allowed_turns": [],
        "direction": "Fwd",
        "index": 0,
        "layer": 0,
        "osm_way_ids": [
          1219991539
        ],
        "road": 189,
        "speed_limit": "None",
        "type": "Footway",
        "width": 2.0
      },
      "type": "Feature"
    },
    {
      "geometry": {
        "coordinates": [
          [
            [
              105.85326682161076,
              21.026652558982388
            ],
            [
              105.85332409692714,
              21.02664597324968
            ],
            [
              105.85332645357127,
              21.026663824785157
            ],
            [
              105.8532691782549,
              21.026670410517866
            ],
            [
              105.85326682161076,
              21.026652558982388
            ]
          ]
        ],
        "type": "Polygon"
      },
      "properties": {
        "allowed_turns": [],
        "direction": "Fwd",
        "index": 0,
        "layer": 0,
        "osm_way_ids": [
          1219991540
        ],
        "road": 190,
        "speed_limit": "None",
        "type": "Footway",
        "width": 2.0
      },
      "type": "Feature"
    },
    {
      "geometry": {
        "coordinates": [
          [
            [
              105.85340658139877,
              21.027139138779575
            ],
            [
              105.85334207910462,
              21.027147711113894
            ],
            [
              105.85333936212324,
              21.0271299045445
            ],
            [
              105.8534038644174,
              21.027121332210182
            ],
            [
              105.85340658139877,
              21.027139138779575
            ]
          ]
        ],
        "type": "Polygon"
      },
      "properties": {
        "allowed_turns": [],
        "direction": "Fwd",
        "index": 0,
        "layer": 0,
        "osm_way_ids": [
          1219991541
        ],
        "road": 191,
        "speed_limit": "None",
        "type": "Footway",
        "width": 2.0
      },
      "type": "Feature"
    },
    {
      "geometry": {
        "coordinates": [
          [
            [
              105.85339576068321,
              21.03045319135542
            ],
            [
              105.85340655442165,
              21.030433410774922
            ],
            [
              105.8533859805137,
              21.030288938343254
            ],
            [
              105.85340508224168,
              21.030286567731288
            ],
            [
              105.85342644619385,
              21.030436588977764
            ],
            [
              105.85341293162016,
              21.03046135539769
            ],
            [
              105.85339576068321,
              21.03045319135542
            ]
          ]
        ],
        "type": "Polygon"
      },
      "properties": {
        "allowed_turns": [],
        "direction": "Fwd",
        "index": 0,
        "layer": 0,
        "osm_way_ids": [
          1219991545
        ],
        "road": 192,
        "speed_limit": "None",
        "type": "Footway",
        "width": 2.0
      },
      "type": "Feature"
    },
    {
      "geometry": {
        "coordinates": [
          [
            [
              105.85338377513415,
              21.03027103015051
            ],
            [
              105.85337452776275,
              21.030179845226737
            ],
            [
              105.8533797661414,
              21.03012197117824
            ],
            [
              105.85339896614316,
              21.030123485635958
            ],
            [
              105.85339387228481,
              21.03017975529457
            ],
            [
              105.85340295779346,
              21.030269335828454
            ],
            [
              105.85338377513415,
              21.03027103015051
            ]
          ]
        ],
        "type": "Polygon"
      },
      "properties": {
        "allowed_turns": [],
        "direction": "Fwd",
        "index": 0,
        "layer": 0,
        "osm_way_ids": [
          1219991545
        ],
        "road": 193,
        "speed_limit": "None",
        "type": "Footway",
        "width": 2.0
      },
      "type": "Feature"
    },
    {
      "geometry": {
        "coordinates": [
          [
            [
              105.85339252824615,
              21.030094293654013
            ],
            [
              105.85352605439247,
              21.029965276964848
            ],
            [
              105.85353991292446,
              21.029977773939006
            ],
            [
              105.85340638677813,
              21.03010679062817
            ],
            [
              105.85339252824615,
              21.030094293654013
            ]
          ]
        ],
        "type": "Polygon"
      },
      "properties": {
        "allowed_turns": [],
        "direction": "Fwd",
        "index": 0,
        "layer": 0,
        "osm_way_ids": [
          1219991546
        ],
        "road": 194,
        "speed_limit": "None",
        "type": "Footway",
        "width": 2.0
      },
      "type": "Feature"
    },
    {
      "geometry": {
        "coordinates": [
          [
            [
              105.85375250419246,
              21.03019335213915
            ],
            [
              105.85370862301622,
              21.030196042010314
            ],
            [
              105.85370736087238,
              21.03017809334809
            ],
            [
              105.85375124204863,
              21.030175403476928
            ],
            [
              105.85375250419246,
              21.03019335213915
            ]
          ]
        ],
        "type": "Polygon"
      },
      "properties": {
        "allowed_turns": [],
        "direction": "Fwd",
        "index": 0,
        "layer": 0,
        "osm_way_ids": [
          1219991547
        ],
        "road": 195,
        "speed_limit": "None",
        "type": "Footway",
        "width": 2.0
      },
      "type": "Feature"
    },
    {
      "geometry": {
        "coordinates": [
          [
            [
              105.85368933726575,
              21.030196197592964
            ],
            [
              105.85367250450628,
              21.03019551320916
            ],
            [
              105.85362385030672,
              21.030175839647946
            ],
            [
              105.85360186009996,
              21.030160596145357
            ],
            [
              105.85361334849925,
              21.03014615663636
            ],
            [
              105.85363355050832,
              21.030160160873663
            ],
            [
              105.85367689599605,
              21.03017768685469
            ],
            [
              105.85369017548341,
              21.030178227347022
            ],
            [
              105.85368933726575,
              21.030196197592964
            ]
          ]
        ],
        "type": "Polygon"
      },
      "properties": {
        "allowed_turns": [],
        "direction": "Fwd",
        "index": 0,
        "layer": 0,
        "osm_way_ids": [
          1219991547
        ],
        "road": 196,
        "speed_limit": "None",
        "type": "Footway",
        "width": 2.0
      },
      "type": "Feature"
    },
    {
      "geometry": {
        "coordinates": [
          [
            [
              105.85357953460614,
              21.030134506823227
            ],
            [
              105.85354803207414,
              21.030056451096762
            ],
            [
              105.85353991292446,
              21.029977773939006
            ],
            [
              105.85355909365686,
              21.029976049040012
            ],
            [
              105.85356696808552,
              21.030052348391227
            ],
            [
              105.85359756688399,
              21.030128166605337
            ],
            [
              105.85357953460614,
              21.030134506823227
            ]
          ]
        ],
        "type": "Polygon"
      },
      "properties": {
        "allowed_turns": [],
        "direction": "Fwd",
        "index": 0,
        "layer": 0,
        "osm_way_ids": [
          1219991547
        ],
        "road": 197,
        "speed_limit": "None",
        "type": "Footway",
        "width": 2.0
      },
      "type": "Feature"
    },
    {
      "geometry": {
        "coordinates": [
          [
            [
              105.85353885310903,
              21.02995291129166
            ],
            [
              105.85354910152427,
              21.029917752310322
            ],
            [
              105.85356769454081,
              21.029922473749174
            ],
            [
              105.85355744612559,
              21.029957632730515
            ],
            [
              105.85353885310903,
              21.02995291129166
            ]
          ]
        ],
        "type": "Polygon"
      },
      "properties": {
        "allowed_turns": [],
        "direction": "Fwd",
        "index": 0,
        "layer": 0,
        "osm_way_ids": [
          1219991547
        ],
        "road": 198,
        "speed_limit": "None",
        "type": "Footway",
        "width": 2.0
      },
      "type": "Feature"
    },
    {
      "geometry": {
        "coordinates": [
          [
            [
              105.85356997410747,
              21.02988869342798
            ],
            [
              105.85361137338867,
              21.029843437762068
            ],
            [
              105.85373801073469,
              21.029785772356203
            ],
            [
              105.85356891910938,
              21.029730598071406
            ],
            [
              105.85357527800197,
              21.029713618877963
            ],
            [
              105.85378798970355,
              21.029783027626415
            ],
            [
              105.85362342638054,
              21.029857961807306
            ],
            [
              105.85358462846449,
              21.029900373818048
            ],
            [
              105.85356997410747,
              21.02988869342798
            ]
          ]
        ],
        "type": "Polygon"
      },
      "properties": {
        "allowed_turns": [],
        "direction": "Fwd",
        "index": 0,
        "layer": 0,
        "osm_way_ids": [
          1219991547,
          1220054885
        ],
        "road": 199,
        "speed_limit": "None",
        "type": "Footway",
        "width": 2.0
      },
      "type": "Feature"
    },
    {
      "geometry": {
        "coordinates": [
          [
            [
              105.85362230586658,
              21.030458391233413
            ],
            [
              105.85366973646106,
              21.030372898116596
            ],
            [
              105.8536844149048,
              21.030327618168997
            ],
            [
              105.85368933726575,
              21.030196197592964
            ],
            [
              105.85370859507563,
              21.030196825319504
            ],
            [
              105.85370358600251,
              21.030330582333274
            ],
            [
              105.85368766275737,
              21.030379702384476
            ],
            [
              105.85363941706848,
              21.030466663194286
            ],
            [
              105.85362230586658,
              21.030458391233413
            ]
          ]
        ],
        "type": "Polygon"
      },
      "properties": {
        "allowed_turns": [],
        "direction": "Fwd",
        "index": 0,
        "layer": 0,
        "osm_way_ids": [
          1219991548
        ],
        "road": 200,
        "speed_limit": "None",
        "type": "Footway",
        "width": 2.0
      },
      "type": "Feature"
    },
    {
      "geometry": {
        "coordinates": [
          [
            [
              105.85337609532613,
              21.03010596595018
            ],
            [
              105.85336131957206,
              21.030087422836328
            ],
            [
              105.85335646561738,
              21.030047507342587
            ],
            [
              105.85335646561738,
              21.029973940130656
            ],
            [
              105.85337377143993,
              21.029845195935966
            ],
            [
              105.85339289051034,
              21.029847435246964
            ],
            [
              105.85337573498889,
              21.02997506068548
            ],
            [
              105.85337573498889,
              21.030046492907726
            ],
            [
              105.8533798798307,
              21.030080577199648
            ],
            [
              105.85339155706983,
              21.03009523164653
            ],
            [
              105.85337609532613,
              21.03010596595018
            ]
          ]
        ],
        "type": "Polygon"
      },
      "properties": {
        "allowed_turns": [],
        "direction": "Fwd",
        "index": 0,
        "layer": 0,
        "osm_way_ids": [
          1219991549
        ],
        "road": 201,
        "speed_limit": "None",
        "type": "Footway",
        "width": 2.0
      },
      "type": "Feature"
    },
    {
      "geometry": {
        "coordinates": [
          [
            [
              105.85337783824079,
              21.029824286706752
            ],
            [
              105.85338280299435,
              21.02980742982106
            ],
            [
              105.85340138252235,
              21.02981219802464
            ],
            [
              105.85339641776878,
              21.029829054910333
            ],
            [
              105.85337783824079,
              21.029824286706752
            ]
          ]
        ],
        "type": "Polygon"
      },
      "properties": {
        "allowed_turns": [],
        "direction": "Fwd",
        "index": 0,
        "layer": 0,
        "osm_way_ids": [
          1219991549
        ],
        "road": 202,
        "speed_limit": "None",
        "type": "Footway",
        "width": 2.0
      },
      "type": "Feature"
    },
    {
      "geometry": {
        "coordinates": [
          [
            [
              105.85338777641913,
              21.029790045932856
            ],
            [
              105.8534106645786,
              21.029707793072077
            ],
            [
              105.85342185141222,
              21.02957873231615
            ],
            [
              105.8534410571948,
              21.02958018202271
            ],
            [
              105.85342973547557,
              21.02971080759837
            ],
            [
              105.85340642724381,
              21.029794567722295
            ],
            [
              105.85338777641913,
              21.029790045932856
            ]
          ]
        ],
        "type": "Polygon"
      },
      "properties": {
        "allowed_turns": [],
        "direction": "Fwd",
        "index": 0,
        "layer": 0,
        "osm_way_ids": [
          1219991549
        ],
        "road": 203,
        "speed_limit": "None",
        "type": "Footway",
        "width": 2.0
      },
      "type": "Feature"
    },
    {
      "geometry": {
        "coordinates": [
          [
            [
              105.85342189380484,
              21.02956401581607
            ],
            [
              105.85341205390029,
              21.0294849024873
            ],
            [
              105.853431194167,
              21.02948282865149
            ],
            [
              105.85344103407155,
              21.029561941980262
            ],
            [
              105.85342189380484,
              21.02956401581607
            ]
          ]
        ],
        "type": "Polygon"
      },
      "properties": {
        "allowed_turns": [],
        "direction": "Fwd",
        "index": 0,
        "layer": 0,
        "osm_way_ids": [
          1219991549
        ],
        "road": 204,
        "speed_limit": "None",
        "type": "Footway",
        "width": 2.0
      },
      "type": "Feature"
    },
    {
      "geometry": {
        "coordinates": [
          [
            [
              105.85340911339419,
              21.029460041638593
            ],
            [
              105.85340160315666,
              21.029391439581698
            ],
            [
              105.85342077232742,
              21.029389610361385
            ],
            [
              105.85342828256496,
              21.029458212418284
            ],
            [
              105.85340911339419,
              21.029460041638593
            ]
          ]
        ],
        "type": "Polygon"
      },
      "properties": {
        "allowed_turns": [],
        "direction": "Fwd",
        "index": 0,
        "layer": 0,
        "osm_way_ids": [
          1219991549
        ],
        "road": 205,
        "speed_limit": "None",
        "type": "Footway",
        "width": 2.0
      },
      "type": "Feature"
    },
    {
      "geometry": {
        "coordinates": [
          [
            [
              105.8533387137089,
              21.029776539919766
            ],
            [
              105.85338777738261,
              21.029790045932856
            ],
            [
              105.85338232607741,
              21.02980729852009
            ],
            [
              105.8533332624037,
              21.029793792507004
            ],
            [
              105.8533387137089,
              21.029776539919766
            ]
          ]
        ],
        "type": "Polygon"
      },
      "properties": {
        "allowed_turns": [],
        "direction": "Fwd",
        "index": 0,
        "layer": 0,
        "osm_way_ids": [
          1219991550
        ],
        "road": 206,
        "speed_limit": "None",
        "type": "Footway",
        "width": 2.0
      },
      "type": "Feature"
    },
    {
      "geometry": {
        "coordinates": [
          [
            [
              105.85340126112531,
              21.0298312348661
            ],
            [
              105.85355076928836,
              21.0298985347052
            ],
            [
              105.85354239867338,
              21.029914735086063
            ],
            [
              105.85339289051034,
              21.029847435246964
            ],
            [
              105.85340126112531,
              21.0298312348661
            ]
          ]
        ],
        "type": "Polygon"
      },
      "properties": {
        "allowed_turns": [],
        "direction": "Fwd",
        "index": 0,
        "layer": 0,
        "osm_way_ids": [
          1219991551
        ],
        "road": 207,
        "speed_limit": "None",
        "type": "Footway",
        "width": 2.0
      },
      "type": "Feature"
    },
    {
      "geometry": {
        "coordinates": [
          [
            [
              105.85360186009996,
              21.030160596145357
            ],
            [
              105.85359054416155,
              21.03030861100515
            ],
            [
              105.85355414528225,
              21.030433796583928
            ],
            [
              105.85353554841181,
              21.030429085936934
            ],
            [
              105.85357145592214,
              21.030305589284282
            ],
            [
              105.85358263890188,
              21.030159315511277
            ],
            [
              105.85360186009996,
              21.030160596145357
            ]
          ]
        ],
        "type": "Polygon"
      },
      "properties": {
        "allowed_turns": [],
        "direction": "Fwd",
        "index": 0,
        "layer": 0,
        "osm_way_ids": [
          1220021886
        ],
        "road": 208,
        "speed_limit": "None",
        "type": "Footway",
        "width": 2.0
      },
      "type": "Feature"
    },
    {
      "geometry": {
        "coordinates": [
          [
            [
              105.8533859805137,
              21.030288937443935
            ],
            [
              105.85335846963201,
              21.030293611218738
            ],
            [
              105.85335501848759,
              21.030275916165234
            ],
            [
              105.85338252936927,
              21.030271242390427
            ],
            [
              105.8533859805137,
              21.030288937443935
            ]
          ]
        ],
        "type": "Polygon"
      },
      "properties": {
        "allowed_turns": [],
        "direction": "Fwd",
        "index": 0,
        "layer": 0,
        "osm_way_ids": [
          1220021913
        ],
        "road": 209,
        "speed_limit": "None",
        "type": "Footway",
        "width": 2.0
      },
      "type": "Feature"
    },
    {
      "geometry": {
        "coordinates": [
          [
            [
              105.85340806514039,
              21.0301076296953
            ],
            [
              105.85343305366135,
              21.030120123971496
            ],
            [
              105.85353812087291,
              21.030134210946393
            ],
            [
              105.85357953556961,
              21.030134506823227
            ],
            [
              105.85357938719545,
              21.03015249325696
            ],
            [
              105.85353667952393,
              21.03015218838691
            ],
            [
              105.85342694719752,
              21.030137475484118
            ],
            [
              105.85339896614316,
              21.030123484736638
            ],
            [
              105.85340806514039,
              21.0301076296953
            ]
          ]
        ],
        "type": "Polygon"
      },
      "properties": {
        "allowed_turns": [],
        "direction": "Fwd",
        "index": 0,
        "layer": 0,
        "osm_way_ids": [
          1220021919
        ],
        "road": 210,
        "speed_limit": "None",
        "type": "Footway",
        "width": 2.0
      },
      "type": "Feature"
    },
    {
      "geometry": {
        "coordinates": [
          [
            [
              105.85357418446515,
              21.028861364990455
            ],
            [
              105.85366866893789,
              21.02880535163853
            ],
            [
              105.85367899924795,
              21.02882053398724
            ],
            [
              105.8535845147752,
              21.02887654733917
            ],
            [
              105.85357418446515,
              21.028861364990455
            ]
          ]
        ],
        "type": "Polygon"
      },
      "properties": {
        "allowed_turns": [],
        "direction": "Fwd",
        "index": 0,
        "layer": 0,
        "osm_way_ids": [
          1220021924
        ],
        "road": 211,
        "speed_limit": "None",
        "type": "Footway",
        "width": 2.0
      },
      "type": "Feature"
    },
    {
      "geometry": {
        "coordinates": [
          [
            [
              105.85344422893334,
              21.029562440204476
            ],
            [
              105.85349386683433,
              21.02957017257234
            ],
            [
              105.85349069509577,
              21.02958791439057
            ],
            [
              105.8534410571948,
              21.02958018202271
            ],
            [
              105.85344422893334,
              21.029562440204476
            ]
          ]
        ],
        "type": "Polygon"
      },
      "properties": {
        "allowed_turns": [],
        "direction": "Fwd",
        "index": 0,
        "layer": 0,
        "osm_way_ids": [
          1220054882
        ],
        "road": 212,
        "speed_limit": "None",
        "type": "Footway",
        "width": 2.0
      },
      "type": "Feature"
    },
    {
      "geometry": {
        "coordinates": [
          [
            [
              105.85351819056197,
              21.029574315747347
            ],
            [
              105.85358334897823,
              21.02958634597355
            ],
            [
              105.85357961072016,
              21.02960399066504
            ],
            [
              105.8535144523039,
              21.02959196043884
            ],
            [
              105.85351819056197,
              21.029574315747347
            ]
          ]
        ],
        "type": "Polygon"
      },
      "properties": {
        "allowed_turns": [],
        "direction": "Fwd",
        "index": 0,
        "layer": 0,
        "osm_way_ids": [
          1220054882
        ],
        "road": 213,
        "speed_limit": "None",
        "type": "Footway",
        "width": 2.0
      },
      "type": "Feature"
    },
    {
      "geometry": {
        "coordinates": [
          [
            [
              105.85334513908082,
              21.02945906227728
            ],
            [
              105.85340911243073,
              21.029460041638593
            ],
            [
              105.85340879641304,
              21.029478026273683
            ],
            [
              105.85334482306313,
              21.029477046912366
            ],
            [
              105.85334513908082,
              21.02945906227728
            ]
          ]
        ],
        "type": "Polygon"
      },
      "properties": {
        "allowed_turns": [],
        "direction": "Fwd",
        "index": 0,
        "layer": 0,
        "osm_way_ids": [
          1220054883
        ],
        "road": 214,
        "speed_limit": "None",
        "type": "Footway",
        "width": 2.0
      },
      "type": "Feature"
    },
    {
      "geometry": {
        "coordinates": [
          [
            [
              105.85343799818207,
              21.029465998745447
            ],
            [
              105.85348304033795,
              21.029481868175928
            ],
            [
              105.85350910023597,
              21.02950615166011
            ],
            [
              105.85351310152096,
              21.029569107775462
            ],
            [
              105.85349386683433,
              21.02957017257234
            ],
            [
              105.85349029911019,
              21.02951404770452
            ],
            [
              105.85347235932532,
              21.02949733111301
            ],
            [
              105.853431194167,
              21.029482826852846
            ],
            [
              105.85343799818207,
              21.029465998745447
            ]
          ]
        ],
        "type": "Polygon"
      },
      "properties": {
        "allowed_turns": [],
        "direction": "Fwd",
        "index": 0,
        "layer": 0,
        "osm_way_ids": [
          1220054883
        ],
        "road": 215,
        "speed_limit": "None",
        "type": "Footway",
        "width": 2.0
      },
      "type": "Feature"
    },
    {
      "geometry": {
        "coordinates": [
          [
            [
              105.85351445134043,
              21.02959196043884
            ],
            [
              105.85351822621031,
              21.02966107600842
            ],
            [
              105.8535313977892,
              21.029687244470857
            ],
            [
              105.85355335138415,
              21.029702581502903
            ],
            [
              105.85354180517675,
              21.029716981441748
            ],
            [
              105.85351600156137,
              21.029698955437862
            ],
            [
              105.85349917458271,
              21.029665524053485
            ],
            [
              105.85349520701911,
              21.029592875948317
            ],
            [
              105.85351445134043,
              21.02959196043884
            ]
          ]
        ],
        "type": "Polygon"
      },
      "properties": {
        "allowed_turns": [],
        "direction": "Fwd",
        "index": 0,
        "layer": 0,
        "osm_way_ids": [
          1220054883
        ],
        "road": 216,
        "speed_limit": "None",
        "type": "Footway",
        "width": 2.0
      },
      "type": "Feature"
    },
    {
      "geometry": {
        "coordinates": [
          [
            [
              105.85355070473597,
              21.029888804943873
            ],
            [
              105.85354964973789,
              21.029730709587295
            ],
            [
              105.85356891910938,
              21.029730598071406
            ],
            [
              105.85356997410747,
              21.02988869342798
            ],
            [
              105.85355070473597,
              21.029888804943873
            ]
          ]
        ],
        "type": "Polygon"
      },
      "properties": {
        "allowed_turns": [],
        "direction": "Fwd",
        "index": 0,
        "layer": 0,
        "osm_way_ids": [
          1220054884
        ],
        "road": 217,
        "speed_limit": "None",
        "type": "Footway",
        "width": 2.0
      },
      "type": "Feature"
    },
    {
      "geometry": {
        "coordinates": [
          [
            [
              105.85355335138415,
              21.02970258060358
            ],
            [
              105.8535796097567,
              21.02960399066504
            ],
            [
              105.85359831068173,
              21.0296083307915
            ],
            [
              105.85357205230919,
              21.02970692073004
            ],
            [
              105.85355335138415,
              21.02970258060358
            ]
          ]
        ],
        "type": "Polygon"
      },
      "properties": {
        "allowed_turns": [],
        "direction": "Fwd",
        "index": 0,
        "layer": 0,
        "osm_way_ids": [
          1220054884
        ],
        "road": 218,
        "speed_limit": "None",
        "type": "Footway",
        "width": 2.0
      },
      "type": "Feature"
    },
    {
      "geometry": {
        "coordinates": [
          [
            [
              105.85358413998593,
              21.029586492562984
            ],
            [
              105.85358772216209,
              21.02957221043528
            ],
            [
              105.85360648474912,
              21.029576311342172
            ],
            [
              105.85360290257296,
              21.029590593469877
            ],
            [
              105.85358413998593,
              21.029586492562984
            ]
          ]
        ],
        "type": "Polygon"
      },
      "properties": {
        "allowed_turns": [],
        "direction": "Fwd",
        "index": 0,
        "layer": 0,
        "osm_way_ids": [
          1220054884
        ],
        "road": 219,
        "speed_limit": "None",
        "type": "Footway",
        "width": 2.0
      },
      "type": "Feature"
    },
    {
      "geometry": {
        "coordinates": [
          [
            [
              105.85359170610465,
              21.029555010908023
            ],
            [
              105.8536257088376,
              21.029398350868856
            ],
            [
              105.8536445947486,
              21.029401922974596
            ],
            [
              105.85361059201566,
              21.029558583013763
            ],
            [
              105.85359170610465,
              21.029555010908023
            ]
          ]
        ],
        "type": "Polygon"
      },
      "properties": {
        "allowed_turns": [],
        "direction": "Fwd",
        "index": 0,
        "layer": 0,
        "osm_way_ids": [
          1220054884
        ],
        "road": 220,
        "speed_limit": "None",
        "type": "Footway",
        "width": 2.0
      },
      "type": "Feature"
    },
    {
      "geometry": {
        "coordinates": [
          [
            [
              105.85340111178768,
              21.029386936678012
            ],
            [
              105.85336846369155,
              21.029368956539532
            ],
            [
              105.85335779713095,
              21.029350202085077
            ],
            [
              105.8533748177668,
              21.0293417682463
            ],
            [
              105.85338293691647,
              21.029356044078753
            ],
            [
              105.85341090255534,
              21.02937144496264
            ],
            [
              105.85340111178768,
              21.029386936678012
            ]
          ]
        ],
        "type": "Polygon"
      },
      "properties": {
        "allowed_turns": [],
        "direction": "Fwd",
        "index": 0,
        "layer": 0,
        "osm_way_ids": [
          1220054891
        ],
        "road": 222,
        "speed_limit": "None",
        "type": "Footway",
        "width": 2.0
      },
      "type": "Feature"
    },
    {
      "geometry": {
        "coordinates": [
          [
            [
              105.85341898027588,
              21.02937170216864
            ],
            [
              105.85349988369558,
              21.029364650587294
            ],
            [
              105.85362316142668,
              21.029379893190562
            ],
            [
              105.8536206313582,
              21.02939772314232
            ],
            [
              105.85349951565058,
              21.029382748536918
            ],
            [
              105.85342077232742,
              21.029389611260708
            ],
            [
              105.85341898027588,
              21.02937170216864
            ]
          ]
        ],
        "type": "Polygon"
      },
      "properties": {
        "allowed_turns": [],
        "direction": "Fwd",
        "index": 0,
        "layer": 0,
        "osm_way_ids": [
          1220054892
        ],
        "road": 223,
        "speed_limit": "None",
        "type": "Footway",
        "width": 2.0
      },
      "type": "Feature"
    },
    {
      "geometry": {
        "coordinates": [
          [
            [
              105.85361059297912,
              21.029558583013763
            ],
            [
              105.8537403037899,
              21.029568735456284
            ],
            [
              105.85373869287044,
              21.029586658937497
            ],
            [
              105.85360898205967,
              21.029576506494976
            ],
            [
              105.85361059297912,
              21.029558583013763
            ]
          ]
        ],
        "type": "Polygon"
      },
      "properties": {
        "allowed_turns": [],
        "direction": "Fwd",
        "index": 0,
        "layer": 0,
        "osm_way_ids": [
          1220054893
        ],
        "road": 224,
        "speed_limit": "None",
        "type": "Footway",
        "width": 2.0
      },
      "type": "Feature"
    },
    {
      "geometry": {
        "coordinates": [
          [
            [
              105.85341328521312,
              21.02925864574145
            ],
            [
              105.85352508032575,
              21.02930352639022
            ],
            [
              105.85357328554896,
              21.029306460876885
            ],
            [
              105.85357203111288,
              21.029324409539107
            ],
            [
              105.85352051926552,
              21.029321273604385
            ],
            [
              105.85340567188445,
              21.029275168079476
            ],
            [
              105.85341328521312,
              21.02925864574145
            ]
          ]
        ],
        "type": "Polygon"
      },
      "properties": {
        "allowed_turns": [],
        "direction": "Fwd",
        "index": 0,
        "layer": 0,
        "osm_way_ids": [
          1220054897
        ],
        "road": 225,
        "speed_limit": "None",
        "type": "Footway",
        "width": 2.0
      },
      "type": "Feature"
    },
    {
      "geometry": {
        "coordinates": [
          [
            [
              105.85364342509774,
              21.02937973221198
            ],
            [
              105.85367296311732,
              21.02937200524005
            ],
            [
              105.85370263409555,
              21.029374269732056
            ],
            [
              105.8537364007787,
              21.029389178686976
            ],
            [
              105.85372816119545,
              21.02940543842307
            ],
            [
              105.85369756625084,
              21.029391930611336
            ],
            [
              105.85367483610023,
              21.02939019492048
            ],
            [
              105.85364862590112,
              21.029397051349022
            ],
            [
              105.85364342509774,
              21.02937973221198
            ]
          ]
        ],
        "type": "Polygon"
      },
      "properties": {
        "allowed_turns": [],
        "direction": "Fwd",
        "index": 0,
        "layer": 0,
        "osm_way_ids": [
          1220054898
        ],
        "road": 226,
        "speed_limit": "None",
        "type": "Footway",
        "width": 2.0
      },
      "type": "Feature"
    },
    {
      "geometry": {
        "coordinates": [
          [
            [
              105.85362316142668,
              21.02937989408988
            ],
            [
              105.85361097933001,
              21.02934594739418
            ],
            [
              105.85361335813393,
              21.02932706163876
            ],
            [
              105.85363249647371,
              21.029329162454218
            ],
            [
              105.85363062060038,
              21.029344053422708
            ],
            [
              105.85364143264474,
              21.02937418159853
            ],
            [
              105.85362316142668,
              21.02937989408988
            ]
          ]
        ],
        "type": "Polygon"
      },
      "properties": {
        "allowed_turns": [],
        "direction": "Fwd",
        "index": 0,
        "layer": 0,
        "osm_way_ids": [
          1220054900
        ],
        "road": 227,
        "speed_limit": "None",
        "type": "Footway",
        "width": 2.0
      },
      "type": "Feature"
    },
    {
      "geometry": {
        "coordinates": [
          [
            [
              105.85364815187458,
              21.02917178025974
            ],
            [
              105.85367155259932,
              21.02920818210365
            ],
            [
              105.85367427247111,
              21.029291398137953
            ],
            [
              105.8536332788102,
              21.029323360930018
            ],
            [
              105.85362092521612,
              21.02930955634213
            ],
            [
              105.8536547275476,
              21.0292832017201
            ],
            [
              105.85365244701748,
              21.02921341795451
            ],
            [
              105.85363162838851,
              21.029181034279894
            ],
            [
              105.85364815187458,
              21.02917178025974
            ]
          ]
        ],
        "type": "Polygon"
      },
      "properties": {
        "allowed_turns": [],
        "direction": "Fwd",
        "index": 0,
        "layer": 0,
        "osm_way_ids": [
          1220054902,
          1220054902
        ],
        "road": 228,
        "speed_limit": "None",
        "type": "Footway",
        "width": 2.0
      },
      "type": "Feature"
    },
    {
      "geometry": {
        "coordinates": [
          [
            [
              105.8536133590974,
              21.02932706163876
            ],
            [
              105.85360259618994,
              21.029326302611256
            ],
            [
              105.85360404717362,
              21.02930836653954
            ],
            [
              105.85361481008107,
              21.029309125567043
            ],
            [
              105.8536133590974,
              21.02932706163876
            ]
          ]
        ],
        "type": "Polygon"
      },
      "properties": {
        "allowed_turns": [],
        "direction": "Fwd",
        "index": 0,
        "layer": 0,
        "osm_way_ids": [
          1220054902
        ],
        "road": 229,
        "speed_limit": "None",
        "type": "Footway",
        "width": 2.0
      },
      "type": "Feature"
    },
    {
      "geometry": {
        "coordinates": [
          [
            [
              105.85357328554896,
              21.029306460876885
            ],
            [
              105.85355636896772,
              21.02929200248213
            ],
            [
              105.85354847237929,
              21.02926580164411
            ],
            [
              105.8535585647126,
              21.029200517184915
            ],
            [
              105.85356737948659,
              21.029182690830442
            ],
            [
              105.85358487607591,
              21.02919022894482
            ],
            [
              105.85357723480665,
              21.029205682888684
            ],
            [
              105.85356812713822,
              21.029264598351695
            ],
            [
              105.85357343006925,
              21.0292821980771
            ],
            [
              105.85358629815553,
              21.029293195882005
            ],
            [
              105.85357328554896,
              21.029306460876885
            ]
          ]
        ],
        "type": "Polygon"
      },
      "properties": {
        "allowed_turns": [],
        "direction": "Fwd",
        "index": 0,
        "layer": 0,
        "osm_way_ids": [
          1220054902
        ],
        "road": 230,
        "speed_limit": "None",
        "type": "Footway",
        "width": 2.0
      },
      "type": "Feature"
    },
    {
      "geometry": {
        "coordinates": [
          [
            [
              105.85359664484456,
              21.02916412973015
            ],
            [
              105.85361448828257,
              21.029160330096026
            ],
            [
              105.85361877379079,
              21.029177866868913
            ],
            [
              105.85360093035278,
              21.02918166650304
            ],
            [
              105.85359664484456,
              21.02916412973015
            ]
          ]
        ],
        "type": "Polygon"
      },
      "properties": {
        "allowed_turns": [],
        "direction": "Fwd",
        "index": 0,
        "layer": 0,
        "osm_way_ids": [
          1220054902
        ],
        "road": 231,
        "speed_limit": "None",
        "type": "Footway",
        "width": 2.0
      },
      "type": "Feature"
    },
    {
      "geometry": {
        "coordinates": [
          [
            [
              105.85362199948358,
              21.029160132245256
            ],
            [
              105.8536321592597,
              21.029161742930395
            ],
            [
              105.85362893356691,
              21.029179475755413
            ],
            [
              105.85361877379079,
              21.02917786507027
            ],
            [
              105.85362199948358,
              21.029160132245256
            ]
          ]
        ],
        "type": "Polygon"
      },
      "properties": {
        "allowed_turns": [],
        "direction": "Fwd",
        "index": 0,
        "layer": 0,
        "osm_way_ids": [
          1220054902
        ],
        "road": 232,
        "speed_limit": "None",
        "type": "Footway",
        "width": 2.0
      },
      "type": "Feature"
    },
    {
      "geometry": {
        "coordinates": [
          [
            [
              105.8536321592597,
              21.029161742930395
            ],
            [
              105.85370894192431,
              21.02905101304841
            ],
            [
              105.85372511856168,
              21.0290607868765
            ],
            [
              105.85364833589708,
              21.029171516758485
            ],
            [
              105.8536321592597,
              21.029161742930395
            ]
          ]
        ],
        "type": "Polygon"
      },
      "properties": {
        "allowed_turns": [],
        "direction": "Fwd",
        "index": 0,
        "layer": 0,
        "osm_way_ids": [
          1220054905
        ],
        "road": 234,
        "speed_limit": "None",
        "type": "Footway",
        "width": 2.0
      },
      "type": "Feature"
    },
    {
      "geometry": {
        "coordinates": [
          [
            [
              105.85357053195577,
              21.029178155551175
            ],
            [
              105.85352180453259,
              21.029170258607447
            ],
            [
              105.85348679401152,
              21.029155125721424
            ],
            [
              105.85349489100142,
              21.029138804831458
            ],
            [
              105.85352759497873,
              21.02915294126905
            ],
            [
              105.85357382894524,
              21.02916043351802
            ],
            [
              105.85357053195577,
              21.029178155551175
            ]
          ]
        ],
        "type": "Polygon"
      },
      "properties": {
        "allowed_turns": [],
        "direction": "Fwd",
        "index": 0,
        "layer": 0,
        "osm_way_ids": [
          1220054906
        ],
        "road": 235,
        "speed_limit": "None",
        "type": "Footway",
        "width": 2.0
      },
      "type": "Feature"
    },
    {
      "geometry": {
        "coordinates": [
          [
            [
              105.85361194954288,
              21.029175512444738
            ],
            [
              105.85356249084705,
              21.02914760469416
            ],
            [
              105.85351576743851,
              21.029099106973565
            ],
            [
              105.85353009614315,
              21.02908707944533
            ],
            [
              105.85357490995698,
              21.029133595060927
            ],
            [
              105.85362191758875,
              21.02916011965475
            ],
            [
              105.85361194954288,
              21.029175512444738
            ]
          ]
        ],
        "type": "Polygon"
      },
      "properties": {
        "allowed_turns": [],
        "direction": "Fwd",
        "index": 0,
        "layer": 0,
        "osm_way_ids": [
          1220054907
        ],
        "road": 236,
        "speed_limit": "None",
        "type": "Footway",
        "width": 2.0
      },
      "type": "Feature"
    },
    {
      "geometry": {
        "coordinates": [
          [
            [
              105.85360474279793,
              21.028388289407715
            ],
            [
              105.85353728554566,
              21.02839706408941
            ],
            [
              105.8535346263724,
              21.028379250325443
            ],
            [
              105.85360208362466,
              21.028370475643747
            ],
            [
              105.85360474279793,
              21.028388289407715
            ]
          ]
        ],
        "type": "Polygon"
      },
      "properties": {
        "allowed_turns": [],
        "direction": "Fwd",
        "index": 0,
        "layer": 0,
        "osm_way_ids": [
          1220054911
        ],
        "road": 237,
        "speed_limit": "None",
        "type": "Footway",
        "width": 2.0
      },
      "type": "Feature"
    },
    {
      "geometry": {
        "coordinates": [
          [
            [
              105.85355897033287,
              21.02809362395913
            ],
            [
              105.8534937415834,
              21.028102237662242
            ],
            [
              105.85349104194447,
              21.028084429294207
            ],
            [
              105.85355627069393,
              21.02807581559109
            ],
            [
              105.85355897033287,
              21.02809362395913
            ]
          ]
        ],
        "type": "Polygon"
      },
      "properties": {
        "allowed_turns": [],
        "direction": "Fwd",
        "index": 0,
        "layer": 0,
        "osm_way_ids": [
          1220085068
        ],
        "road": 238,
        "speed_limit": "None",
        "type": "Footway",
        "width": 2.0
      },
      "type": "Feature"
    },
    {
      "geometry": {
        "coordinates": [
          [
            [
              105.85353818060797,
              21.02796050366511
            ],
            [
              105.85347414848647,
              21.02796851662134
            ],
            [
              105.853471587587,
              21.027950690266866
            ],
            [
              105.8535356197085,
              21.02794267731064
            ],
            [
              105.85353818060797,
              21.02796050366511
            ]
          ]
        ],
        "type": "Polygon"
      },
      "properties": {
        "allowed_turns": [],
        "direction": "Fwd",
        "index": 0,
        "layer": 0,
        "osm_way_ids": [
          1220085071
        ],
        "road": 239,
        "speed_limit": "None",
        "type": "Footway",
        "width": 2.0
      },
      "type": "Feature"
    },
    {
      "geometry": {
        "coordinates": [
          [
            [
              105.85348773821072,
              21.027643446905174
            ],
            [
              105.85342934045346,
              21.027651914918174
            ],
            [
              105.85342638260494,
              21.027634142523002
            ],
            [
              105.8534847803622,
              21.027625674510002
            ],
            [
              105.85348773821072,
              21.027643446905174
            ]
          ]
        ],
        "type": "Polygon"
      },
      "properties": {
        "allowed_turns": [],
        "direction": "Fwd",
        "index": 0,
        "layer": 0,
        "osm_way_ids": [
          1220085072
        ],
        "road": 240,
        "speed_limit": "None",
        "type": "Footway",
        "width": 2.0
      },
      "type": "Feature"
    },
    {
      "geometry": {
        "coordinates": [
          [
            [
              105.85121834482705,
              21.03028947433898
            ],
            [
              105.85130336611145,
              21.030304775398157
            ],
            [
              105.85131259324999,
              21.030299084490522
            ],
            [
              105.8513232164545,
              21.030314090572187
            ],
            [
              105.85130743387577,
              21.030323824830123
            ],
            [
              105.85121469713502,
              21.030307135218262
            ],
            [
              105.85121834482705,
              21.03028947433898
            ]
          ]
        ],
        "type": "Polygon"
      },
      "properties": {
        "allowed_turns": [],
        "direction": "Fwd",
        "index": 0,
        "layer": 0,
        "osm_way_ids": [
          1220085079
        ],
        "road": 241,
        "speed_limit": "None",
        "type": "Footway",
        "width": 2.0
      },
      "type": "Feature"
    },
    {
      "geometry": {
        "coordinates": [
          [
            [
              105.85126283587891,
              21.03012032452023
            ],
            [
              105.85135472765771,
              21.030133875499406
            ],
            [
              105.85135172163575,
              21.0301516407
            ],
            [
              105.85125982985696,
              21.03013808972083
            ],
            [
              105.85126283587891,
              21.03012032452023
            ]
          ]
        ],
        "type": "Polygon"
      },
      "properties": {
        "allowed_turns": [],
        "direction": "Fwd",
        "index": 0,
        "layer": 0,
        "osm_way_ids": [
          1220085080
        ],
        "road": 242,
        "speed_limit": "None",
        "type": "Footway",
        "width": 2.0
      },
      "type": "Feature"
    },
    {
      "geometry": {
        "coordinates": [
          [
            [
              105.85133376547192,
              21.029820607581733
            ],
            [
              105.85139741316945,
              21.029830261800036
            ],
            [
              105.85139432236227,
              21.029848016208774
            ],
            [
              105.85133067466474,
              21.029838361990468
            ],
            [
              105.85133376547192,
              21.029820607581733
            ]
          ]
        ],
        "type": "Polygon"
      },
      "properties": {
        "allowed_turns": [],
        "direction": "Fwd",
        "index": 0,
        "layer": 0,
        "osm_way_ids": [
          1220085082
        ],
        "road": 243,
        "speed_limit": "None",
        "type": "Footway",
        "width": 2.0
      },
      "type": "Feature"
    },
    {
      "geometry": {
        "coordinates": [
          [
            [
              105.85138941830722,
              21.0295825868089
            ],
            [
              105.85143576210915,
              21.02959234984513
            ],
            [
              105.85143151899354,
              21.029609895611237
            ],
            [
              105.85138517519162,
              21.029600132575005
            ],
            [
              105.85138941830722,
              21.0295825868089
            ]
          ]
        ],
        "type": "Polygon"
      },
      "properties": {
        "allowed_turns": [],
        "direction": "Fwd",
        "index": 0,
        "layer": 0,
        "osm_way_ids": [
          1220085084
        ],
        "road": 244,
        "speed_limit": "None",
        "type": "Footway",
        "width": 2.0
      },
      "type": "Feature"
    },
    {
      "geometry": {
        "coordinates": [
          [
            [
              105.85145495054928,
              21.029482191931734
            ],
            [
              105.85141368808063,
              21.02947236144638
            ],
            [
              105.85141845339619,
              21.029454934390735
            ],
            [
              105.85145971586486,
              21.029464764876092
            ],
            [
              105.85145495054928,
              21.029482191931734
            ]
          ]
        ],
        "type": "Polygon"
      },
      "properties": {
        "allowed_turns": [],
        "direction": "Fwd",
        "index": 0,
        "layer": 0,
        "osm_way_ids": [
          1220085086
        ],
        "road": 245,
        "speed_limit": "None",
        "type": "Footway",
        "width": 2.0
      },
      "type": "Feature"
    },
    {
      "geometry": {
        "coordinates": [
          [
            [
              105.85146961454099,
              21.029181556785794
            ],
            [
              105.85150750101577,
              21.029187016567754
            ],
            [
              105.85150456050968,
              21.02920479256021
            ],
            [
              105.85146667403491,
              21.02919933277825
            ],
            [
              105.85146961454099,
              21.029181556785794
            ]
          ]
        ],
        "type": "Polygon"
      },
      "properties": {
        "allowed_turns": [],
        "direction": "Fwd",
        "index": 0,
        "layer": 0,
        "osm_way_ids": [
          1220183633
        ],
        "road": 246,
        "speed_limit": "None",
        "type": "Footway",
        "width": 2.0
      },
      "type": "Feature"
    },
    {
      "geometry": {
        "coordinates": [
          [
            [
              105.85147942361456,
              21.028927245699933
            ],
            [
              105.8515074509154,
              21.028927144975903
            ],
            [
              105.85150752606596,
              21.028945131409635
            ],
            [
              105.8514794987651,
              21.028945232133665
            ],
            [
              105.85147942361456,
              21.028927245699933
            ]
          ]
        ],
        "type": "Polygon"
      },
      "properties": {
        "allowed_turns": [],
        "direction": "Fwd",
        "index": 0,
        "layer": 0,
        "osm_way_ids": [
          1220183635
        ],
        "road": 247,
        "speed_limit": "None",
        "type": "Footway",
        "width": 2.0
      },
      "type": "Feature"
    },
    {
      "geometry": {
        "coordinates": [
          [
            [
              105.85145814830149,
              21.02871979287123
            ],
            [
              105.85148704561445,
              21.0287184025199
            ],
            [
              105.85148803798708,
              21.02873636557127
            ],
            [
              105.85145914067412,
              21.028737755922595
            ],
            [
              105.85145814830149,
              21.02871979287123
            ]
          ]
        ],
        "type": "Polygon"
      },
      "properties": {
        "allowed_turns": [],
        "direction": "Fwd",
        "index": 0,
        "layer": 0,
        "osm_way_ids": [
          1220183637
        ],
        "road": 248,
        "speed_limit": "None",
        "type": "Footway",
        "width": 2.0
      },
      "type": "Feature"
    },
    {
      "geometry": {
        "coordinates": [
          [
            [
              105.85141966543966,
              21.028523041970594
            ],
            [
              105.85146662586148,
              21.028519638937333
            ],
            [
              105.85146811731083,
              21.028537571411764
            ],
            [
              105.85142115688902,
              21.028540974445026
            ],
            [
              105.85141966543966,
              21.028523041970594
            ]
          ]
        ],
        "type": "Polygon"
      },
      "properties": {
        "allowed_turns": [],
        "direction": "Fwd",
        "index": 0,
        "layer": 0,
        "osm_way_ids": [
          1220183639
        ],
        "road": 249,
        "speed_limit": "None",
        "type": "Footway",
        "width": 2.0
      },
      "type": "Feature"
    },
    {
      "geometry": {
        "coordinates": [
          [
            [
              105.8531957185934,
              21.026164192233008
            ],
            [
              105.85324219824439,
              21.026172193498056
            ],
            [
              105.8532387027804,
              21.026189881356988
            ],
            [
              105.85319222312941,
              21.02618188009194
            ],
            [
              105.8531957185934,
              21.026164192233008
            ]
          ]
        ],
        "type": "Polygon"
      },
      "properties": {
        "allowed_turns": [],
        "direction": "Fwd",
        "index": 0,
        "layer": 0,
        "osm_way_ids": [
          1220267657
        ],
        "road": 250,
        "speed_limit": "None",
        "type": "Footway",
        "width": 2.0
      },
      "type": "Feature"
    },
    {
      "geometry": {
        "coordinates": [
          [
            [
              105.85265018245342,
              21.025936519055502
            ],
            [
              105.85256149035375,
              21.025895472215083
            ],
            [
              105.85257004980858,
              21.025879358169103
            ],
            [
              105.85265874190824,
              21.025920405009522
            ],
            [
              105.85265018245342,
              21.025936519055502
            ]
          ]
        ],
        "type": "Polygon"
      },
      "properties": {
        "allowed_turns": [],
        "direction": "Fwd",
        "index": 0,
        "layer": 0,
        "osm_way_ids": [
          1220267659
        ],
        "road": 251,
        "speed_limit": "None",
        "type": "Footway",
        "width": 2.0
      },
      "type": "Feature"
    },
    {
      "geometry": {
        "coordinates": [
          [
            [
              105.85255030159318,
              21.02588071164824
            ],
            [
              105.85253049364276,
              21.025793966675636
            ],
            [
              105.85254933908809,
              21.025790216504202
            ],
            [
              105.85256914703852,
              21.025876961476808
            ],
            [
              105.85255030159318,
              21.02588071164824
            ]
          ]
        ],
        "type": "Polygon"
      },
      "properties": {
        "allowed_turns": [],
        "direction": "Fwd",
        "index": 0,
        "layer": 0,
        "osm_way_ids": [
          1220267660
        ],
        "road": 252,
        "speed_limit": "None",
        "type": "Footway",
        "width": 2.0
      },
      "type": "Feature"
    },
    {
      "geometry": {
        "coordinates": [
          [
            [
              105.85255976478153,
              21.025896379630666
            ],
            [
              105.85244351266329,
              21.025957560485004
            ],
            [
              105.85243404947494,
              21.02594189250258
            ],
            [
              105.85255030159318,
              21.02588071164824
            ],
            [
              105.85255976478153,
              21.025896379630666
            ]
          ]
        ],
        "type": "Polygon"
      },
      "properties": {
        "allowed_turns": [],
        "direction": "Fwd",
        "index": 0,
        "layer": 0,
        "osm_way_ids": [
          1220267661
        ],
        "road": 253,
        "speed_limit": "None",
        "type": "Footway",
        "width": 2.0
      },
      "type": "Feature"
    },
    {
      "geometry": {
        "coordinates": [
          [
            [
              105.85244578644911,
              21.025963749616853
            ],
            [
              105.8524586304487,
              21.025998712546063
            ],
            [
              105.85244040355019,
              21.026004547345167
            ],
            [
              105.85242755955062,
              21.025969584415954
            ],
            [
              105.85244578644911,
              21.025963749616853
            ]
          ]
        ],
        "type": "Polygon"
      },
      "properties": {
        "allowed_turns": [],
        "direction": "Fwd",
        "index": 0,
        "layer": 0,
        "osm_way_ids": [
          1220267665
        ],
        "road": 255,
        "speed_limit": "None",
        "type": "Footway",
        "width": 2.0
      },
      "type": "Feature"
    },
    {
      "geometry": {
        "coordinates": [
          [
            [
              105.85236622128726,
              21.026099697378253
            ],
            [
              105.85232159438634,
              21.02606752234627
            ],
            [
              105.85233337375313,
              21.026053287882615
            ],
            [
              105.85237800065406,
              21.026085462914597
            ],
            [
              105.85236622128726,
              21.026099697378253
            ]
          ]
        ],
        "type": "Polygon"
      },
      "properties": {
        "allowed_turns": [],
        "direction": "Fwd",
        "index": 0,
        "layer": 0,
        "osm_way_ids": [
          1220267666
        ],
        "road": 256,
        "speed_limit": "None",
        "type": "Footway",
        "width": 2.0
      },
      "type": "Feature"
    },
    {
      "geometry": {
        "coordinates": [
          [
            [
              105.85239036291934,
              21.025977808712778
            ],
            [
              105.85225557944652,
              21.026025886450146
            ],
            [
              105.8522487002809,
              21.026009085322396
            ],
            [
              105.85238348375371,
              21.02596100758503
            ],
            [
              105.85239036291934,
              21.025977808712778
            ]
          ]
        ],
        "type": "Polygon"
      },
      "properties": {
        "allowed_turns": [],
        "direction": "Fwd",
        "index": 0,
        "layer": 0,
        "osm_way_ids": [
          1220267667
        ],
        "road": 257,
        "speed_limit": "None",
        "type": "Footway",
        "width": 2.0
      },
      "type": "Feature"
    },
    {
      "geometry": {
        "coordinates": [
          [
            [
              105.85222476868496,
              21.026037851025865
            ],
            [
              105.85210077991404,
              21.02608995322778
            ],
            [
              105.85209286983705,
              21.02607355139886
            ],
            [
              105.85221685860796,
              21.026021449196943
            ],
            [
              105.85222476868496,
              21.026037851025865
            ]
          ]
        ],
        "type": "Polygon"
      },
      "properties": {
        "allowed_turns": [],
        "direction": "Fwd",
        "index": 0,
        "layer": 0,
        "osm_way_ids": [
          1220267667
        ],
        "road": 258,
        "speed_limit": "None",
        "type": "Footway",
        "width": 2.0
      },
      "type": "Feature"
    },
    {
      "geometry": {
        "coordinates": [
          [
            [
              105.852083183124,
              21.026097751246123
            ],
            [
              105.85207137099927,
              21.026103638205885
            ],
            [
              105.8520622951253,
              21.026087772372687
            ],
            [
              105.85207410725002,
              21.02608188541293
            ],
            [
              105.852083183124,
              21.026097751246123
            ]
          ]
        ],
        "type": "Polygon"
      },
      "properties": {
        "allowed_turns": [],
        "direction": "Fwd",
        "index": 0,
        "layer": 0,
        "osm_way_ids": [
          1220267667
        ],
        "road": 259,
        "speed_limit": "None",
        "type": "Footway",
        "width": 2.0
      },
      "type": "Feature"
    },
    {
      "geometry": {
        "coordinates": [
          [
            [
              105.852054577742,
              21.026114097317098
            ],
            [
              105.85195863650478,
              21.026200821605304
            ],
            [
              105.85194523080303,
              21.02618790015131
            ],
            [
              105.85204117204024,
              21.026101175863108
            ],
            [
              105.852054577742,
              21.026114097317098
            ]
          ]
        ],
        "type": "Polygon"
      },
      "properties": {
        "allowed_turns": [],
        "direction": "Fwd",
        "index": 0,
        "layer": 0,
        "osm_way_ids": [
          1220267667
        ],
        "road": 260,
        "speed_limit": "None",
        "type": "Footway",
        "width": 2.0
      },
      "type": "Feature"
    },
    {
      "geometry": {
        "coordinates": [
          [
            [
              105.852410960914,
              21.02595120677729
            ],
            [
              105.85227452605604,
              21.025866007738664
            ],
            [
              105.8522487002809,
              21.026009085322396
            ],
            [
              105.85222969875366,
              21.026006097775753
            ],
            [
              105.85226047483035,
              21.025835592679222
            ],
            [
              105.85242167468456,
              21.02593625645357
            ],
            [
              105.852410960914,
              21.02595120677729
            ]
          ]
        ],
        "type": "Polygon"
      },
      "properties": {
        "allowed_turns": [],
        "direction": "Fwd",
        "index": 0,
        "layer": 0,
        "osm_way_ids": [
          1220267668,
          1220267663
        ],
        "road": 261,
        "speed_limit": "None",
        "type": "Footway",
        "width": 2.0
      },
      "type": "Feature"
    },
    {
      "geometry": {
        "coordinates": [
          [
            [
              105.85224389449964,
              21.026040027384347
            ],
            [
              105.85223430316998,
              21.026113448006843
            ],
            [
              105.85221517639182,
              21.02611127164836
            ],
            [
              105.8522247677215,
              21.026037851025865
            ],
            [
              105.85224389449964,
              21.026040027384347
            ]
          ]
        ],
        "type": "Polygon"
      },
      "properties": {
        "allowed_turns": [],
        "direction": "Fwd",
        "index": 0,
        "layer": 0,
        "osm_way_ids": [
          1220267671
        ],
        "road": 262,
        "speed_limit": "None",
        "type": "Footway",
        "width": 2.0
      },
      "type": "Feature"
    },
    {
      "geometry": {
        "coordinates": [
          [
            [
              105.85215578240805,
              21.02619472510359
            ],
            [
              105.85219025242326,
              21.02620973478254
            ],
            [
              105.85218210533299,
              21.02622603408879
            ],
            [
              105.85214763531778,
              21.02621102440984
            ],
            [
              105.85215578240805,
              21.02619472510359
            ]
          ]
        ],
        "type": "Polygon"
      },
      "properties": {
        "allowed_turns": [],
        "direction": "Fwd",
        "index": 0,
        "layer": 0,
        "osm_way_ids": [
          1220267672
        ],
        "road": 263,
        "speed_limit": "None",
        "type": "Footway",
        "width": 2.0
      },
      "type": "Feature"
    },
    {
      "geometry": {
        "coordinates": [
          [
            [
              105.85212395711409,
              21.02618717439871
            ],
            [
              105.85210842600065,
              21.026141826102663
            ],
            [
              105.85207982832641,
              21.02613313775585
            ],
            [
              105.85205926212622,
              21.026117629852685
            ],
            [
              105.85207137099927,
              21.026103638205885
            ],
            [
              105.85208917204466,
              21.02611706148138
            ],
            [
              105.85212377405506,
              21.026127573652573
            ],
            [
              105.85214231119043,
              21.02618169752964
            ],
            [
              105.85212395711409,
              21.02618717439871
            ]
          ]
        ],
        "type": "Polygon"
      },
      "properties": {
        "allowed_turns": [],
        "direction": "Fwd",
        "index": 0,
        "layer": 0,
        "osm_way_ids": [
          1220267674
        ],
        "road": 264,
        "speed_limit": "None",
        "type": "Footway",
        "width": 2.0
      },
      "type": "Feature"
    },
    {
      "geometry": {
        "coordinates": [
          [
            [
              105.85208298561294,
              21.025921707227326
            ],
            [
              105.85209287080052,
              21.02607355139886
            ],
            [
              105.85207363611389,
              21.026074643175384
            ],
            [
              105.8520637509263,
              21.02592279900385
            ],
            [
              105.85208298561294,
              21.025921707227326
            ]
          ]
        ],
        "type": "Polygon"
      },
      "properties": {
        "allowed_turns": [],
        "direction": "Fwd",
        "index": 0,
        "layer": 0,
        "osm_way_ids": [
          1220267678
        ],
        "road": 265,
        "speed_limit": "None",
        "type": "Footway",
        "width": 2.0
      },
      "type": "Feature"
    },
    {
      "geometry": {
        "coordinates": [
          [
            [
              105.8528123216895,
              21.025922762131664
            ],
            [
              105.85282246701358,
              21.025788313539515
            ],
            [
              105.85284168821165,
              21.025789577985805
            ],
            [
              105.85283154288756,
              21.025924026577954
            ],
            [
              105.8528123216895,
              21.025922762131664
            ]
          ]
        ],
        "type": "Polygon"
      },
      "properties": {
        "allowed_turns": [],
        "direction": "Fwd",
        "index": 0,
        "layer": 0,
        "osm_way_ids": [
          1220267681
        ],
        "road": 266,
        "speed_limit": "None",
        "type": "Footway",
        "width": 2.0
      },
      "type": "Feature"
    },
    {
      "geometry": {
        "coordinates": [
          [
            [
              105.85282139274612,
              21.025776684410783
            ],
            [
              105.85280149133924,
              21.02571349267315
            ],
            [
              105.85281997837426,
              21.02570842049884
            ],
            [
              105.85283987978114,
              21.025771612236472
            ],
            [
              105.85282139274612,
              21.025776684410783
            ]
          ]
        ],
        "type": "Polygon"
      },
      "properties": {
        "allowed_turns": [],
        "direction": "Fwd",
        "index": 0,
        "layer": 0,
        "osm_way_ids": [
          1220267681
        ],
        "road": 267,
        "speed_limit": "None",
        "type": "Footway",
        "width": 2.0
      },
      "type": "Feature"
    },
    {
      "geometry": {
        "coordinates": [
          [
            [
              105.85284142229433,
              21.025771593350715
            ],
            [
              105.8529018587511,
              21.0257708172361
            ],
            [
              105.85290212466843,
              21.02578880187119
            ],
            [
              105.85284168821165,
              21.025789577985805
            ],
            [
              105.85284142229433,
              21.025771593350715
            ]
          ]
        ],
        "type": "Polygon"
      },
      "properties": {
        "allowed_turns": [],
        "direction": "Fwd",
        "index": 0,
        "layer": 0,
        "osm_way_ids": [
          1220267682
        ],
        "road": 268,
        "speed_limit": "None",
        "type": "Footway",
        "width": 2.0
      },
      "type": "Feature"
    },
    {
      "geometry": {
        "coordinates": [
          [
            [
              105.85204115277088,
              21.026100406943065
            ],
            [
              105.85194519033735,
              21.02596764008247
            ],
            [
              105.85196116464631,
              21.02595758027008
            ],
            [
              105.85205712707985,
              21.026090347130676
            ],
            [
              105.85204115277088,
              21.026100406943065
            ]
          ]
        ],
        "type": "Polygon"
      },
      "properties": {
        "allowed_turns": [],
        "direction": "Fwd",
        "index": 0,
        "layer": 0,
        "osm_way_ids": [
          1220267685
        ],
        "road": 269,
        "speed_limit": "None",
        "type": "Footway",
        "width": 2.0
      },
      "type": "Feature"
    },
    {
      "geometry": {
        "coordinates": [
          [
            [
              105.85177500710213,
              21.02612313010412
            ],
            [
              105.85193172201014,
              21.026185914449027
            ],
            [
              105.85192412217002,
              21.026202442182985
            ],
            [
              105.85176740726202,
              21.026139657838076
            ],
            [
              105.85177500710213,
              21.02612313010412
            ]
          ]
        ],
        "type": "Polygon"
      },
      "properties": {
        "allowed_turns": [],
        "direction": "Fwd",
        "index": 0,
        "layer": 0,
        "osm_way_ids": [
          1220299335
        ],
        "road": 270,
        "speed_limit": "None",
        "type": "Footway",
        "width": 2.0
      },
      "type": "Feature"
    },
    {
      "geometry": {
        "coordinates": [
          [
            [
              105.85195863650478,
              21.026200821605304
            ],
            [
              105.85201721057679,
              21.026252509219923
            ],
            [
              105.85200397251857,
              21.026265579961315
            ],
            [
              105.85194539844656,
              21.0262138923467
            ],
            [
              105.85195863650478,
              21.026200821605304
            ]
          ]
        ],
        "type": "Polygon"
      },
      "properties": {
        "allowed_turns": [],
        "direction": "Fwd",
        "index": 0,
        "layer": 0,
        "osm_way_ids": [
          1220299335
        ],
        "road": 271,
        "speed_limit": "None",
        "type": "Footway",
        "width": 2.0
      },
      "type": "Feature"
    },
    {
      "geometry": {
        "coordinates": [
          [
            [
              105.8520341984547,
              21.0262677275415
            ],
            [
              105.85207961443639,
              21.026308974031338
            ],
            [
              105.8520661759767,
              21.026321864908393
            ],
            [
              105.85202075999501,
              21.026280618418557
            ],
            [
              105.8520341984547,
              21.0262677275415
            ]
          ]
        ],
        "type": "Polygon"
      },
      "properties": {
        "allowed_turns": [],
        "direction": "Fwd",
        "index": 0,
        "layer": 0,
        "osm_way_ids": [
          1220299335
        ],
        "road": 272,
        "speed_limit": "None",
        "type": "Footway",
        "width": 2.0
      },
      "type": "Feature"
    },
    {
      "geometry": {
        "coordinates": [
          [
            [
              105.8520239432952,
              21.026252499327384
            ],
            [
              105.85212584840289,
              21.02619269803251
            ],
            [
              105.85213610356242,
              21.026207925347308
            ],
            [
              105.8520341984547,
              21.026267726642182
            ],
            [
              105.8520239432952,
              21.026252499327384
            ]
          ]
        ],
        "type": "Polygon"
      },
      "properties": {
        "allowed_turns": [],
        "direction": "Fwd",
        "index": 0,
        "layer": 0,
        "osm_way_ids": [
          1220299339
        ],
        "road": 273,
        "speed_limit": "None",
        "type": "Footway",
        "width": 2.0
      },
      "type": "Feature"
    },
    {
      "geometry": {
        "coordinates": [
          [
            [
              105.85214407433793,
              21.0261804393786
            ],
            [
              105.85221252685325,
              21.026131555849002
            ],
            [
              105.85222423492337,
              21.026145840674673
            ],
            [
              105.85215578240805,
              21.02619472420427
            ],
            [
              105.85214407433793,
              21.0261804393786
            ]
          ]
        ],
        "type": "Polygon"
      },
      "properties": {
        "allowed_turns": [],
        "direction": "Fwd",
        "index": 0,
        "layer": 0,
        "osm_way_ids": [
          1220299339
        ],
        "road": 274,
        "speed_limit": "None",
        "type": "Footway",
        "width": 2.0
      },
      "type": "Feature"
    },
    {
      "geometry": {
        "coordinates": [
          [
            [
              105.85223430316998,
              21.026113448006843
            ],
            [
              105.85230613745999,
              21.02605242633244
            ],
            [
              105.85231910767395,
              21.02606572909883
            ],
            [
              105.85224727338394,
              21.02612675077323
            ],
            [
              105.85223430316998,
              21.026113448006843
            ]
          ]
        ],
        "type": "Polygon"
      },
      "properties": {
        "allowed_turns": [],
        "direction": "Fwd",
        "index": 0,
        "layer": 0,
        "osm_way_ids": [
          1220299339
        ],
        "road": 275,
        "speed_limit": "None",
        "type": "Footway",
        "width": 2.0
      },
      "type": "Feature"
    },
    {
      "geometry": {
        "coordinates": [
          [
            [
              105.85232008752148,
              21.026040261207985
            ],
            [
              105.85239036195587,
              21.025977808712778
            ],
            [
              105.85240364818752,
              21.025990834488088
            ],
            [
              105.85233337375313,
              21.026053286983295
            ],
            [
              105.85232008752148,
              21.026040261207985
            ]
          ]
        ],
        "type": "Polygon"
      },
      "properties": {
        "allowed_turns": [],
        "direction": "Fwd",
        "index": 0,
        "layer": 0,
        "osm_way_ids": [
          1220299339
        ],
        "road": 276,
        "speed_limit": "None",
        "type": "Footway",
        "width": 2.0
      },
      "type": "Feature"
    },
    {
      "geometry": {
        "coordinates": [
          [
            [
              105.85185377065814,
              21.026564829252536
            ],
            [
              105.85189583569613,
              21.026579684248155
            ],
            [
              105.85188901626555,
              21.026596506959628
            ],
            [
              105.85184695122757,
              21.02658165196401
            ],
            [
              105.85185377065814,
              21.026564829252536
            ]
          ]
        ],
        "type": "Polygon"
      },
      "properties": {
        "allowed_turns": [],
        "direction": "Fwd",
        "index": 0,
        "layer": 0,
        "osm_way_ids": [
          1220299341
        ],
        "road": 277,
        "speed_limit": "None",
        "type": "Footway",
        "width": 2.0
      },
      "type": "Feature"
    },
    {
      "geometry": {
        "coordinates": [
          [
            [
              105.85193445055314,
              21.02621762633034
            ],
            [
              105.8518654132124,
              21.026258537373188
            ],
            [
              105.85179301914715,
              21.02637262352371
            ],
            [
              105.85177643977991,
              21.02636345763708
            ],
            [
              105.85185118663543,
              21.026245662683923
            ],
            [
              105.85192412217002,
              21.026202442182985
            ],
            [
              105.85193445055314,
              21.02621762633034
            ]
          ]
        ],
        "type": "Polygon"
      },
      "properties": {
        "allowed_turns": [],
        "direction": "Fwd",
        "index": 0,
        "layer": 0,
        "osm_way_ids": [
          1220299342
        ],
        "road": 278,
        "speed_limit": "None",
        "type": "Footway",
        "width": 2.0
      },
      "type": "Feature"
    },
    {
      "geometry": {
        "coordinates": [
          [
            [
              105.85178530272734,
              21.026389195324427
            ],
            [
              105.85176543118797,
              21.026459158055037
            ],
            [
              105.85174680541348,
              21.026454548132072
            ],
            [
              105.85176667695283,
              21.026384585401463
            ],
            [
              105.85178530272734,
              21.026389195324427
            ]
          ]
        ],
        "type": "Polygon"
      },
      "properties": {
        "allowed_turns": [],
        "direction": "Fwd",
        "index": 0,
        "layer": 0,
        "osm_way_ids": [
          1220299342
        ],
        "road": 279,
        "speed_limit": "None",
        "type": "Footway",
        "width": 2.0
      },
      "type": "Feature"
    },
    {
      "geometry": {
        "coordinates": [
          [
            [
              105.8517648723762,
              21.02648277064524
            ],
            [
              105.85176588787208,
              21.026515722691162
            ],
            [
              105.85177618060686,
              21.026542735616662
            ],
            [
              105.85175802500504,
              21.026548762870604
            ],
            [
              105.8517467129205,
              21.02651907716105
            ],
            [
              105.85174561071244,
              21.02648328685589
            ],
            [
              105.8517648723762,
              21.02648277064524
            ]
          ]
        ],
        "type": "Polygon"
      },
      "properties": {
        "allowed_turns": [],
        "direction": "Fwd",
        "index": 0,
        "layer": 0,
        "osm_way_ids": [
          1220299342
        ],
        "road": 280,
        "speed_limit": "None",
        "type": "Footway",
        "width": 2.0
      },
      "type": "Feature"
    },
    {
      "geometry": {
        "coordinates": [
          [
            [
              105.85179177723616,
              21.026577705740447
            ],
            [
              105.85177518148996,
              21.026572721699658
            ],
            [
              105.85178108369844,
              21.02655560041339
            ],
            [
              105.85179767944464,
              21.026560584454177
            ],
            [
              105.85179177723616,
              21.026577705740447
            ]
          ]
        ],
        "type": "Polygon"
      },
      "properties": {
        "allowed_turns": [],
        "direction": "Fwd",
        "index": 0,
        "layer": 0,
        "osm_way_ids": [
          1220299344
        ],
        "road": 281,
        "speed_limit": "None",
        "type": "Footway",
        "width": 2.0
      },
      "type": "Feature"
    },
    {
      "geometry": {
        "coordinates": [
          [
            [
              105.85141509859862,
              21.028062780822566
            ],
            [
              105.85144008133877,
              21.02789028013121
            ],
            [
              105.85144166913499,
              21.02783314982175
            ],
            [
              105.85146093272567,
              21.02783361567038
            ],
            [
              105.85145931795233,
              21.02789171904591
            ],
            [
              105.85143419454577,
              21.028065191004686
            ],
            [
              105.85141509859862,
              21.028062780822566
            ]
          ]
        ],
        "type": "Polygon"
      },
      "properties": {
        "allowed_turns": [],
        "direction": "Fwd",
        "index": 0,
        "layer": 0,
        "osm_way_ids": [
          1220299345
        ],
        "road": 282,
        "speed_limit": "None",
        "type": "Footway",
        "width": 2.0
      },
      "type": "Feature"
    },
    {
      "geometry": {
        "coordinates": [
          [
            [
              105.8514415795324,
              21.027814573432988
            ],
            [
              105.85143825460234,
              21.027678456599112
            ],
            [
              105.8514455191554,
              21.0276095802491
            ],
            [
              105.85146469603391,
              21.027611342919602
            ],
            [
              105.85145754517016,
              21.027679143680878
            ],
            [
              105.85146084312309,
              21.0278141633423
            ],
            [
              105.8514415795324,
              21.027814573432988
            ]
          ]
        ],
        "type": "Polygon"
      },
      "properties": {
        "allowed_turns": [],
        "direction": "Fwd",
        "index": 0,
        "layer": 0,
        "osm_way_ids": [
          1220299345
        ],
        "road": 283,
        "speed_limit": "None",
        "type": "Footway",
        "width": 2.0
      },
      "type": "Feature"
    },
    {
      "geometry": {
        "coordinates": [
          [
            [
              105.85144977864998,
              21.027588579289073
            ],
            [
              105.85151451603046,
              21.027382472744932
            ],
            [
              105.85153300691935,
              21.027387532328742
            ],
            [
              105.85146826953887,
              21.02759363887288
            ],
            [
              105.85144977864998,
              21.027588579289073
            ]
          ]
        ],
        "type": "Polygon"
      },
      "properties": {
        "allowed_turns": [],
        "direction": "Fwd",
        "index": 0,
        "layer": 0,
        "osm_way_ids": [
          1220299345
        ],
        "road": 284,
        "speed_limit": "None",
        "type": "Footway",
        "width": 2.0
      },
      "type": "Feature"
    },
    {
      "geometry": {
        "coordinates": [
          [
            [
              105.85151967251427,
              21.02736512572892
            ],
            [
              105.85155220017684,
              21.02724971847484
            ],
            [
              105.85157083558602,
              21.02725429422358
            ],
            [
              105.85153830792345,
              21.02736970147766
            ],
            [
              105.85151967251427,
              21.02736512572892
            ]
          ]
        ],
        "type": "Polygon"
      },
      "properties": {
        "allowed_turns": [],
        "direction": "Fwd",
        "index": 0,
        "layer": 0,
        "osm_way_ids": [
          1220299345
        ],
        "road": 285,
        "speed_limit": "None",
        "type": "Footway",
        "width": 2.0
      },
      "type": "Feature"
    },
    {
      "geometry": {
        "coordinates": [
          [
            [
              105.8515576216145,
              21.02723042622602
            ],
            [
              105.85160893209694,
              21.027047354907562
            ],
            [
              105.85162757328692,
              21.02705190727394
            ],
            [
              105.8515762628045,
              21.027234978592396
            ],
            [
              105.8515576216145,
              21.02723042622602
            ]
          ]
        ],
        "type": "Polygon"
      },
      "properties": {
        "allowed_turns": [],
        "direction": "Fwd",
        "index": 0,
        "layer": 0,
        "osm_way_ids": [
          1220299345
        ],
        "road": 286,
        "speed_limit": "None",
        "type": "Footway",
        "width": 2.0
      },
      "type": "Feature"
    },
    {
      "geometry": {
        "coordinates": [
          [
            [
              105.8516144026715,
              21.02703009872304
            ],
            [
              105.85163863390616,
              21.026962269183468
            ],
            [
              105.85168423391035,
              21.026870704745946
            ],
            [
              105.85170170737642,
              21.026878286027763
            ],
            [
              105.85165656598328,
              21.026968931358525
            ],
            [
              105.85163268159731,
              21.027035787832027
            ],
            [
              105.8516144026715,
              21.02703009872304
            ]
          ]
        ],
        "type": "Polygon"
      },
      "properties": {
        "allowed_turns": [],
        "direction": "Fwd",
        "index": 0,
        "layer": 0,
        "osm_way_ids": [
          1220299345
        ],
        "road": 287,
        "speed_limit": "None",
        "type": "Footway",
        "width": 2.0
      },
      "type": "Feature"
    },
    {
      "geometry": {
        "coordinates": [
          [
            [
              105.8516927432648,
              21.02685345845396
            ],
            [
              105.85182252248185,
              21.026587314093344
            ],
            [
              105.85184006146379,
              21.02659476587284
            ],
            [
              105.85171028224674,
              21.026860910233456
            ],
            [
              105.8516927432648,
              21.02685345845396
            ]
          ]
        ],
        "type": "Polygon"
      },
      "properties": {
        "allowed_turns": [],
        "direction": "Fwd",
        "index": 0,
        "layer": 0,
        "osm_way_ids": [
          1220299345
        ],
        "road": 288,
        "speed_limit": "None",
        "type": "Footway",
        "width": 2.0
      },
      "type": "Feature"
    },
    {
      "geometry": {
        "coordinates": [
          [
            [
              105.85183263986535,
              21.026565138619198
            ],
            [
              105.85182850754863,
              21.02649414976254
            ],
            [
              105.85184774801608,
              21.02649317309919
            ],
            [
              105.8518518803328,
              21.026564161955847
            ],
            [
              105.85183263986535,
              21.026565138619198
            ]
          ]
        ],
        "type": "Polygon"
      },
      "properties": {
        "allowed_turns": [],
        "direction": "Fwd",
        "index": 0,
        "layer": 0,
        "osm_way_ids": [
          1220299345
        ],
        "road": 290,
        "speed_limit": "None",
        "type": "Footway",
        "width": 2.0
      },
      "type": "Feature"
    },
    {
      "geometry": {
        "coordinates": [
          [
            [
              105.85183092007395,
              21.026475984363795
            ],
            [
              105.85185862557628,
              21.026411475119893
            ],
            [
              105.85187651140691,
              21.026418167871885
            ],
            [
              105.85184880590457,
              21.026482677115787
            ],
            [
              105.85183092007395,
              21.026475984363795
            ]
          ]
        ],
        "type": "Polygon"
      },
      "properties": {
        "allowed_turns": [],
        "direction": "Fwd",
        "index": 0,
        "layer": 0,
        "osm_way_ids": [
          1220299345
        ],
        "road": 291,
        "speed_limit": "None",
        "type": "Footway",
        "width": 2.0
      },
      "type": "Feature"
    },
    {
      "geometry": {
        "coordinates": [
          [
            [
              105.85186791437683,
              21.02639538175831
            ],
            [
              105.85193019587591,
              21.026319827944775
            ],
            [
              105.85200397348204,
              21.026265579961315
            ],
            [
              105.85201589736913,
              21.02627970830501
            ],
            [
              105.85194400430753,
              21.02633257133307
            ],
            [
              105.85188318535373,
              21.0264063498856
            ],
            [
              105.85186791437683,
              21.02639538175831
            ]
          ]
        ],
        "type": "Polygon"
      },
      "properties": {
        "allowed_turns": [],
        "direction": "Fwd",
        "index": 0,
        "layer": 0,
        "osm_way_ids": [
          1220299345
        ],
        "road": 292,
        "speed_limit": "None",
        "type": "Footway",
        "width": 2.0
      },
      "type": "Feature"
    },
    {
      "geometry": {
        "coordinates": [
          [
            [
              105.85175220758178,
              21.026565909337883
            ],
            [
              105.85171627598474,
              21.026555288348764
            ],
            [
              105.851722093408,
              21.02653814188149
            ],
            [
              105.85175802500504,
              21.026548762870604
            ],
            [
              105.85175220758178,
              21.026565909337883
            ]
          ]
        ],
        "type": "Polygon"
      },
      "properties": {
        "allowed_turns": [],
        "direction": "Fwd",
        "index": 0,
        "layer": 0,
        "osm_way_ids": [
          1220299346
        ],
        "road": 293,
        "speed_limit": "None",
        "type": "Footway",
        "width": 2.0
      },
      "type": "Feature"
    },
    {
      "geometry": {
        "coordinates": [
          [
            [
              105.85182252440879,
              21.026587314992668
            ],
            [
              105.85180991645902,
              21.026583310313196
            ],
            [
              105.85181612312357,
              21.026566282556384
            ],
            [
              105.85182873107334,
              21.026570287235852
            ],
            [
              105.85182252440879,
              21.026587314992668
            ]
          ]
        ],
        "type": "Polygon"
      },
      "properties": {
        "allowed_turns": [],
        "direction": "Fwd",
        "index": 0,
        "layer": 0,
        "osm_way_ids": [
          1220299347
        ],
        "road": 294,
        "speed_limit": "None",
        "type": "Footway",
        "width": 2.0
      },
      "type": "Feature"
    },
    {
      "geometry": {
        "coordinates": [
          [
            [
              105.8516982649032,
              21.026550465286558
            ],
            [
              105.85166305590761,
              21.026541997273558
            ],
            [
              105.85166786361579,
              21.02652457921113
            ],
            [
              105.8517030726114,
              21.02653304722413
            ],
            [
              105.8516982649032,
              21.026550465286558
            ]
          ]
        ],
        "type": "Polygon"
      },
      "properties": {
        "allowed_turns": [],
        "direction": "Fwd",
        "index": 0,
        "layer": 0,
        "osm_way_ids": [
          1220299348
        ],
        "road": 295,
        "speed_limit": "None",
        "type": "Footway",
        "width": 2.0
      },
      "type": "Feature"
    },
    {
      "geometry": {
        "coordinates": [
          [
            [
              105.85182850754863,
              21.02649414976254
            ],
            [
              105.85178189879285,
              21.026496912478763
            ],
            [
              105.8517648723762,
              21.02648277064524
            ],
            [
              105.85177768265437,
              21.026469334779243
            ],
            [
              105.85178870088099,
              21.02647848717605
            ],
            [
              105.85182728587048,
              21.026476199301676
            ],
            [
              105.85182850754863,
              21.02649414976254
            ]
          ]
        ],
        "type": "Polygon"
      },
      "properties": {
        "allowed_turns": [],
        "direction": "Fwd",
        "index": 0,
        "layer": 0,
        "osm_way_ids": [
          1220299350
        ],
        "road": 296,
        "speed_limit": "None",
        "type": "Footway",
        "width": 2.0
      },
      "type": "Feature"
    },
    {
      "geometry": {
        "coordinates": [
          [
            [
              105.85171282291337,
              21.026349940832127
            ],
            [
              105.85177241922554,
              21.026366586377225
            ],
            [
              105.85176689469674,
              21.02638381738074
            ],
            [
              105.85170729838457,
              21.026367171835645
            ],
            [
              105.85171282291337,
              21.026349940832127
            ]
          ]
        ],
        "type": "Polygon"
      },
      "properties": {
        "allowed_turns": [],
        "direction": "Fwd",
        "index": 0,
        "layer": 0,
        "osm_way_ids": [
          1220299352
        ],
        "road": 297,
        "speed_limit": "None",
        "type": "Footway",
        "width": 2.0
      },
      "type": "Feature"
    },
    {
      "geometry": {
        "coordinates": [
          [
            [
              105.85179301914715,
              21.02637262352371
            ],
            [
              105.85186459137371,
              21.026394372719377
            ],
            [
              105.85185862557628,
              21.026411476019213
            ],
            [
              105.85178705334972,
              21.026389726823545
            ],
            [
              105.85179301914715,
              21.02637262352371
            ]
          ]
        ],
        "type": "Polygon"
      },
      "properties": {
        "allowed_turns": [],
        "direction": "Fwd",
        "index": 0,
        "layer": 0,
        "osm_way_ids": [
          1220299354
        ],
        "road": 298,
        "speed_limit": "None",
        "type": "Footway",
        "width": 2.0
      },
      "type": "Feature"
    },
    {
      "geometry": {
        "coordinates": [
          [
            [
              105.85168423391035,
              21.026870704745946
            ],
            [
              105.85164289918154,
              21.026860321177754
            ],
            [
              105.8516479072912,
              21.026842953477342
            ],
            [
              105.85168924202,
              21.026853337045534
            ],
            [
              105.85168423391035,
              21.026870704745946
            ]
          ]
        ],
        "type": "Polygon"
      },
      "properties": {
        "allowed_turns": [],
        "direction": "Fwd",
        "index": 0,
        "layer": 0,
        "osm_way_ids": [
          1220299355
        ],
        "road": 299,
        "speed_limit": "None",
        "type": "Footway",
        "width": 2.0
      },
      "type": "Feature"
    },
    {
      "geometry": {
        "coordinates": [
          [
            [
              105.85162429556684,
              21.026855652798876
            ],
            [
              105.85158041053671,
              21.026844651396686
            ],
            [
              105.85158540901168,
              21.026827280098985
            ],
            [
              105.8516292940418,
              21.026838281501178
            ],
            [
              105.85162429556684,
              21.026855652798876
            ]
          ]
        ],
        "type": "Polygon"
      },
      "properties": {
        "allowed_turns": [],
        "direction": "Fwd",
        "index": 0,
        "layer": 0,
        "osm_way_ids": [
          1220299356
        ],
        "road": 300,
        "speed_limit": "None",
        "type": "Footway",
        "width": 2.0
      },
      "type": "Feature"
    },
    {
      "geometry": {
        "coordinates": [
          [
            [
              105.85171143166475,
              21.026861495691875
            ],
            [
              105.851749088834,
              21.026880663834305
            ],
            [
              105.85173986265893,
              21.02689645412448
            ],
            [
              105.85170220548967,
              21.02687728598205
            ],
            [
              105.85171143166475,
              21.026861495691875
            ]
          ]
        ],
        "type": "Polygon"
      },
      "properties": {
        "allowed_turns": [],
        "direction": "Fwd",
        "index": 0,
        "layer": 0,
        "osm_way_ids": [
          1220299359
        ],
        "road": 301,
        "speed_limit": "None",
        "type": "Footway",
        "width": 2.0
      },
      "type": "Feature"
    },
    {
      "geometry": {
        "coordinates": [
          [
            [
              105.85160893209694,
              21.027047355806882
            ],
            [
              105.85153055489182,
              21.027028498829758
            ],
            [
              105.85153536452695,
              21.02701108076733
            ],
            [
              105.85161374173207,
              21.02702993774446
            ],
            [
              105.85160893209694,
              21.027047355806882
            ]
          ]
        ],
        "type": "Polygon"
      },
      "properties": {
        "allowed_turns": [],
        "direction": "Fwd",
        "index": 0,
        "layer": 0,
        "osm_way_ids": [
          1220299361
        ],
        "road": 302,
        "speed_limit": "None",
        "type": "Footway",
        "width": 2.0
      },
      "type": "Feature"
    },
    {
      "geometry": {
        "coordinates": [
          [
            [
              105.85155220017684,
              21.02724971757552
            ],
            [
              105.85147745910213,
              21.027232285123947
            ],
            [
              105.85148212999779,
              21.02721483468594
            ],
            [
              105.85155687107249,
              21.027232267137514
            ],
            [
              105.85155220017684,
              21.02724971757552
            ]
          ]
        ],
        "type": "Polygon"
      },
      "properties": {
        "allowed_turns": [],
        "direction": "Fwd",
        "index": 0,
        "layer": 0,
        "osm_way_ids": [
          1220299364
        ],
        "road": 303,
        "speed_limit": "None",
        "type": "Footway",
        "width": 2.0
      },
      "type": "Feature"
    },
    {
      "geometry": {
        "coordinates": [
          [
            [
              105.85157626376797,
              21.027234978592396
            ],
            [
              105.85162192158026,
              21.02723793286414
            ],
            [
              105.85162058813975,
              21.02725587613043
            ],
            [
              105.85157493032746,
              21.02725292185869
            ],
            [
              105.85157626376797,
              21.027234978592396
            ]
          ]
        ],
        "type": "Polygon"
      },
      "properties": {
        "allowed_turns": [],
        "direction": "Fwd",
        "index": 0,
        "layer": 0,
        "osm_way_ids": [
          1220299365
        ],
        "road": 304,
        "speed_limit": "None",
        "type": "Footway",
        "width": 2.0
      },
      "type": "Feature"
    },
    {
      "geometry": {
        "coordinates": [
          [
            [
              105.85144382152377,
              21.027370365177067
            ],
            [
              105.85145409209879,
              21.02737783764096
            ],
            [
              105.85149273585986,
              21.02737938987019
            ],
            [
              105.8514931087222,
              21.027377814258596
            ],
            [
              105.85151192526347,
              21.02738169393235
            ],
            [
              105.85150806464489,
              21.027398009426392
            ],
            [
              105.85144710695161,
              21.02739556147276
            ],
            [
              105.85143197471417,
              21.02738455107735
            ],
            [
              105.85144382152377,
              21.027370365177067
            ]
          ]
        ],
        "type": "Polygon"
      },
      "properties": {
        "allowed_turns": [],
        "direction": "Fwd",
        "index": 0,
        "layer": 0,
        "osm_way_ids": [
          1220299370,
          1220299369
        ],
        "road": 307,
        "speed_limit": "None",
        "type": "Footway",
        "width": 2.0
      },
      "type": "Feature"
    },
    {
      "geometry": {
        "coordinates": [
          [
            [
              105.85149419551475,
              21.027367047579364
            ],
            [
              105.85148820177675,
              21.02734206532223
            ],
            [
              105.85145056387687,
              21.027342414259046
            ],
            [
              105.85145037311008,
              21.027324427825313
            ],
            [
              105.85150359800457,
              21.02732393499703
            ],
            [
              105.85151299856746,
              21.027363117543594
            ],
            [
              105.85149419551475,
              21.027367047579364
            ]
          ]
        ],
        "type": "Polygon"
      },
      "properties": {
        "allowed_turns": [],
        "direction": "Fwd",
        "index": 0,
        "layer": 0,
        "osm_way_ids": [
          1220299370,
          1220299368
        ],
        "road": 308,
        "speed_limit": "None",
        "type": "Footway",
        "width": 2.0
      },
      "type": "Feature"
    },
    {
      "geometry": {
        "coordinates": [
          [
            [
              105.85151783807011,
              21.027364574444725
            ],
            [
              105.85151967251427,
              21.02736512662824
            ],
            [
              105.85151375874416,
              21.027382244317224
            ],
            [
              105.8515119243,
              21.02738169213371
            ],
            [
              105.85151783807011,
              21.027364574444725
            ]
          ]
        ],
        "type": "Polygon"
      },
      "properties": {
        "allowed_turns": [],
        "direction": "Fwd",
        "index": 0,
        "layer": 0,
        "osm_way_ids": [
          1220299371
        ],
        "road": 309,
        "speed_limit": "None",
        "type": "Footway",
        "width": 2.0
      },
      "type": "Feature"
    },
    {
      "geometry": {
        "coordinates": [
          [
            [
              105.85144473007465,
              21.02760660619228
            ],
            [
              105.85138352091607,
              21.02759173410955
            ],
            [
              105.85138837487075,
              21.027574326838984
            ],
            [
              105.85144958402933,
              21.027589198921714
            ],
            [
              105.85144473007465,
              21.02760660619228
            ]
          ]
        ],
        "type": "Polygon"
      },
      "properties": {
        "allowed_turns": [],
        "direction": "Fwd",
        "index": 0,
        "layer": 0,
        "osm_way_ids": [
          1220299373
        ],
        "road": 310,
        "speed_limit": "None",
        "type": "Footway",
        "width": 2.0
      },
      "type": "Feature"
    },
    {
      "geometry": {
        "coordinates": [
          [
            [
              105.85146935536795,
              21.027593890682954
            ],
            [
              105.85153021189701,
              21.027608043308334
            ],
            [
              105.85152555256299,
              21.027625495544985
            ],
            [
              105.85146469603391,
              21.027611342919602
            ],
            [
              105.85146935536795,
              21.027593890682954
            ]
          ]
        ],
        "type": "Polygon"
      },
      "properties": {
        "allowed_turns": [],
        "direction": "Fwd",
        "index": 0,
        "layer": 0,
        "osm_way_ids": [
          1220299375
        ],
        "road": 311,
        "speed_limit": "None",
        "type": "Footway",
        "width": 2.0
      },
      "type": "Feature"
    },
    {
      "geometry": {
        "coordinates": [
          [
            [
              105.85132984222788,
              21.027788181938774
            ],
            [
              105.85137311641893,
              21.027798378448058
            ],
            [
              105.8513683992768,
              21.027815818094204
            ],
            [
              105.85132512508575,
              21.02780562158492
            ],
            [
              105.85132984222788,
              21.027788181938774
            ]
          ]
        ],
        "type": "Polygon"
      },
      "properties": {
        "allowed_turns": [],
        "direction": "Fwd",
        "index": 0,
        "layer": 0,
        "osm_way_ids": [
          1220299376
        ],
        "road": 312,
        "speed_limit": "None",
        "type": "Footway",
        "width": 2.0
      },
      "type": "Feature"
    },
    {
      "geometry": {
        "coordinates": [
          [
            [
              105.85139180578236,
              21.027802793218214
            ],
            [
              105.85144158049587,
              21.02781457433231
            ],
            [
              105.85143684408436,
              21.02783200858253
            ],
            [
              105.85138706937083,
              21.027820227468432
            ],
            [
              105.85139180578236,
              21.027802793218214
            ]
          ]
        ],
        "type": "Polygon"
      },
      "properties": {
        "allowed_turns": [],
        "direction": "Fwd",
        "index": 0,
        "layer": 0,
        "osm_way_ids": [
          1220299377
        ],
        "road": 313,
        "speed_limit": "None",
        "type": "Footway",
        "width": 2.0
      },
      "type": "Feature"
    },
    {
      "geometry": {
        "coordinates": [
          [
            [
              105.85132066326277,
              21.02812597345952
            ],
            [
              105.85141450028463,
              21.028066725247484
            ],
            [
              105.85142529691349,
              21.028081623410543
            ],
            [
              105.85133145989163,
              21.02814087162258
            ],
            [
              105.85132066326277,
              21.02812597345952
            ]
          ]
        ],
        "type": "Polygon"
      },
      "properties": {
        "allowed_turns": [],
        "direction": "Fwd",
        "index": 0,
        "layer": 0,
        "osm_way_ids": [
          1220299379
        ],
        "road": 314,
        "speed_limit": "None",
        "type": "Footway",
        "width": 2.0
      },
      "type": "Feature"
    },
    {
      "geometry": {
        "coordinates": [
          [
            [
              105.85143419454577,
              21.028065191004686
            ],
            [
              105.85144500659013,
              21.0280677999369
            ],
            [
              105.85144018346644,
              21.028085214402036
            ],
            [
              105.85142937142209,
              21.028082605469827
            ],
            [
              105.85143419454577,
              21.028065191004686
            ]
          ]
        ],
        "type": "Polygon"
      },
      "properties": {
        "allowed_turns": [],
        "direction": "Fwd",
        "index": 0,
        "layer": 0,
        "osm_way_ids": [
          1220299380
        ],
        "road": 315,
        "speed_limit": "None",
        "type": "Footway",
        "width": 2.0
      },
      "type": "Feature"
    },
    {
      "geometry": {
        "coordinates": [
          [
            [
              105.85135979453895,
              21.028254576460704
            ],
            [
              105.85140725403748,
              21.028244306207043
            ],
            [
              105.851430707753,
              21.02832116673499
            ],
            [
              105.85137970654398,
              21.02833667823544
            ],
            [
              105.8513737368927,
              21.028319576734248
            ],
            [
              105.85140709313823,
              21.028309432385623
            ],
            [
              105.85139374620806,
              21.028265693875394
            ],
            [
              105.85136414556302,
              21.028272098844447
            ],
            [
              105.85135979453895,
              21.028254576460704
            ]
          ]
        ],
        "type": "Polygon"
      },
      "properties": {
        "allowed_turns": [],
        "direction": "Fwd",
        "index": 0,
        "layer": 0,
        "osm_way_ids": [
          1220426402
        ],
        "road": 316,
        "speed_limit": "None",
        "type": "Footway",
        "width": 2.0
      },
      "type": "Feature"
    },
    {
      "geometry": {
        "coordinates": [
          [
            [
              105.85138315383455,
              21.028365946659733
            ],
            [
              105.85140395608455,
              21.028358797052324
            ],
            [
              105.85143024914196,
              21.02832087985137
            ],
            [
              105.85144642577933,
              21.02833065367946
            ],
            [
              105.85141664303875,
              21.02837360348457
            ],
            [
              105.8513898114024,
              21.028382825129146
            ],
            [
              105.85138315383455,
              21.028365946659733
            ]
          ]
        ],
        "type": "Polygon"
      },
      "properties": {
        "allowed_turns": [],
        "direction": "Fwd",
        "index": 0,
        "layer": 0,
        "osm_way_ids": [
          1220426403
        ],
        "road": 317,
        "speed_limit": "None",
        "type": "Footway",
        "width": 2.0
      },
      "type": "Feature"
    },
    {
      "geometry": {
        "coordinates": [
          [
            [
              105.85311138907944,
              21.025770020437086
            ],
            [
              105.85315920795175,
              21.02576944127392
            ],
            [
              105.85315945845358,
              21.02578742590901
            ],
            [
              105.85311163958127,
              21.025788005072176
            ],
            [
              105.85311138907944,
              21.025770020437086
            ]
          ]
        ],
        "type": "Polygon"
      },
      "properties": {
        "allowed_turns": [],
        "direction": "Fwd",
        "index": 0,
        "layer": 0,
        "osm_way_ids": [
          1221244158
        ],
        "road": 318,
        "speed_limit": "None",
        "type": "Footway",
        "width": 2.0
      },
      "type": "Feature"
    },
    {
      "geometry": {
        "coordinates": [
          [
            [
              105.85336292471071,
              21.026874883893825
            ],
            [
              105.85330045726218,
              21.026881923783986
            ],
            [
              105.85329814686455,
              21.02686406685258
            ],
            [
              105.85336061431306,
              21.026857026962414
            ],
            [
              105.85336292471071,
              21.026874883893825
            ]
          ]
        ],
        "type": "Polygon"
      },
      "properties": {
        "allowed_turns": [],
        "direction": "Fwd",
        "index": 0,
        "layer": 0,
        "osm_way_ids": [
          1221244159
        ],
        "road": 319,
        "speed_limit": "None",
        "type": "Footway",
        "width": 2.0
      },
      "type": "Feature"
    },
    {
      "geometry": {
        "coordinates": [
          [
            [
              105.85358612569466,
              21.02874821323517
            ],
            [
              105.85358915291292,
              21.028746463155166
            ],
            [
              105.85361147166246,
              21.028650581074224
            ],
            [
              105.85364151742998,
              21.028633811422736
            ],
            [
              105.85365140647143,
              21.02864924917881
            ],
            [
              105.85362852891011,
              21.028662018647434
            ],
            [
              105.85360624677237,
              21.02875773705183
            ],
            [
              105.8535962729457,
              21.028763503502486
            ],
            [
              105.85358612569466,
              21.02874821323517
            ]
          ]
        ],
        "type": "Polygon"
      },
      "properties": {
        "allowed_turns": [],
        "direction": "Fwd",
        "index": 0,
        "layer": 0,
        "osm_way_ids": [
          1221568399
        ],
        "road": 320,
        "speed_limit": "None",
        "type": "Footway",
        "width": 2.0
      },
      "type": "Feature"
    },
    {
      "geometry": {
        "coordinates": [
          [
            [
              105.85351232111141,
              21.028228335153212
            ],
            [
              105.8535785730645,
              21.028219608135565
            ],
            [
              105.8535812649957,
              21.028237418302247
            ],
            [
              105.85351501304261,
              21.028246145319894
            ],
            [
              105.85351232111141,
              21.028228335153212
            ]
          ]
        ],
        "type": "Polygon"
      },
      "properties": {
        "allowed_turns": [],
        "direction": "Fwd",
        "index": 0,
        "layer": 0,
        "osm_way_ids": [
          1221568401
        ],
        "road": 321,
        "speed_limit": "None",
        "type": "Footway",
        "width": 2.0
      },
      "type": "Feature"
    },
    {
      "geometry": {
        "coordinates": [
          [
            [
              105.84736361496712,
              21.025856134985187
            ],
            [
              105.84694628277306,
              21.025954607112585
            ],
            [
              105.84694274106259,
              21.02594152917662
            ],
            [
              105.84736007325664,
              21.025843057049222
            ],
            [
              105.84736361496712,
              21.025856134985187
            ]
          ]
        ],
        "type": "Polygon"
      },
      "properties": {
        "allowed_turns": [],
        "direction": "Back",
        "index": 0,
        "layer": 0,
        "osm_way_ids": [
          1223464161
        ],
        "road": 322,
        "speed_limit": "None",
        "type": "Sidewalk",
        "width": 1.5
      },
      "type": "Feature"
    },
    {
      "geometry": {
        "coordinates": [
          [
            [
              105.84737069838809,
              21.025882291756442
            ],
            [
              105.84695336619403,
              21.02598076388384
            ],
            [
              105.84694628277306,
              21.025954606213265
            ],
            [
              105.84736361496712,
              21.025856134085867
            ],
            [
              105.84737069838809,
              21.025882291756442
            ]
          ]
        ],
        "type": "Polygon"
      },
      "properties": {
        "allowed_turns": [],
        "direction": "Back",
        "index": 1,
        "layer": 0,
        "osm_way_ids": [
          1223464161
        ],
        "road": 322,
        "speed_limit": "None",
        "type": "Driving",
        "width": 3.0
      },
      "type": "Feature"
    },
    {
      "geometry": {
        "coordinates": [
          [
            [
              105.84737778180904,
              21.02590844942702
            ],
            [
              105.846960449615,
              21.02600692155442
            ],
            [
              105.84695336619403,
              21.02598076388384
            ],
            [
              105.84737069838809,
              21.025882291756442
            ],
            [
              105.84737778180904,
              21.02590844942702
            ]
          ]
        ],
        "type": "Polygon"
      },
      "properties": {
        "allowed_turns": [],
        "direction": "Fwd",
        "index": 2,
        "layer": 0,
        "osm_way_ids": [
          1223464161
        ],
        "road": 322,
        "speed_limit": "None",
        "type": "Driving",
        "width": 3.0
      },
      "type": "Feature"
    },
    {
      "geometry": {
        "coordinates": [
          [
            [
              105.84738132351953,
              21.025921526463666
            ],
            [
              105.84696399132547,
              21.026019998591064
            ],
            [
              105.846960449615,
              21.026006920655096
            ],
            [
              105.84737778180904,
              21.025908448527698
            ],
            [
              105.84738132351953,
              21.025921526463666
            ]
          ]
        ],
        "type": "Polygon"
      },
      "properties": {
        "allowed_turns": [],
        "direction": "Fwd",
        "index": 3,
        "layer": 0,
        "osm_way_ids": [
          1223464161
        ],
        "road": 322,
        "speed_limit": "None",
        "type": "Sidewalk",
        "width": 1.5
      },
      "type": "Feature"
    },
    {
      "geometry": {
        "coordinates": [
          [
            [
              105.85397104680585,
              21.027555437486278
            ],
            [
              105.85421258356025,
              21.02752056179127
            ],
            [
              105.85421552984715,
              21.027538335985085
            ],
            [
              105.85397399309275,
              21.027573211680092
            ],
            [
              105.85397104680585,
              21.027555437486278
            ]
          ]
        ],
        "type": "Polygon"
      },
      "properties": {
        "allowed_turns": [],
        "direction": "Fwd",
        "index": 0,
        "layer": 0,
        "osm_way_ids": [
          1232698243
        ],
        "road": 323,
        "speed_limit": "None",
        "type": "Footway",
        "width": 2.0
      },
      "type": "Feature"
    },
    {
      "geometry": {
        "coordinates": [
          [
            [
              105.85380448621248,
              21.027796925144212
            ],
            [
              105.85384079067187,
              21.027738198538753
            ],
            [
              105.85383523338513,
              21.027702007136117
            ],
            [
              105.85385430813596,
              21.02769945486117
            ],
            [
              105.8538608096219,
              21.02774180122143
            ],
            [
              105.85382117541515,
              21.02780591476379
            ],
            [
              105.85380448621248,
              21.027796925144212
            ]
          ]
        ],
        "type": "Polygon"
      },
      "properties": {
        "allowed_turns": [],
        "direction": "Fwd",
        "index": 0,
        "layer": 0,
        "osm_way_ids": [
          1232698249
        ],
        "road": 324,
        "speed_limit": "None",
        "type": "Footway",
        "width": 2.0
      },
      "type": "Feature"
    },
    {
      "geometry": {
        "coordinates": [
          [
            [
              105.85383248653622,
              21.02768420506333
            ],
            [
              105.85381875807249,
              21.0275956758365
            ],
            [
              105.85383782896946,
              21.027593098380546
            ],
            [
              105.85385155743319,
              21.02768162760738
            ],
            [
              105.85383248653622,
              21.02768420506333
            ]
          ]
        ],
        "type": "Polygon"
      },
      "properties": {
        "allowed_turns": [],
        "direction": "Fwd",
        "index": 0,
        "layer": 0,
        "osm_way_ids": [
          1232698249
        ],
        "road": 325,
        "speed_limit": "None",
        "type": "Footway",
        "width": 2.0
      },
      "type": "Feature"
    },
    {
      "geometry": {
        "coordinates": [
          [
            [
              105.85381597364831,
              21.027577692100735
            ],
            [
              105.85380382623651,
              21.027499184914777
            ],
            [
              105.85382289713348,
              21.027496614653398
            ],
            [
              105.85383504454528,
              21.027575121839355
            ],
            [
              105.85381597364831,
              21.027577692100735
            ]
          ]
        ],
        "type": "Polygon"
      },
      "properties": {
        "allowed_turns": [],
        "direction": "Fwd",
        "index": 0,
        "layer": 0,
        "osm_way_ids": [
          1232698249
        ],
        "road": 326,
        "speed_limit": "None",
        "type": "Footway",
        "width": 2.0
      },
      "type": "Feature"
    },
    {
      "geometry": {
        "coordinates": [
          [
            [
              105.85380107938761,
              21.027481381043348
            ],
            [
              105.85379335718697,
              21.027431187202055
            ],
            [
              105.85374010916925,
              21.027386142876736
            ],
            [
              105.8537530485522,
              21.02737281492934
            ],
            [
              105.85381144341906,
              21.027422211971622
            ],
            [
              105.85382015221151,
              21.027478825171116
            ],
            [
              105.85380107938761,
              21.027481381043348
            ]
          ]
        ],
        "type": "Polygon"
      },
      "properties": {
        "allowed_turns": [],
        "direction": "Fwd",
        "index": 0,
        "layer": 0,
        "osm_way_ids": [
          1232698249
        ],
        "road": 327,
        "speed_limit": "None",
        "type": "Footway",
        "width": 2.0
      },
      "type": "Feature"
    },
    {
      "geometry": {
        "coordinates": [
          [
            [
              105.85374566741946,
              21.027696091398063
            ],
            [
              105.85383243643585,
              21.027684211358583
            ],
            [
              105.85383523242166,
              21.027702007136117
            ],
            [
              105.85374846340525,
              21.027713887175597
            ],
            [
              105.85374566741946,
              21.027696091398063
            ]
          ]
        ],
        "type": "Polygon"
      },
      "properties": {
        "allowed_turns": [],
        "direction": "Fwd",
        "index": 0,
        "layer": 0,
        "osm_way_ids": [
          1232698250
        ],
        "road": 328,
        "speed_limit": "None",
        "type": "Footway",
        "width": 2.0
      },
      "type": "Feature"
    },
    {
      "geometry": {
        "coordinates": [
          [
            [
              105.85371613325376,
              21.027491916596908
            ],
            [
              105.85380107938761,
              21.02748138194267
            ],
            [
              105.85380361716383,
              21.02749921189443
            ],
            [
              105.85371867102998,
              21.027509746548667
            ],
            [
              105.85371613325376,
              21.027491916596908
            ]
          ]
        ],
        "type": "Polygon"
      },
      "properties": {
        "allowed_turns": [],
        "direction": "Fwd",
        "index": 0,
        "layer": 0,
        "osm_way_ids": [
          1232698251
        ],
        "road": 329,
        "speed_limit": "None",
        "type": "Footway",
        "width": 2.0
      },
      "type": "Feature"
    },
    {
      "geometry": {
        "coordinates": [
          [
            [
              105.8537301709909,
              21.02759026281927
            ],
            [
              105.853815814676,
              21.027577899844044
            ],
            [
              105.85381875903596,
              21.0275956758365
            ],
            [
              105.85373311535086,
              21.027608038811728
            ],
            [
              105.8537301709909,
              21.02759026281927
            ]
          ]
        ],
        "type": "Polygon"
      },
      "properties": {
        "allowed_turns": [],
        "direction": "Fwd",
        "index": 0,
        "layer": 0,
        "osm_way_ids": [
          1232709658
        ],
        "road": 330,
        "speed_limit": "None",
        "type": "Footway",
        "width": 2.0
      },
      "type": "Feature"
    },
    {
      "geometry": {
        "coordinates": [
          [
            [
              105.85383504454528,
              21.027575121839355
            ],
            [
              105.85393070348621,
              21.027561289372493
            ],
            [
              105.853933653627,
              21.027579063566307
            ],
            [
              105.85383799468606,
              21.027592896033166
            ],
            [
              105.85383504454528,
              21.027575121839355
            ]
          ]
        ],
        "type": "Polygon"
      },
      "properties": {
        "allowed_turns": [],
        "direction": "Fwd",
        "index": 0,
        "layer": 0,
        "osm_way_ids": [
          1232709658
        ],
        "road": 331,
        "speed_limit": "None",
        "type": "Footway",
        "width": 2.0
      },
      "type": "Feature"
    },
    {
      "geometry": {
        "coordinates": [
          [
            [
              105.85394973488097,
              21.02755852755559
            ],
            [
              105.85395199614172,
              21.027558198403856
            ],
            [
              105.85395496555186,
              21.027575970799024
            ],
            [
              105.85395270429112,
              21.027576299950763
            ],
            [
              105.85394973488097,
              21.02755852755559
            ]
          ]
        ],
        "type": "Polygon"
      },
      "properties": {
        "allowed_turns": [],
        "direction": "Fwd",
        "index": 0,
        "layer": 0,
        "osm_way_ids": [
          1232709659
        ],
        "road": 332,
        "speed_limit": "None",
        "type": "Footway",
        "width": 2.0
      },
      "type": "Feature"
    },
    {
      "geometry": {
        "coordinates": [
          [
            [
              105.85076296911285,
              21.028967248427875
            ],
            [
              105.85092544074558,
              21.029034525783928
            ],
            [
              105.85091762701543,
              21.029050967183004
            ],
            [
              105.8507551553827,
              21.028983689826948
            ],
            [
              105.85076296911285,
              21.028967248427875
            ]
          ]
        ],
        "type": "Polygon"
      },
      "properties": {
        "allowed_turns": [],
        "direction": "Fwd",
        "index": 0,
        "layer": -1,
        "osm_way_ids": [
          1274302651
        ],
        "road": 333,
        "speed_limit": "None",
        "type": "Footway",
        "width": 2.0
      },
      "type": "Feature"
    },
    {
      "geometry": {
        "coordinates": [
          [
            [
              105.85123665747426,
              21.029136963919964
            ],
            [
              105.85122612868967,
              21.029179678102793
            ],
            [
              105.85112344509936,
              21.029157648318755
            ],
            [
              105.85113421378762,
              21.029114068988466
            ],
            [
              105.85115298986321,
              21.029118112338768
            ],
            [
              105.8511465548566,
              21.029144151298883
            ],
            [
              105.85121167088023,
              21.029158121361963
            ],
            [
              105.85121787947173,
              21.02913293136152
            ],
            [
              105.85123665747426,
              21.029136963919964
            ]
          ]
        ],
        "type": "Polygon"
      },
      "properties": {
        "allowed_turns": [],
        "direction": "Fwd",
        "index": 0,
        "layer": 0,
        "osm_way_ids": [
          1274302652
        ],
        "road": 334,
        "speed_limit": "None",
        "type": "Footway",
        "width": 2.0
      },
      "type": "Feature"
    },
    {
      "geometry": {
        "coordinates": [
          [
            [
              105.8511385465058,
              21.029096534913542
            ],
            [
              105.85115127777955,
              21.029045011874793
            ],
            [
              105.8512539604064,
              21.02906716396658
            ],
            [
              105.85124099211937,
              21.029119437039615
            ],
            [
              105.85122221989766,
              21.029115379300162
            ],
            [
              105.85123083908753,
              21.029080635805446
            ],
            [
              105.85116572210042,
              21.0290665884007
            ],
            [
              105.85115732258139,
              21.029100578263844
            ],
            [
              105.8511385465058,
              21.029096534913542
            ]
          ]
        ],
        "type": "Polygon"
      },
      "properties": {
        "allowed_turns": [],
        "direction": "Fwd",
        "index": 0,
        "layer": 0,
        "osm_way_ids": [
          1274302652
        ],
        "road": 335,
        "speed_limit": "None",
        "type": "Footway",
        "width": 2.0
      },
      "type": "Feature"
    },
    {
      "geometry": {
        "coordinates": [
          [
            [
              105.85095594994148,
              21.029017841568
            ],
            [
              105.85100938968945,
              21.029040673546977
            ],
            [
              105.85099911622403,
              21.029061500038598
            ],
            [
              105.8509816138539,
              21.02905397811201
            ],
            [
              105.85098380959879,
              21.02904952646966
            ],
            [
              105.85094793002905,
              21.02903419663219
            ],
            [
              105.85095594994148,
              21.029017841568
            ]
          ]
        ],
        "type": "Polygon"
      },
      "properties": {
        "allowed_turns": [],
        "direction": "Fwd",
        "index": 0,
        "layer": 0,
        "osm_way_ids": [
          1274302653
        ],
        "road": 336,
        "speed_limit": "None",
        "type": "Footway",
        "width": 2.0
      },
      "type": "Feature"
    },
    {
      "geometry": {
        "coordinates": [
          [
            [
              105.85099097491458,
              21.0290780754366
            ],
            [
              105.85097776094307,
              21.02910513422751
            ],
            [
              105.85092348297744,
              21.02908188586259
            ],
            [
              105.85093152023228,
              21.02906553799297
            ],
            [
              105.85096823994661,
              21.029081266229948
            ],
            [
              105.85097344171345,
              21.02907061466389
            ],
            [
              105.85099097491458,
              21.0290780754366
            ]
          ]
        ],
        "type": "Polygon"
      },
      "properties": {
        "allowed_turns": [],
        "direction": "Fwd",
        "index": 0,
        "layer": 0,
        "osm_way_ids": [
          1274302653
        ],
        "road": 337,
        "speed_limit": "None",
        "type": "Footway",
        "width": 2.0
      },
      "type": "Feature"
    },
    {
      "geometry": {
        "coordinates": [
          [
            [
              105.85027613904008,
              21.02905783890001
            ],
            [
              105.85032846020104,
              21.02890138930212
            ],
            [
              105.85034685474307,
              21.02890674925937
            ],
            [
              105.8502945335821,
              21.029063198857262
            ],
            [
              105.85027613904008,
              21.02905783890001
            ]
          ]
        ],
        "type": "Polygon"
      },
      "properties": {
        "allowed_turns": [],
        "direction": "Fwd",
        "index": 0,
        "layer": 0,
        "osm_way_ids": [
          1274302655
        ],
        "road": 339,
        "speed_limit": "None",
        "type": "Footway",
        "width": 2.0
      },
      "type": "Feature"
    },
    {
      "geometry": {
        "coordinates": [
          [
            [
              105.85077598460983,
              21.028939043001817
            ],
            [
              105.85076285253315,
              21.028967200763823
            ],
            [
              105.85074518444642,
              21.028960022378122
            ],
            [
              105.8507583165231,
              21.028931864616116
            ],
            [
              105.85077598460983,
              21.028939043001817
            ]
          ]
        ],
        "type": "Polygon"
      },
      "properties": {
        "allowed_turns": [],
        "direction": "Fwd",
        "index": 0,
        "layer": 0,
        "osm_way_ids": [
          1274302657
        ],
        "road": 341,
        "speed_limit": "None",
        "type": "Footway",
        "width": 2.0
      },
      "type": "Feature"
    },
    {
      "geometry": {
        "coordinates": [
          [
            [
              105.8507551553827,
              21.02898369072627
            ],
            [
              105.85074082764153,
              21.02901435579714
            ],
            [
              105.85072316533561,
              21.029007164820936
            ],
            [
              105.85073749307679,
              21.028976499750065
            ],
            [
              105.8507551553827,
              21.02898369072627
            ]
          ]
        ],
        "type": "Polygon"
      },
      "properties": {
        "allowed_turns": [],
        "direction": "Fwd",
        "index": 0,
        "layer": 0,
        "osm_way_ids": [
          1274302657
        ],
        "road": 342,
        "speed_limit": "None",
        "type": "Footway",
        "width": 2.0
      },
      "type": "Feature"
    },
    {
      "geometry": {
        "coordinates": [
          [
            [
              105.85085167470108,
              21.02895012983957
            ],
            [
              105.8509668361729,
              21.02899677675613
            ],
            [
              105.85095594897801,
              21.029017841568
            ],
            [
              105.85093859305509,
              21.02901002646254
            ],
            [
              105.85094076471326,
              21.029005823932298
            ],
            [
              105.85084400356428,
              21.028966630593874
            ],
            [
              105.85085167470108,
              21.02895012983957
            ]
          ]
        ],
        "type": "Polygon"
      },
      "properties": {
        "allowed_turns": [],
        "direction": "Fwd",
        "index": 0,
        "layer": 0,
        "osm_way_ids": [
          1274302658,
          1274302656
        ],
        "road": 343,
        "speed_limit": "None",
        "type": "Footway",
        "width": 2.0
      },
      "type": "Feature"
    },
    {
      "geometry": {
        "coordinates": [
          [
            [
              105.85094761786523,
              21.02903406353258
            ],
            [
              105.85094333139355,
              21.029042464096456
            ],
            [
              105.85092593500495,
              21.02903472992995
            ],
            [
              105.85093022147664,
              21.029026329366076
            ],
            [
              105.85094761786523,
              21.02903406353258
            ]
          ]
        ],
        "type": "Polygon"
      },
      "properties": {
        "allowed_turns": [],
        "direction": "Fwd",
        "index": 0,
        "layer": 0,
        "osm_way_ids": [
          1274302658
        ],
        "road": 344,
        "speed_limit": "None",
        "type": "Footway",
        "width": 2.0
      },
      "type": "Feature"
    },
    {
      "geometry": {
        "coordinates": [
          [
            [
              105.85093500798853,
              21.029058733725087
            ],
            [
              105.85093151830534,
              21.02906553799297
            ],
            [
              105.85091413733225,
              21.029057771450884
            ],
            [
              105.85091762701543,
              21.029050967183004
            ],
            [
              105.85093500798853,
              21.029058733725087
            ]
          ]
        ],
        "type": "Polygon"
      },
      "properties": {
        "allowed_turns": [],
        "direction": "Fwd",
        "index": 0,
        "layer": 0,
        "osm_way_ids": [
          1274302658
        ],
        "road": 345,
        "speed_limit": "None",
        "type": "Footway",
        "width": 2.0
      },
      "type": "Feature"
    },
    {
      "geometry": {
        "coordinates": [
          [
            [
              105.85092318430218,
              21.02908175815891
            ],
            [
              105.85091290794635,
              21.02910171770442
            ],
            [
              105.8507971279277,
              21.029056082524757
            ],
            [
              105.85080462371322,
              21.029039513422003
            ],
            [
              105.85090349293144,
              21.029078482829327
            ],
            [
              105.85090581681764,
              21.02907396823446
            ],
            [
              105.85092318430218,
              21.02908175815891
            ]
          ]
        ],
        "type": "Polygon"
      },
      "properties": {
        "allowed_turns": [],
        "direction": "Fwd",
        "index": 0,
        "layer": 0,
        "osm_way_ids": [
          1274302658,
          1274302654
        ],
        "road": 346,
        "speed_limit": "None",
        "type": "Footway",
        "width": 2.0
      },
      "type": "Feature"
    },
    {
      "geometry": {
        "coordinates": [
          [
            [
              105.84909305165732,
              21.028972352078444
            ],
            [
              105.84909645173792,
              21.028969817789932
            ],
            [
              105.84909993178643,
              21.028963792334633
            ],
            [
              105.84911689268722,
              21.02897232869608
            ],
            [
              105.84911154736356,
              21.028981582716238
            ],
            [
              105.84910507574514,
              21.028986406677763
            ],
            [
              105.84909305165732,
              21.028972352078444
            ]
          ]
        ],
        "type": "Polygon"
      },
      "properties": {
        "allowed_turns": [],
        "direction": "Fwd",
        "index": 0,
        "layer": 0,
        "osm_way_ids": [
          1340978205
        ],
        "road": 347,
        "speed_limit": "None",
        "type": "Footway",
        "width": 2.0
      },
      "type": "Feature"
    },
    {
      "geometry": {
        "coordinates": [
          [
            [
              105.84926080309785,
              21.02897891802608
            ],
            [
              105.8492631318014,
              21.028978990871135
            ],
            [
              105.84936397998408,
              21.02896870173172
            ],
            [
              105.84940612498995,
              21.028942093500977
            ],
            [
              105.8494169216188,
              21.02895699166404
            ],
            [
              105.84937082061096,
              21.028986098210424
            ],
            [
              105.84926386789138,
              21.02899700968045
            ],
            [
              105.84926015757391,
              21.02899689366795
            ],
            [
              105.84926080309785,
              21.02897891802608
            ]
          ]
        ],
        "type": "Polygon"
      },
      "properties": {
        "allowed_turns": [],
        "direction": "Fwd",
        "index": 0,
        "layer": 0,
        "osm_way_ids": [
          1340978206
        ],
        "road": 348,
        "speed_limit": "None",
        "type": "Footway",
        "width": 2.0
      },
      "type": "Feature"
    },
    {
      "geometry": {
        "coordinates": [
          [
            [
              105.84941109456086,
              21.028935437621175
            ],
            [
              105.84942373815896,
              21.028908250227268
            ],
            [
              105.84940185297029,
              21.028811494904968
            ],
            [
              105.8493888837198,
              21.028788638644304
            ],
            [
              105.84940591206339,
              21.028780219194672
            ],
            [
              105.84942014731159,
              21.028805305773123
            ],
            [
              105.84944386116362,
              21.02891014959467
            ],
            [
              105.84942877035533,
              21.028942599819086
            ],
            [
              105.84941109456086,
              21.028935437621175
            ]
          ]
        ],
        "type": "Polygon"
      },
      "properties": {
        "allowed_turns": [],
        "direction": "Fwd",
        "index": 0,
        "layer": 0,
        "osm_way_ids": [
          1340978206
        ],
        "road": 349,
        "speed_limit": "None",
        "type": "Footway",
        "width": 2.0
      },
      "type": "Feature"
    },
    {
      "geometry": {
        "coordinates": [
          [
            [
              105.84916351589503,
              21.028945638627068
            ],
            [
              105.84929535211748,
              21.028725204989136
            ],
            [
              105.84931217813268,
              21.028733971576937
            ],
            [
              105.84918034191021,
              21.02895440521487
            ],
            [
              105.84916351589503,
              21.028945638627068
            ]
          ]
        ],
        "type": "Polygon"
      },
      "properties": {
        "allowed_turns": [],
        "direction": "Fwd",
        "index": 0,
        "layer": 0,
        "osm_way_ids": [
          1340978207
        ],
        "road": 350,
        "speed_limit": "None",
        "type": "Footway",
        "width": 2.0
      },
      "type": "Feature"
    },
    {
      "geometry": {
        "coordinates": [
          [
            [
              105.84893705260649,
              21.028825179883075
            ],
            [
              105.84891777263682,
              21.02881417218563
            ],
            [
              105.84892782739487,
              21.02879882795901
            ],
            [
              105.84894710736452,
              21.028809835656457
            ],
            [
              105.84893705260649,
              21.028825179883075
            ]
          ]
        ],
        "type": "Polygon"
      },
      "properties": {
        "allowed_turns": [],
        "direction": "Fwd",
        "index": 0,
        "layer": 0,
        "osm_way_ids": [
          1340978208
        ],
        "road": 351,
        "speed_limit": "None",
        "type": "Footway",
        "width": 2.0
      },
      "type": "Feature"
    },
    {
      "geometry": {
        "coordinates": [
          [
            [
              105.84891769459587,
              21.028814126320224
            ],
            [
              105.84891049459522,
              21.02880992648795
            ],
            [
              105.84892070543518,
              21.02879467399214
            ],
            [
              105.84892790543583,
              21.028798873824417
            ],
            [
              105.84891769459587,
              21.028814126320224
            ]
          ]
        ],
        "type": "Polygon"
      },
      "properties": {
        "allowed_turns": [],
        "direction": "Fwd",
        "index": 0,
        "layer": 0,
        "osm_way_ids": [
          1340978210
        ],
        "road": 353,
        "speed_limit": "None",
        "type": "Footway",
        "width": 2.0
      },
      "type": "Feature"
    },
    {
      "geometry": {
        "coordinates": [
          [
            [
              105.84890218756915,
              21.02880516188165
            ],
            [
              105.84889835296423,
              21.028802961241485
            ],
            [
              105.84890844626102,
              21.028787638598587
            ],
            [
              105.84891228086595,
              21.028789839238755
            ],
            [
              105.84890218756915,
              21.02880516188165
            ]
          ]
        ],
        "type": "Polygon"
      },
      "properties": {
        "allowed_turns": [],
        "direction": "Fwd",
        "index": 0,
        "layer": 0,
        "osm_way_ids": [
          1340978210
        ],
        "road": 354,
        "speed_limit": "None",
        "type": "Footway",
        "width": 2.0
      },
      "type": "Feature"
    },
    {
      "geometry": {
        "coordinates": [
          [
            [
              105.84894345870903,
              21.02877586557839
            ],
            [
              105.8489288843199,
              21.028798966454552
            ],
            [
              105.84891227990248,
              21.028789840138078
            ],
            [
              105.84892685429162,
              21.02876673926191
            ],
            [
              105.84894345870903,
              21.02877586557839
            ]
          ]
        ],
        "type": "Polygon"
      },
      "properties": {
        "allowed_turns": [],
        "direction": "Fwd",
        "index": 0,
        "layer": 0,
        "osm_way_ids": [
          1340978211
        ],
        "road": 355,
        "speed_limit": "None",
        "type": "Footway",
        "width": 2.0
      },
      "type": "Feature"
    },
    {
      "geometry": {
        "coordinates": [
          [
            [
              105.84888093056199,
              21.028773101063525
            ],
            [
              105.84890814373189,
              21.028787473123398
            ],
            [
              105.84889865549336,
              21.028803126716674
            ],
            [
              105.84887144232346,
              21.0287887546568
            ],
            [
              105.84888093056199,
              21.028773101063525
            ]
          ]
        ],
        "type": "Polygon"
      },
      "properties": {
        "allowed_turns": [],
        "direction": "Fwd",
        "index": 0,
        "layer": 0,
        "osm_way_ids": [
          1340978212
        ],
        "road": 356,
        "speed_limit": "None",
        "type": "Footway",
        "width": 2.0
      },
      "type": "Feature"
    },
    {
      "geometry": {
        "coordinates": [
          [
            [
              105.84887082088623,
              21.028788906642166
            ],
            [
              105.84887062048477,
              21.028789203418324
            ],
            [
              105.84885431859648,
              21.028779613051857
            ],
            [
              105.84885451899794,
              21.0287793162757
            ],
            [
              105.84887082088623,
              21.028788906642166
            ]
          ]
        ],
        "type": "Polygon"
      },
      "properties": {
        "allowed_turns": [],
        "direction": "Fwd",
        "index": 0,
        "layer": 0,
        "osm_way_ids": [
          1340978213
        ],
        "road": 357,
        "speed_limit": "None",
        "type": "Footway",
        "width": 2.0
      },
      "type": "Feature"
    },
    {
      "geometry": {
        "coordinates": [
          [
            [
              105.84986929131105,
              21.028191705780916
            ],
            [
              105.85008079193263,
              21.0282602367914
            ],
            [
              105.84995815779853,
              21.028563979093768
            ],
            [
              105.84995365069254,
              21.028562392690315
            ],
            [
              105.85007454094851,
              21.02826297072933
            ],
            [
              105.84986771122259,
              21.028195954176564
            ],
            [
              105.84986929131105,
              21.028191705780916
            ]
          ]
        ],
        "type": "Polygon"
      },
      "properties": {
        "allowed_turns": [],
        "direction": "Back",
        "index": 0,
        "layer": 0,
        "osm_way_ids": [
          1523244025,
          1523244025
        ],
        "road": 359,
        "speed_limit": "None",
        "type": "Shoulder",
        "width": 0.5
      },
      "type": "Feature"
    },
    {
      "geometry": {
        "coordinates": [
          [
            [
              105.84987561070143,
              21.028174713996968
            ],
            [
              105.85010579875949,
              21.02824930014037
            ],
            [
              105.84997618911291,
              21.028570322009625
            ],
            [
              105.84995815683506,
              21.02856397819445
            ],
            [
              105.85008079096916,
              21.02826023589208
            ],
            [
              105.84986929227452,
              21.028191705780916
            ],
            [
              105.84987561070143,
              21.028174713996968
            ]
          ]
        ],
        "type": "Polygon"
      },
      "properties": {
        "allowed_turns": [],
        "direction": "Back",
        "index": 1,
        "layer": 0,
        "osm_way_ids": [
          1523244025,
          1523244025
        ],
        "road": 359,
        "speed_limit": "None",
        "type": "Driving",
        "width": 2.0
      },
      "type": "Feature"
    },
    {
      "geometry": {
        "coordinates": [
          [
            [
              105.84988192912834,
              21.02815772221302
            ],
            [
              105.85013080944023,
              21.02823836438866
            ],
            [
              105.84999422139076,
              21.0285766658248
            ],
            [
              105.84997618911291,
              21.028570322009625
            ],
            [
              105.85010579972295,
              21.02824930014037
            ],
            [
              105.84987561070143,
              21.028174713996968
            ],
            [
              105.84988192912834,
              21.02815772221302
            ]
          ]
        ],
        "type": "Polygon"
      },
      "properties": {
        "allowed_turns": [],
        "direction": "Fwd",
        "index": 2,
        "layer": 0,
        "osm_way_ids": [
          1523244025,
          1523244025
        ],
        "road": 359,
        "speed_limit": "None",
        "type": "Driving",
        "width": 2.0
      },
      "type": "Feature"
    },
    {
      "geometry": {
        "coordinates": [
          [
            [
              105.84988351018028,
              21.028153473817373
            ],
            [
              105.85013705849741,
              21.02823562955141
            ],
            [
              105.84999872753329,
              21.028578251328934
            ],
            [
              105.84999422042729,
              21.02857666492548
            ],
            [
              105.8501308075133,
              21.02823836348934
            ],
            [
              105.84988193009181,
              21.02815772221302
            ],
            [
              105.84988351018028,
              21.028153473817373
            ]
          ]
        ],
        "type": "Polygon"
      },
      "properties": {
        "allowed_turns": [],
        "direction": "Fwd",
        "index": 3,
        "layer": 0,
        "osm_way_ids": [
          1523244025,
          1523244025
        ],
        "road": 359,
        "speed_limit": "None",
        "type": "Shoulder",
        "width": 0.5
      },
      "type": "Feature"
    },
    {
      "geometry": {
        "coordinates": [
          [
            [
              105.84784354371449,
              21.029205216140728
            ],
            [
              105.84823505784114,
              21.029376025207988
            ],
            [
              105.84822893788875,
              21.029388245191065
            ],
            [
              105.8478374237621,
              21.029217436123805
            ],
            [
              105.84784354371449,
              21.029205216140728
            ]
          ]
        ],
        "type": "Polygon"
      },
      "properties": {
        "allowed_turns": [],
        "direction": "Back",
        "index": 0,
        "layer": 0,
        "osm_way_ids": [
          1525451873
        ],
        "road": 362,
        "speed_limit": "None",
        "type": "Sidewalk",
        "width": 1.5
      },
      "type": "Feature"
    },
    {
      "geometry": {
        "coordinates": [
          [
            [
              105.8478557826558,
              21.029180774375927
            ],
            [
              105.84824729678245,
              21.029351583443187
            ],
            [
              105.8482350588046,
              21.029376025207988
            ],
            [
              105.84784354467796,
              21.029205216140728
            ],
            [
              105.8478557826558,
              21.029180774375927
            ]
          ]
        ],
        "type": "Polygon"
      },
      "properties": {
        "allowed_turns": [],
        "direction": "Back",
        "index": 1,
        "layer": 0,
        "osm_way_ids": [
          1525451873
        ],
        "road": 362,
        "speed_limit": "None",
        "type": "Driving",
        "width": 3.0
      },
      "type": "Feature"
    },
    {
      "geometry": {
        "coordinates": [
          [
            [
              105.84786802063364,
              21.02915633261113
            ],
            [
              105.84825953476029,
              21.02932714167839
            ],
            [
              105.84824729678245,
              21.029351583443187
            ],
            [
              105.8478557826558,
              21.029180774375927
            ],
            [
              105.84786802063364,
              21.02915633261113
            ]
          ]
        ],
        "type": "Polygon"
      },
      "properties": {
        "allowed_turns": [],
        "direction": "Fwd",
        "index": 2,
        "layer": 0,
        "osm_way_ids": [
          1525451873
        ],
        "road": 362,
        "speed_limit": "None",
        "type": "Driving",
        "width": 3.0
      },
      "type": "Feature"
    },
    {
      "geometry": {
        "coordinates": [
          [
            [
              105.8478741415495,
              21.02914411262805
            ],
            [
              105.84826565567614,
              21.029314921695313
            ],
            [
              105.84825953572376,
              21.02932714167839
            ],
            [
              105.84786802159711,
              21.02915633261113
            ],
            [
              105.8478741415495,
              21.02914411262805
            ]
          ]
        ],
        "type": "Polygon"
      },
      "properties": {
        "allowed_turns": [],
        "direction": "Fwd",
        "index": 3,
        "layer": 0,
        "osm_way_ids": [
          1525451873
        ],
        "road": 362,
        "speed_limit": "None",
        "type": "Sidewalk",
        "width": 1.5
      },
      "type": "Feature"
    },
    {
      "geometry": {
        "coordinates": [
          [
            [
              105.8485454074481,
              21.02878659898272
            ],
            [
              105.84844218816926,
              21.02896340292834
            ],
            [
              105.84843795854222,
              21.028961251750868
            ],
            [
              105.84854117782106,
              21.028784447805243
            ],
            [
              105.8485454074481,
              21.02878659898272
            ]
          ]
        ],
        "type": "Polygon"
      },
      "properties": {
        "allowed_turns": [],
        "direction": "Back",
        "index": 0,
        "layer": -2,
        "osm_way_ids": [
          1525451874
        ],
        "road": 363,
        "speed_limit": "None",
        "type": "Shoulder",
        "width": 0.5
      },
      "type": "Feature"
    },
    {
      "geometry": {
        "coordinates": [
          [
            [
              105.84856232788322,
              21.02879520549126
            ],
            [
              105.84845910860437,
              21.02897200943688
            ],
            [
              105.84844218816926,
              21.02896340292834
            ],
            [
              105.8485454074481,
              21.02878659898272
            ],
            [
              105.84856232788322,
              21.02879520549126
            ]
          ]
        ],
        "type": "Polygon"
      },
      "properties": {
        "allowed_turns": [],
        "direction": "Back",
        "index": 1,
        "layer": -2,
        "osm_way_ids": [
          1525451874
        ],
        "road": 363,
        "speed_limit": "None",
        "type": "Driving",
        "width": 2.0
      },
      "type": "Feature"
    },
    {
      "geometry": {
        "coordinates": [
          [
            [
              105.84857924831833,
              21.0288038119998
            ],
            [
              105.84847602903949,
              21.028980615945425
            ],
            [
              105.84845910860437,
              21.02897200943688
            ],
            [
              105.84856232788322,
              21.02879520549126
            ],
            [
              105.84857924831833,
              21.0288038119998
            ]
          ]
        ],
        "type": "Polygon"
      },
      "properties": {
        "allowed_turns": [],
        "direction": "Fwd",
        "index": 2,
        "layer": -2,
        "osm_way_ids": [
          1525451874
        ],
        "road": 363,
        "speed_limit": "None",
        "type": "Driving",
        "width": 2.0
      },
      "type": "Feature"
    },
    {
      "geometry": {
        "coordinates": [
          [
            [
              105.84858347794537,
              21.028805963177273
            ],
            [
              105.84848025866653,
              21.028982767122898
            ],
            [
              105.84847602903949,
              21.028980615945425
            ],
            [
              105.84857924831833,
              21.0288038119998
            ],
            [
              105.84858347794537,
              21.028805963177273
            ]
          ]
        ],
        "type": "Polygon"
      },
      "properties": {
        "allowed_turns": [],
        "direction": "Fwd",
        "index": 3,
        "layer": -2,
        "osm_way_ids": [
          1525451874
        ],
        "road": 363,
        "speed_limit": "None",
        "type": "Shoulder",
        "width": 0.5
      },
      "type": "Feature"
    },
    {
      "geometry": {
        "coordinates": [
          [
            [
              105.84845665464991,
              21.02902726915724
            ],
            [
              105.84892005124,
              21.02923665103096
            ],
            [
              105.84891795280545,
              21.02924069797855
            ],
            [
              105.84845455621536,
              21.029031316104827
            ],
            [
              105.84845665464991,
              21.02902726915724
            ]
          ]
        ],
        "type": "Polygon"
      },
      "properties": {
        "allowed_turns": [],
        "direction": "Back",
        "index": 0,
        "layer": 0,
        "osm_way_ids": [
          1525451875
        ],
        "road": 364,
        "speed_limit": "None",
        "type": "Shoulder",
        "width": 0.5
      },
      "type": "Feature"
    },
    {
      "geometry": {
        "coordinates": [
          [
            [
              105.84846505031507,
              21.029011079568235
            ],
            [
              105.84892844690516,
              21.02922046144196
            ],
            [
              105.84892005124,
              21.02923665103096
            ],
            [
              105.84845665464991,
              21.02902726915724
            ],
            [
              105.84846505031507,
              21.029011079568235
            ]
          ]
        ],
        "type": "Polygon"
      },
      "properties": {
        "allowed_turns": [],
        "direction": "Back",
        "index": 1,
        "layer": 0,
        "osm_way_ids": [
          1525451875
        ],
        "road": 364,
        "speed_limit": "None",
        "type": "Driving",
        "width": 2.0
      },
      "type": "Feature"
    },
    {
      "geometry": {
        "coordinates": [
          [
            [
              105.84847344598023,
              21.028994889979234
            ],
            [
              105.84893684257032,
              21.029204271852954
            ],
            [
              105.84892844690516,
              21.02922046144196
            ],
            [
              105.84846505031507,
              21.029011079568235
            ],
            [
              105.84847344598023,
              21.028994889979234
            ]
          ]
        ],
        "type": "Polygon"
      },
      "properties": {
        "allowed_turns": [],
        "direction": "Fwd",
        "index": 2,
        "layer": 0,
        "osm_way_ids": [
          1525451875
        ],
        "road": 364,
        "speed_limit": "None",
        "type": "Driving",
        "width": 2.0
      },
      "type": "Feature"
    },
    {
      "geometry": {
        "coordinates": [
          [
            [
              105.8484755444148,
              21.028990843031643
            ],
            [
              105.84893894100489,
              21.029200224905367
            ],
            [
              105.84893684257032,
              21.029204271852954
            ],
            [
              105.84847344598023,
              21.028994889979234
            ],
            [
              105.8484755444148,
              21.028990843031643
            ]
          ]
        ],
        "type": "Polygon"
      },
      "properties": {
        "allowed_turns": [],
        "direction": "Fwd",
        "index": 3,
        "layer": 0,
        "osm_way_ids": [
          1525451875
        ],
        "road": 364,
        "speed_limit": "None",
        "type": "Shoulder",
        "width": 0.5
      },
      "type": "Feature"
    },
    {
      "geometry": {
        "coordinates": [
          [
            [
              105.84877453183685,
              21.029625485352675
            ],
            [
              105.84912043632464,
              21.02978420843579
            ],
            [
              105.8491140600896,
              21.029796315104335
            ],
            [
              105.84876815560182,
              21.029637592021217
            ],
            [
              105.84877453183685,
              21.029625485352675
            ]
          ]
        ],
        "type": "Polygon"
      },
      "properties": {
        "allowed_turns": [],
        "direction": "Back",
        "index": 0,
        "layer": 0,
        "osm_way_ids": [
          1525451876
        ],
        "road": 365,
        "speed_limit": "None",
        "type": "Sidewalk",
        "width": 1.5
      },
      "type": "Feature"
    },
    {
      "geometry": {
        "coordinates": [
          [
            [
              105.84878728334344,
              21.029601273814226
            ],
            [
              105.84913318783123,
              21.02975999689734
            ],
            [
              105.84912043536116,
              21.02978420843579
            ],
            [
              105.84877453087338,
              21.029625485352675
            ],
            [
              105.84878728334344,
              21.029601273814226
            ]
          ]
        ],
        "type": "Polygon"
      },
      "properties": {
        "allowed_turns": [],
        "direction": "Back",
        "index": 1,
        "layer": 0,
        "osm_way_ids": [
          1525451876
        ],
        "road": 365,
        "speed_limit": "None",
        "type": "Driving",
        "width": 3.0
      },
      "type": "Feature"
    },
    {
      "geometry": {
        "coordinates": [
          [
            [
              105.8488000358135,
              21.02957706227578
            ],
            [
              105.84914594030128,
              21.029735785358895
            ],
            [
              105.84913318783123,
              21.02975999689734
            ],
            [
              105.84878728334344,
              21.029601273814226
            ],
            [
              105.8488000358135,
              21.02957706227578
            ]
          ]
        ],
        "type": "Polygon"
      },
      "properties": {
        "allowed_turns": [],
        "direction": "Fwd",
        "index": 2,
        "layer": 0,
        "osm_way_ids": [
          1525451876
        ],
        "road": 365,
        "speed_limit": "None",
        "type": "Driving",
        "width": 3.0
      },
      "type": "Feature"
    },
    {
      "geometry": {
        "coordinates": [
          [
            [
              105.84880641108506,
              21.029564955607235
            ],
            [
              105.84915231557284,
              21.02972367869035
            ],
            [
              105.84914593933782,
              21.029735785358895
            ],
            [
              105.84880003485003,
              21.02957706227578
            ],
            [
              105.84880641108506,
              21.029564955607235
            ]
          ]
        ],
        "type": "Polygon"
      },
      "properties": {
        "allowed_turns": [],
        "direction": "Fwd",
        "index": 3,
        "layer": 0,
        "osm_way_ids": [
          1525451876
        ],
        "road": 365,
        "speed_limit": "None",
        "type": "Sidewalk",
        "width": 1.5
      },
      "type": "Feature"
    },
    {
      "geometry": {
        "coordinates": [
          [
            [
              105.85284151093344,
              21.025489533694213
            ],
            [
              105.85277696913707,
              21.02527686120244
            ],
            [
              105.85278160342092,
              21.025275636326302
            ],
            [
              105.85284614521728,
              21.025488308818076
            ],
            [
              105.85284151093344,
              21.025489533694213
            ]
          ]
        ],
        "type": "Polygon"
      },
      "properties": {
        "allowed_turns": [],
        "direction": "Back",
        "index": 0,
        "layer": 0,
        "osm_way_ids": [
          1533766141
        ],
        "road": 366,
        "speed_limit": "None",
        "type": "Shoulder",
        "width": 0.5
      },
      "type": "Feature"
    },
    {
      "geometry": {
        "coordinates": [
          [
            [
              105.85282297090765,
              21.025494434997405
            ],
            [
              105.85275842911129,
              21.02528176250563
            ],
            [
              105.8527769681736,
              21.025276860303116
            ],
            [
              105.85284150996998,
              21.02548953279489
            ],
            [
              105.85282297090765,
              21.025494434997405
            ]
          ]
        ],
        "type": "Polygon"
      },
      "properties": {
        "allowed_turns": [],
        "direction": "Back",
        "index": 1,
        "layer": 0,
        "osm_way_ids": [
          1533766141
        ],
        "road": 366,
        "speed_limit": "None",
        "type": "Driving",
        "width": 2.0
      },
      "type": "Feature"
    },
    {
      "geometry": {
        "coordinates": [
          [
            [
              105.85280443184533,
              21.025499337199918
            ],
            [
              105.85273989004897,
              21.025286664708144
            ],
            [
              105.85275842911129,
              21.02528176250563
            ],
            [
              105.85282297090765,
              21.025494434997405
            ],
            [
              105.85280443184533,
              21.025499337199918
            ]
          ]
        ],
        "type": "Polygon"
      },
      "properties": {
        "allowed_turns": [],
        "direction": "Fwd",
        "index": 2,
        "layer": 0,
        "osm_way_ids": [
          1533766141
        ],
        "road": 366,
        "speed_limit": "None",
        "type": "Driving",
        "width": 2.0
      },
      "type": "Feature"
    },
    {
      "geometry": {
        "coordinates": [
          [
            [
              105.85279979659802,
              21.025500562975378
            ],
            [
              105.85273525480164,
              21.025287890483604
            ],
            [
              105.8527398890855,
              21.025286665607467
            ],
            [
              105.85280443088186,
              21.02549933809924
            ],
            [
              105.85279979659802,
              21.025500562975378
            ]
          ]
        ],
        "type": "Polygon"
      },
      "properties": {
        "allowed_turns": [],
        "direction": "Fwd",
        "index": 3,
        "layer": 0,
        "osm_way_ids": [
          1533766141
        ],
        "road": 366,
        "speed_limit": "None",
        "type": "Shoulder",
        "width": 0.5
      },
      "type": "Feature"
    },
    {
      "geometry": {
        "coordinates": [
          [
            [
              105.85278917146657,
              21.025507210761283
            ],
            [
              105.85273261297081,
              21.025324074691664
            ],
            [
              105.85252026160649,
              21.025129616162012
            ],
            [
              105.85239722185213,
              21.02504649365716
            ],
            [
              105.85240004674199,
              21.02504285140433
            ],
            [
              105.85252338324467,
              21.025126173558593
            ],
            [
              105.85273688884435,
              21.025321691489196
            ],
            [
              105.8527937999696,
              21.02550596610007
            ],
            [
              105.85278917146657,
              21.025507210761283
            ]
          ]
        ],
        "type": "Polygon"
      },
      "properties": {
        "allowed_turns": [],
        "direction": "Back",
        "index": 0,
        "layer": 0,
        "osm_way_ids": [
          1533766149
        ],
        "road": 367,
        "speed_limit": "None",
        "type": "Shoulder",
        "width": 0.5
      },
      "type": "Feature"
    },
    {
      "geometry": {
        "coordinates": [
          [
            [
              105.8527706555275,
              21.02551219300343
            ],
            [
              105.85271549984199,
              21.02533360030697
            ],
            [
              105.85250780010394,
              21.025143400065502
            ],
            [
              105.85238592421962,
              21.025061064467128
            ],
            [
              105.85239722185213,
              21.02504649365716
            ],
            [
              105.85252026160649,
              21.02512961526269
            ],
            [
              105.85273261297081,
              21.025324074691664
            ],
            [
              105.85278917146657,
              21.025507210761283
            ],
            [
              105.8527706555275,
              21.02551219300343
            ]
          ]
        ],
        "type": "Polygon"
      },
      "properties": {
        "allowed_turns": [],
        "direction": "Back",
        "index": 1,
        "layer": 0,
        "osm_way_ids": [
          1533766149
        ],
        "road": 367,
        "speed_limit": "None",
        "type": "Driving",
        "width": 2.0
      },
      "type": "Feature"
    },
    {
      "geometry": {
        "coordinates": [
          [
            [
              105.85275213958843,
              21.02551717524557
            ],
            [
              105.85269838671316,
              21.025343125922273
            ],
            [
              105.8524953386014,
              21.025157184868313
            ],
            [
              105.8523746265871,
              21.025075635277094
            ],
            [
              105.85238592421962,
              21.025061064467128
            ],
            [
              105.85250780010394,
              21.025143400065502
            ],
            [
              105.85271549984199,
              21.02533360030697
            ],
            [
              105.8527706555275,
              21.02551219300343
            ],
            [
              105.85275213958843,
              21.02551717524557
            ]
          ]
        ],
        "type": "Polygon"
      },
      "properties": {
        "allowed_turns": [],
        "direction": "Fwd",
        "index": 2,
        "layer": 0,
        "osm_way_ids": [
          1533766149
        ],
        "road": 367,
        "speed_limit": "None",
        "type": "Driving",
        "width": 2.0
      },
      "type": "Feature"
    },
    {
      "geometry": {
        "coordinates": [
          [
            [
              105.8527475110854,
              21.025518419906785
            ],
            [
              105.85269411083962,
              21.025345509124744
            ],
            [
              105.85249221696321,
              21.025160626572408
            ],
            [
              105.85237180169725,
              21.025079277529922
            ],
            [
              105.8523746265871,
              21.025075635277094
            ],
            [
              105.8524953386014,
              21.025157183968993
            ],
            [
              105.85269838671316,
              21.025343125922273
            ],
            [
              105.85275213958843,
              21.02551717524557
            ],
            [
              105.8527475110854,
              21.025518419906785
            ]
          ]
        ],
        "type": "Polygon"
      },
      "properties": {
        "allowed_turns": [],
        "direction": "Fwd",
        "index": 3,
        "layer": 0,
        "osm_way_ids": [
          1533766149
        ],
        "road": 367,
        "speed_limit": "None",
        "type": "Shoulder",
        "width": 0.5
      },
      "type": "Feature"
    },
    {
      "geometry": {
        "coordinates": [
          [
            [
              105.85057645893917,
              21.02610235487384
            ],
            [
              105.85055396676529,
              21.026029510716544
            ],
            [
              105.85043572123055,
              21.026001812507918
            ],
            [
              105.8504284961797,
              21.02598190422374
            ],
            [
              105.85044218321428,
              21.025977576687783
            ],
            [
              105.85044688012358,
              21.025990518826177
            ],
            [
              105.85056555151144,
              21.026018315960187
            ],
            [
              105.85059034637521,
              21.026098619091552
            ],
            [
              105.85057645893917,
              21.02610235487384
            ]
          ]
        ],
        "type": "Polygon"
      },
      "properties": {
        "allowed_turns": [],
        "direction": "Back",
        "index": 0,
        "layer": 0,
        "osm_way_ids": [
          1534168875,
          1534168874
        ],
        "road": 369,
        "speed_limit": "None",
        "type": "Sidewalk",
        "width": 1.5
      },
      "type": "Feature"
    },
    {
      "geometry": {
        "coordinates": [
          [
            [
              105.85054868599403,
              21.02610982643841
            ],
            [
              105.8505308001634,
              21.026051900229252
            ],
            [
              105.85041339959061,
              21.0260243998714
            ],
            [
              105.85040111922015,
              21.025990560194973
            ],
            [
              105.85042849521624,
              21.02598190512306
            ],
            [
              105.85043571930362,
              21.026001812507918
            ],
            [
              105.85055396772876,
              21.026029510716544
            ],
            [
              105.85057645893917,
              21.02610235487384
            ],
            [
              105.85054868599403,
              21.02610982643841
            ]
          ]
        ],
        "type": "Polygon"
      },
      "properties": {
        "allowed_turns": [],
        "direction": "Back",
        "index": 1,
        "layer": 0,
        "osm_way_ids": [
          1534168875,
          1534168874
        ],
        "road": 369,
        "speed_limit": "None",
        "type": "Driving",
        "width": 3.0
      },
      "type": "Feature"
    },
    {
      "geometry": {
        "coordinates": [
          [
            [
              105.85052091304888,
              21.026117298002983
            ],
            [
              105.85050763356152,
              21.026074289741963
            ],
            [
              105.8503910798776,
              21.026046987234878
            ],
            [
              105.85037374322405,
              21.025999215266886
            ],
            [
              105.85040111922015,
              21.025990560194973
            ],
            [
              105.85041339959061,
              21.0260243998714
            ],
            [
              105.85053079919993,
              21.026051900229252
            ],
            [
              105.85054868599403,
              21.02610982643841
            ],
            [
              105.85052091304888,
              21.026117298002983
            ]
          ]
        ],
        "type": "Polygon"
      },
      "properties": {
        "allowed_turns": [],
        "direction": "Fwd",
        "index": 2,
        "layer": 0,
        "osm_way_ids": [
          1534168875,
          1534168874
        ],
        "road": 369,
        "speed_limit": "None",
        "type": "Driving",
        "width": 3.0
      },
      "type": "Feature"
    },
    {
      "geometry": {
        "coordinates": [
          [
            [
              105.85050702561284,
              21.02612103378527
            ],
            [
              105.85049604881537,
              21.026085484498317
            ],
            [
              105.85037991809416,
              21.02605828091662
            ],
            [
              105.85036005426255,
              21.026003543702164
            ],
            [
              105.85037374322405,
              21.02599921616621
            ],
            [
              105.85039107891413,
              21.026046987234878
            ],
            [
              105.85050763356152,
              21.026074289741963
            ],
            [
              105.85052091304888,
              21.026117298002983
            ],
            [
              105.85050702561284,
              21.02612103378527
            ]
          ]
        ],
        "type": "Polygon"
      },
      "properties": {
        "allowed_turns": [],
        "direction": "Fwd",
        "index": 3,
        "layer": 0,
        "osm_way_ids": [
          1534168875,
          1534168874
        ],
        "road": 369,
        "speed_limit": "None",
        "type": "Sidewalk",
        "width": 1.5
      },
      "type": "Feature"
    },
    {
      "geometry": {
        "coordinates": [
          [
            [
              105.8508786354422,
              21.025910066407413
            ],
            [
              105.85071234462005,
              21.0259556898959
            ],
            [
              105.85070826914797,
              21.025942746858185
            ],
            [
              105.85087455997014,
              21.0258971233697
            ],
            [
              105.8508786354422,
              21.025910066407413
            ]
          ]
        ],
        "type": "Polygon"
      },
      "properties": {
        "allowed_turns": [],
        "direction": "Back",
        "index": 0,
        "layer": 0,
        "osm_way_ids": [
          1534168876
        ],
        "road": 370,
        "speed_limit": "None",
        "type": "Sidewalk",
        "width": 1.5
      },
      "type": "Feature"
    },
    {
      "geometry": {
        "coordinates": [
          [
            [
              105.85088678638635,
              21.025935950684197
            ],
            [
              105.85072049556419,
              21.025981574172683
            ],
            [
              105.85071234462005,
              21.0259556898959
            ],
            [
              105.8508786354422,
              21.025910066407413
            ],
            [
              105.85088678638635,
              21.025935950684197
            ]
          ]
        ],
        "type": "Polygon"
      },
      "properties": {
        "allowed_turns": [],
        "direction": "Back",
        "index": 1,
        "layer": 0,
        "osm_way_ids": [
          1534168876
        ],
        "road": 370,
        "speed_limit": "None",
        "type": "Driving",
        "width": 3.0
      },
      "type": "Feature"
    },
    {
      "geometry": {
        "coordinates": [
          [
            [
              105.8508949373305,
              21.02596183496098
            ],
            [
              105.85072864650833,
              21.026007458449467
            ],
            [
              105.85072049556419,
              21.025981574172683
            ],
            [
              105.85088678638635,
              21.025935950684197
            ],
            [
              105.8508949373305,
              21.02596183496098
            ]
          ]
        ],
        "type": "Polygon"
      },
      "properties": {
        "allowed_turns": [],
        "direction": "Fwd",
        "index": 2,
        "layer": 0,
        "osm_way_ids": [
          1534168876
        ],
        "road": 370,
        "speed_limit": "None",
        "type": "Driving",
        "width": 3.0
      },
      "type": "Feature"
    },
    {
      "geometry": {
        "coordinates": [
          [
            [
              105.85089901280257,
              21.025974777998695
            ],
            [
              105.8507327219804,
              21.02602040148718
            ],
            [
              105.85072864650833,
              21.026007458449467
            ],
            [
              105.8508949373305,
              21.02596183496098
            ],
            [
              105.85089901280257,
              21.025974777998695
            ]
          ]
        ],
        "type": "Polygon"
      },
      "properties": {
        "allowed_turns": [],
        "direction": "Fwd",
        "index": 3,
        "layer": 0,
        "osm_way_ids": [
          1534168876
        ],
        "road": 370,
        "speed_limit": "None",
        "type": "Sidewalk",
        "width": 1.5
      },
      "type": "Feature"
    },
    {
      "geometry": {
        "coordinates": [
          [
            [
              105.85066959262896,
              21.025967205710096
            ],
            [
              105.85054575993996,
              21.026000562450772
            ],
            [
              105.8505417519107,
              21.025987601426625
            ],
            [
              105.8506655845997,
              21.025954244685945
            ],
            [
              105.85066959262896,
              21.025967205710096
            ]
          ]
        ],
        "type": "Polygon"
      },
      "properties": {
        "allowed_turns": [],
        "direction": "Back",
        "index": 0,
        "layer": 0,
        "osm_way_ids": [
          1534168876
        ],
        "road": 371,
        "speed_limit": "None",
        "type": "Sidewalk",
        "width": 1.5
      },
      "type": "Feature"
    },
    {
      "geometry": {
        "coordinates": [
          [
            [
              105.85067760676057,
              21.02599312775839
            ],
            [
              105.85055377407157,
              21.026026484499067
            ],
            [
              105.85054575993996,
              21.026000562450772
            ],
            [
              105.85066959262896,
              21.025967205710096
            ],
            [
              105.85067760676057,
              21.02599312775839
            ]
          ]
        ],
        "type": "Polygon"
      },
      "properties": {
        "allowed_turns": [],
        "direction": "Back",
        "index": 1,
        "layer": 0,
        "osm_way_ids": [
          1534168876
        ],
        "road": 371,
        "speed_limit": "None",
        "type": "Driving",
        "width": 3.0
      },
      "type": "Feature"
    },
    {
      "geometry": {
        "coordinates": [
          [
            [
              105.85068562089218,
              21.026019049806685
            ],
            [
              105.85056178820318,
              21.02605240654736
            ],
            [
              105.85055377407157,
              21.026026484499067
            ],
            [
              105.85067760676057,
              21.02599312775839
            ],
            [
              105.85068562089218,
              21.026019049806685
            ]
          ]
        ],
        "type": "Polygon"
      },
      "properties": {
        "allowed_turns": [],
        "direction": "Fwd",
        "index": 2,
        "layer": 0,
        "osm_way_ids": [
          1534168876
        ],
        "road": 371,
        "speed_limit": "None",
        "type": "Driving",
        "width": 3.0
      },
      "type": "Feature"
    },
    {
      "geometry": {
        "coordinates": [
          [
            [
              105.85068962892146,
              21.026032010830832
            ],
            [
              105.85056579623244,
              21.02606536757151
            ],
            [
              105.85056178820318,
              21.02605240654736
            ],
            [
              105.85068562089218,
              21.026019049806685
            ],
            [
              105.85068962892146,
              21.026032010830832
            ]
          ]
        ],
        "type": "Polygon"
      },
      "properties": {
        "allowed_turns": [],
        "direction": "Fwd",
        "index": 3,
        "layer": 0,
        "osm_way_ids": [
          1534168876
        ],
        "road": 371,
        "speed_limit": "None",
        "type": "Sidewalk",
        "width": 1.5
      },
      "type": "Feature"
    },
    {
      "geometry": {
        "coordinates": [
          [
            [
              105.85079196277267,
              21.0261315018897
            ],
            [
              105.85075957095918,
              21.02601505951636
            ],
            [
              105.85077355859595,
              21.0260116690736
            ],
            [
              105.85080595040944,
              21.02612811144694
            ],
            [
              105.85079196277267,
              21.0261315018897
            ]
          ]
        ],
        "type": "Polygon"
      },
      "properties": {
        "allowed_turns": [],
        "direction": "Back",
        "index": 0,
        "layer": 0,
        "osm_way_ids": [
          1534168877
        ],
        "road": 372,
        "speed_limit": "None",
        "type": "Sidewalk",
        "width": 1.5
      },
      "type": "Feature"
    },
    {
      "geometry": {
        "coordinates": [
          [
            [
              105.85076398653567,
              21.026138282775218
            ],
            [
              105.85073159472218,
              21.026021840401878
            ],
            [
              105.85075957192265,
              21.02601505951636
            ],
            [
              105.85079196373614,
              21.0261315018897
            ],
            [
              105.85076398653567,
              21.026138282775218
            ]
          ]
        ],
        "type": "Polygon"
      },
      "properties": {
        "allowed_turns": [],
        "direction": "Back",
        "index": 1,
        "layer": 0,
        "osm_way_ids": [
          1534168877
        ],
        "road": 372,
        "speed_limit": "None",
        "type": "Driving",
        "width": 3.0
      },
      "type": "Feature"
    },
    {
      "geometry": {
        "coordinates": [
          [
            [
              105.85073600933518,
              21.026145063660735
            ],
            [
              105.85070361752169,
              21.026028621287395
            ],
            [
              105.85073159472218,
              21.026021840401878
            ],
            [
              105.85076398653567,
              21.026138282775218
            ],
            [
              105.85073600933518,
              21.026145063660735
            ]
          ]
        ],
        "type": "Polygon"
      },
      "properties": {
        "allowed_turns": [],
        "direction": "Fwd",
        "index": 2,
        "layer": 0,
        "osm_way_ids": [
          1534168877
        ],
        "road": 372,
        "speed_limit": "None",
        "type": "Driving",
        "width": 3.0
      },
      "type": "Feature"
    },
    {
      "geometry": {
        "coordinates": [
          [
            [
              105.85072202266188,
              21.02614845410349
            ],
            [
              105.8506896308484,
              21.026032011730152
            ],
            [
              105.85070361848516,
              21.026028621287395
            ],
            [
              105.85073601029865,
              21.026145063660735
            ],
            [
              105.85072202266188,
              21.02614845410349
            ]
          ]
        ],
        "type": "Polygon"
      },
      "properties": {
        "allowed_turns": [],
        "direction": "Fwd",
        "index": 3,
        "layer": 0,
        "osm_way_ids": [
          1534168877
        ],
        "road": 372,
        "speed_limit": "None",
        "type": "Sidewalk",
        "width": 1.5
      },
      "type": "Feature"
    }
  ],
  "type": "FeatureCollection"
}