<?xml version="1.0" encoding="UTF-8"?>
<osm version="0.6" generator="Overpass API 0.7.62.11 87bfad18">
<note>The data included in this document is from www.openstreetmap.org. The data is made available under ODbL.</note>
<meta osm_base="2026-07-16T02:04:50Z"/>

  <bounds minlat="21.0255000" minlon="105.8470000" maxlat="21.0303000" maxlon="105.8540000"/>

  <node id="75617751" lat="21.0254707" lon="105.8532200" version="23" timestamp="2026-06-05T04:02:55Z" changeset="183672838" uid="20364807" user="sbachinin"/>
  <node id="75617754" lat="21.0283629" lon="105.8513043" version="13" timestamp="2026-06-05T12:48:26Z" changeset="183694268" uid="20364807" user="sbachinin"/>
  <node id="75617755" lat="21.0292724" lon="105.8513605" version="10" timestamp="2023-11-01T11:02:10Z" changeset="143468422" uid="11691953" user="ItsLouisAnderson"/>
  <node id="75617760" lat="21.0314055" lon="105.8510021" version="15" timestamp="2023-11-09T14:50:29Z" changeset="143826136" uid="11691953" user="ItsLouisAnderson"/>
  <node id="75617763" lat="21.0302875" lon="105.8538796" version="15" timestamp="2023-11-09T14:50:29Z" changeset="143826136" uid="11691953" user="ItsLouisAnderson"/>
  <node id="81794043" lat="21.0304548" lon="105.8474725" version="14" timestamp="2024-08-07T18:50:50Z" changeset="154949906" uid="12544910" user="nols420">
    <tag k="button_operated" v="no"/>
    <tag k="crossing" v="traffic_signals"/>
    <tag k="highway" v="traffic_signals"/>
    <tag k="traffic_signals:sound" v="no"/>
    <tag k="traffic_signals:vibration" v="no"/>
  </node>
  <node id="98009137" lat="21.0247186" lon="105.8513222" version="16" timestamp="2023-12-26T13:22:30Z" changeset="145534011" uid="11691953" user="ItsLouisAnderson"/>
  <node id="98009579" lat="21.0263959" lon="105.8500986" version="14" timestamp="2019-07-25T14:36:34Z" changeset="72649558" uid="9965337" user="ReedtheRiver"/>
  <node id="98009580" lat="21.0251837" lon="105.8496991" version="11" timestamp="2023-12-26T13:22:30Z" changeset="145534011" uid="11691953" user="ItsLouisAnderson"/>
  <node id="98009663" lat="21.0270442" lon="105.8477905" version="16" timestamp="2020-11-30T06:21:54Z" changeset="95020564" uid="11691953" user="ItsLouisAnderson"/>
  <node id="98010039" lat="21.0258729" lon="105.8474105" version="14" timestamp="2023-12-26T13:22:30Z" changeset="145534011" uid="11691953" user="ItsLouisAnderson"/>
  <node id="98010332" lat="21.0270181" lon="105.8558255" version="14" timestamp="2023-12-20T15:05:30Z" changeset="145335355" uid="11691953" user="ItsLouisAnderson"/>
  <node id="98044325" lat="21.0275442" lon="105.8459871" version="12" timestamp="2023-01-26T13:59:21Z" changeset="131733996" uid="11691953" user="ItsLouisAnderson"/>
  <node id="98044691" lat="21.0299584" lon="105.8465680" version="12" timestamp="2023-10-24T01:09:01Z" changeset="143042526" uid="3323343" user="phoenixsaigon1698"/>
  <node id="103010880" lat="21.0269692" lon="105.8502987" version="7" timestamp="2011-11-10T19:03:31Z" changeset="9791281" uid="47976" user="ninomax"/>
  <node id="103010881" lat="21.0288634" lon="105.8495754" version="13" timestamp="2020-02-11T03:01:55Z" changeset="80822495" uid="922338" user="Hervé TUC"/>
  <node id="103010884" lat="21.0297790" lon="105.8491746" version="7" timestamp="2026-05-27T04:36:37Z" changeset="183236528" uid="19853899" user="tnnk-gis"/>
  <node id="103010886" lat="21.0305684" lon="105.8488561" version="8" timestamp="2020-02-11T03:01:55Z" changeset="80822495" uid="922338" user="Hervé TUC"/>
  <node id="103010952" lat="21.0299780" lon="105.8477212" version="6" timestamp="2020-02-11T03:01:55Z" changeset="80822495" uid="922338" user="Hervé TUC"/>
  <node id="103011356" lat="21.0291543" lon="105.8477951" version="7" timestamp="2026-05-27T04:36:37Z" changeset="183236528" uid="19853899" user="tnnk-gis"/>
  <node id="103011363" lat="21.0291960" lon="105.8505926" version="13" timestamp="2020-02-11T03:01:55Z" changeset="80822495" uid="922338" user="Hervé TUC"/>
  <node id="103011365" lat="21.0297461" lon="105.8503021" version="6" timestamp="2019-07-05T13:59:23Z" changeset="71933947" uid="625303" user="TuanIfan"/>
  <node id="103011372" lat="21.0313156" lon="105.8491377" version="13" timestamp="2020-02-10T11:31:27Z" changeset="80792879" uid="922338" user="Hervé TUC"/>
  <node id="103012143" lat="21.0310594" lon="105.8486543" version="10" timestamp="2023-10-24T01:00:12Z" changeset="143042413" uid="3323343" user="phoenixsaigon1698"/>
  <node id="104763597" lat="21.0278726" lon="105.8511636" version="13" timestamp="2026-06-05T12:48:26Z" changeset="183694268" uid="20364807" user="sbachinin"/>
  <node id="309597635" lat="21.0273306" lon="105.8535626" version="6" timestamp="2026-06-05T04:02:55Z" changeset="183672838" uid="20364807" user="sbachinin"/>
  <node id="309597639" lat="21.0254087" lon="105.8553119" version="4" timestamp="2023-12-23T06:49:54Z" changeset="145428361" uid="11691953" user="ItsLouisAnderson"/>
  <node id="309597640" lat="21.0256720" lon="105.8545573" version="7" timestamp="2023-12-23T06:49:54Z" changeset="145428361" uid="11691953" user="ItsLouisAnderson"/>
  <node id="309597644" lat="21.0278901" lon="105.8536483" version="5" timestamp="2023-12-20T15:05:30Z" changeset="145335355" uid="11691953" user="ItsLouisAnderson"/>
  <node id="309597647" lat="21.0275958" lon="105.8558536" version="6" timestamp="2025-07-26T14:11:22Z" changeset="169509234" uid="20910140" user="Hung Tran 9x0"/>
  <node id="309601293" lat="21.0304942" lon="105.8510613" version="5" timestamp="2023-11-01T11:02:10Z" changeset="143468422" uid="11691953" user="ItsLouisAnderson"/>
  <node id="309601310" lat="21.0298982" lon="105.8501974" version="4" timestamp="2023-09-25T06:26:47Z" changeset="141714534" uid="11691953" user="ItsLouisAnderson"/>
  <node id="309601536" lat="21.0312485" lon="105.8509485" version="4" timestamp="2020-11-28T14:13:00Z" changeset="94945477" uid="11691953" user="ItsLouisAnderson"/>
  <node id="309642113" lat="21.0289498" lon="105.8554378" version="5" timestamp="2023-12-25T17:10:02Z" changeset="145505580" uid="11691953" user="ItsLouisAnderson"/>
  <node id="309642117" lat="21.0287988" lon="105.8537903" version="6" timestamp="2023-11-09T14:50:29Z" changeset="143826136" uid="11691953" user="ItsLouisAnderson"/>
  <node id="317319368" lat="21.0260006" lon="105.8468693" version="6" timestamp="2022-11-02T08:32:49Z" changeset="128378092" uid="11691953" user="ItsLouisAnderson">
    <tag k="crossing" v="traffic_signals"/>
    <tag k="highway" v="traffic_signals"/>
    <tag k="traffic_signals:direction" v="backward"/>
  </node>
  <node id="317319370" lat="21.0256559" lon="105.8481220" version="9" timestamp="2026-05-09T05:54:41Z" changeset="182409550" uid="24092123" user="xuanhuong39"/>
  <node id="317319372" lat="21.0241716" lon="105.8476249" version="8" timestamp="2026-05-09T05:54:41Z" changeset="182409550" uid="24092123" user="xuanhuong39"/>
  <node id="322505330" lat="21.0291799" lon="105.8494419" version="2" timestamp="2013-03-04T21:41:36Z" changeset="15252117" uid="359725" user="oligo"/>
  <node id="322505365" lat="21.0287723" lon="105.8485757" version="5" timestamp="2026-05-27T04:36:37Z" changeset="183236528" uid="19853899" user="tnnk-gis"/>
  <node id="322505380" lat="21.0284076" lon="105.8482339" version="3" timestamp="2013-03-04T21:41:36Z" changeset="15252117" uid="359725" user="oligo"/>
  <node id="322505386" lat="21.0281712" lon="105.8479831" version="4" timestamp="2018-11-08T15:49:46Z" changeset="64296890" uid="1686268" user="gezginrocker"/>
  <node id="322505394" lat="21.0281196" lon="105.8477912" version="5" timestamp="2023-11-01T09:00:39Z" changeset="143462324" uid="3323343" user="phoenixsaigon1698"/>
  <node id="322505401" lat="21.0285735" lon="105.8477921" version="6" timestamp="2026-05-27T04:36:37Z" changeset="183236528" uid="19853899" user="tnnk-gis"/>
  <node id="322505406" lat="21.0285769" lon="105.8480573" version="4" timestamp="2026-05-27T04:36:37Z" changeset="183236528" uid="19853899" user="tnnk-gis"/>
  <node id="322505414" lat="21.0287340" lon="105.8482028" version="4" timestamp="2026-05-27T04:36:37Z" changeset="183236528" uid="19853899" user="tnnk-gis"/>
  <node id="322505422" lat="21.0288967" lon="105.8483476" version="4" timestamp="2026-05-27T04:36:37Z" changeset="183236528" uid="19853899" user="tnnk-gis"/>
  <node id="322505450" lat="21.0290008" lon="105.8484423" version="5" timestamp="2026-05-27T04:36:37Z" changeset="183236528" uid="19853899" user="tnnk-gis"/>
  <node id="322505458" lat="21.0292302" lon="105.8489500" version="4" timestamp="2026-05-27T04:36:37Z" changeset="183236528" uid="19853899" user="tnnk-gis"/>
  <node id="322505474" lat="21.0293614" lon="105.8482698" version="5" timestamp="2026-05-27T04:36:37Z" changeset="183236528" uid="19853899" user="tnnk-gis"/>
  <node id="963611926" lat="21.0287350" lon="105.8536800" version="4" timestamp="2023-11-05T09:53:22Z" changeset="143642520" uid="11691953" user="ItsLouisAnderson"/>
  <node id="977640003" lat="21.0258861" lon="105.8518712" version="8" timestamp="2026-06-05T04:02:55Z" changeset="183672838" uid="20364807" user="sbachinin">
    <tag k="button_operated" v="no"/>
    <tag k="crossing" v="traffic_signals"/>
    <tag k="highway" v="traffic_signals"/>
    <tag k="traffic_signals:direction" v="forward"/>
    <tag k="traffic_signals:sound" v="no"/>
    <tag k="traffic_signals:vibration" v="no"/>
  </node>
  <node id="1497570400" lat="21.0262615" lon="105.8505730" version="1" timestamp="2011-11-10T19:03:19Z" changeset="9791281" uid="47976" user="ninomax"/>
  <node id="1497570404" lat="21.0287850" lon="105.8513951" version="4" timestamp="2023-11-01T11:02:10Z" changeset="143468422" uid="11691953" user="ItsLouisAnderson"/>
  <node id="1497570407" lat="21.0289619" lon="105.8514013" version="4" timestamp="2023-11-01T11:02:10Z" changeset="143468422" uid="11691953" user="ItsLouisAnderson"/>
  <node id="1497570416" lat="21.0308863" lon="105.8509700" version="2" timestamp="2023-11-09T14:50:29Z" changeset="143826136" uid="11691953" user="ItsLouisAnderson"/>
  <node id="1497570422" lat="21.0310750" lon="105.8509385" version="1" timestamp="2011-11-10T19:03:20Z" changeset="9791281" uid="47976" user="ninomax"/>
  <node id="2169312345" lat="21.0285285" lon="105.8513442" version="4" timestamp="2023-11-01T11:02:10Z" changeset="143468422" uid="11691953" user="ItsLouisAnderson"/>
  <node id="2218033249" lat="21.0277929" lon="105.8478096" version="1" timestamp="2013-03-24T08:10:05Z" changeset="15474523" uid="1276367" user="QuangDBui@TMA"/>
  <node id="2218033250" lat="21.0280871" lon="105.8464630" version="2" timestamp="2026-06-05T06:50:45Z" changeset="183678155" uid="20364807" user="sbachinin"/>
  <node id="2218033253" lat="21.0289445" lon="105.8466530" version="4" timestamp="2026-06-05T06:50:45Z" changeset="183678155" uid="20364807" user="sbachinin"/>
  <node id="2218033254" lat="21.0287935" lon="105.8466201" version="3" timestamp="2026-06-05T06:50:45Z" changeset="183678155" uid="20364807" user="sbachinin"/>
  <node id="2218313051" lat="21.0307093" lon="105.8536718" version="3" timestamp="2023-11-09T14:50:29Z" changeset="143826136" uid="11691953" user="ItsLouisAnderson"/>
  <node id="2218313053" lat="21.0307661" lon="105.8539156" version="5" timestamp="2023-11-09T14:50:29Z" changeset="143826136" uid="11691953" user="ItsLouisAnderson"/>
  <node id="3147473691" lat="21.0278023" lon="105.8477663" version="2" timestamp="2021-07-10T15:33:36Z" changeset="107752707" uid="11196308" user="vietnam321">
    <tag k="barrier" v="gate"/>
  </node>
  <node id="4023205753" lat="21.0302356" lon="105.8506977" version="4" timestamp="2023-09-25T06:26:47Z" changeset="141714534" uid="11691953" user="ItsLouisAnderson"/>
  <node id="4023205754" lat="21.0309819" lon="105.8501211" version="2" timestamp="2019-07-04T13:49:06Z" changeset="71898163" uid="625303" user="TuanIfan"/>
  <node id="4023205755" lat="21.0311972" lon="105.8500809" version="1" timestamp="2016-02-24T08:44:13Z" changeset="37407264" uid="3628881" user="Pizza Hut VN"/>
  <node id="4023205756" lat="21.0312804" lon="105.8500718" version="2" timestamp="2019-07-04T13:49:06Z" changeset="71898163" uid="625303" user="TuanIfan"/>
  <node id="4023225769" lat="21.0267364" lon="105.8514466" version="7" timestamp="2026-06-05T12:48:26Z" changeset="183694268" uid="20364807" user="sbachinin">
    <tag k="crossing" v="uncontrolled"/>
    <tag k="highway" v="crossing"/>
  </node>
  <node id="4023283637" lat="21.0295916" lon="105.8487662" version="3" timestamp="2026-05-27T04:36:37Z" changeset="183236528" uid="19853899" user="tnnk-gis"/>
  <node id="4023283638" lat="21.0290003" lon="105.8490710" version="4" timestamp="2026-05-27T04:36:37Z" changeset="183236528" uid="19853899" user="tnnk-gis"/>
  <node id="4023288101" lat="21.0284200" lon="105.8487329" version="2" timestamp="2019-07-05T13:59:23Z" changeset="71933947" uid="625303" user="TuanIfan"/>
  <node id="4023288102" lat="21.0275690" lon="105.8489577" version="1" timestamp="2016-02-24T09:52:44Z" changeset="37408436" uid="3628881" user="Pizza Hut VN"/>
  <node id="4023288103" lat="21.0278067" lon="105.8499855" version="1" timestamp="2016-02-24T09:52:44Z" changeset="37408436" uid="3628881" user="Pizza Hut VN"/>
  <node id="5405026112" lat="21.0256560" lon="105.8534007" version="4" timestamp="2023-09-02T21:59:29Z" changeset="140737455" uid="11691953" user="ItsLouisAnderson"/>
  <node id="5405026114" lat="21.0276169" lon="105.8536089" version="6" timestamp="2023-12-20T15:05:30Z" changeset="145335355" uid="11691953" user="ItsLouisAnderson">
    <tag k="crossing" v="uncontrolled"/>
    <tag k="crossing:markings" v="zebra"/>
    <tag k="highway" v="crossing"/>
  </node>
  <node id="5405026115" lat="21.0307264" lon="105.8535479" version="3" timestamp="2023-11-01T11:02:10Z" changeset="143468422" uid="11691953" user="ItsLouisAnderson"/>
  <node id="5405026116" lat="21.0307699" lon="105.8536274" version="9" timestamp="2026-04-12T02:37:02Z" changeset="181212959" uid="22579655" user="inserteunnombreaqui">
    <tag k="crossing" v="uncontrolled"/>
    <tag k="crossing:markings" v="zebra"/>
    <tag k="highway" v="crossing"/>
  </node>
  <node id="5405026120" lat="21.0313028" lon="105.8533055" version="8" timestamp="2023-12-29T08:42:04Z" changeset="145650417" uid="3323343" user="phoenixsaigon1698"/>
  <node id="5701454486" lat="21.0289024" lon="105.8488529" version="4" timestamp="2026-05-27T04:36:37Z" changeset="183236528" uid="19853899" user="tnnk-gis"/>
  <node id="5701485503" lat="21.0295098" lon="105.8538454" version="4" timestamp="2023-11-09T14:50:29Z" changeset="143826136" uid="11691953" user="ItsLouisAnderson"/>
  <node id="5703662584" lat="21.0271627" lon="105.8465137" version="2" timestamp="2020-12-27T06:15:30Z" changeset="96472984" uid="11196308" user="vietnam321"/>
  <node id="5703662585" lat="21.0267443" lon="105.8463608" version="1" timestamp="2018-06-20T03:27:47Z" changeset="59995937" uid="7671604" user="Malka7"/>
  <node id="5703662587" lat="21.0271575" lon="105.8547888" version="2" timestamp="2023-09-25T06:26:47Z" changeset="141714534" uid="11691953" user="ItsLouisAnderson"/>
  <node id="5703662588" lat="21.0269374" lon="105.8544205" version="3" timestamp="2026-06-05T04:02:55Z" changeset="183672838" uid="20364807" user="sbachinin"/>
  <node id="5703662589" lat="21.0270592" lon="105.8535180" version="4" timestamp="2026-06-05T04:02:55Z" changeset="183672838" uid="20364807" user="sbachinin"/>
  <node id="5703662590" lat="21.0275855" lon="105.8490292" version="1" timestamp="2018-06-20T03:27:47Z" changeset="59995937" uid="7671604" user="Malka7"/>
  <node id="5703662591" lat="21.0275191" lon="105.8490443" version="1" timestamp="2018-06-20T03:27:47Z" changeset="59995937" uid="7671604" user="Malka7"/>
  <node id="5703662593" lat="21.0272087" lon="105.8491328" version="2" timestamp="2026-06-05T12:50:57Z" changeset="183694386" uid="20364807" user="sbachinin"/>
  <node id="5703662594" lat="21.0272362" lon="105.8494037" version="1" timestamp="2018-06-20T03:27:47Z" changeset="59995937" uid="7671604" user="Malka7"/>
  <node id="5703662595" lat="21.0271912" lon="105.8494949" version="1" timestamp="2018-06-20T03:27:47Z" changeset="59995937" uid="7671604" user="Malka7"/>
  <node id="5703662596" lat="21.0271211" lon="105.8501118" version="1" timestamp="2018-06-20T03:27:47Z" changeset="59995937" uid="7671604" user="Malka7"/>
  <node id="5703662597" lat="21.0274546" lon="105.8499985" version="2" timestamp="2019-07-04T13:49:06Z" changeset="71898163" uid="625303" user="TuanIfan"/>
  <node id="5703662598" lat="21.0274773" lon="105.8501087" version="1" timestamp="2018-06-20T03:27:47Z" changeset="59995937" uid="7671604" user="Malka7"/>
  <node id="5703662599" lat="21.0259917" lon="105.8492278" version="2" timestamp="2022-07-18T13:44:18Z" changeset="123765451" uid="11691953" user="ItsLouisAnderson"/>
  <node id="5703662600" lat="21.0265862" lon="105.8494204" version="1" timestamp="2018-06-20T03:27:47Z" changeset="59995937" uid="7671604" user="Malka7"/>
  <node id="5703662601" lat="21.0264232" lon="105.8486748" version="2" timestamp="2022-07-18T13:44:18Z" changeset="123765451" uid="11691953" user="ItsLouisAnderson"/>
  <node id="5703662602" lat="21.0260070" lon="105.8476737" version="1" timestamp="2018-06-20T03:27:47Z" changeset="59995937" uid="7671604" user="Malka7"/>
  <node id="5703662603" lat="21.0257724" lon="105.8484494" version="2" timestamp="2022-07-18T13:44:18Z" changeset="123765451" uid="11691953" user="ItsLouisAnderson"/>
  <node id="5703662604" lat="21.0261572" lon="105.8485830" version="1" timestamp="2018-06-20T03:27:47Z" changeset="59995937" uid="7671604" user="Malka7"/>
  <node id="5703662605" lat="21.0264387" lon="105.8475957" version="4" timestamp="2020-11-30T06:21:54Z" changeset="95020564" uid="11691953" user="ItsLouisAnderson"/>
  <node id="5703662606" lat="21.0266591" lon="105.8463769" version="1" timestamp="2018-06-20T03:27:47Z" changeset="59995937" uid="7671604" user="Malka7"/>
  <node id="5703662607" lat="21.0269140" lon="105.8473687" version="2" timestamp="2020-12-27T06:15:30Z" changeset="96472984" uid="11196308" user="vietnam321"/>
  <node id="5703662608" lat="21.0270084" lon="105.8470568" version="1" timestamp="2018-06-20T03:27:47Z" changeset="59995937" uid="7671604" user="Malka7"/>
  <node id="5703662609" lat="21.0265095" lon="105.8468973" version="2" timestamp="2020-12-27T06:15:30Z" changeset="96472984" uid="11196308" user="vietnam321"/>
  <node id="5703662610" lat="21.0263221" lon="105.8475605" version="5" timestamp="2020-12-27T06:15:30Z" changeset="96472984" uid="11196308" user="vietnam321"/>
  <node id="5704289437" lat="21.0256464" lon="105.8487681" version="1" timestamp="2018-06-20T07:45:57Z" changeset="60001207" uid="7671604" user="Malka7"/>
  <node id="5704289438" lat="21.0254705" lon="105.8493310" version="1" timestamp="2018-06-20T07:45:57Z" changeset="60001207" uid="7671604" user="Malka7"/>
  <node id="5704289439" lat="21.0256364" lon="105.8493930" version="1" timestamp="2018-06-20T07:45:57Z" changeset="60001207" uid="7671604" user="Malka7"/>
  <node id="5704289440" lat="21.0253056" lon="105.8492722" version="3" timestamp="2023-12-26T13:22:30Z" changeset="145534011" uid="11691953" user="ItsLouisAnderson"/>
  <node id="5704289447" lat="21.0241825" lon="105.8475885" version="5" timestamp="2026-05-09T05:54:41Z" changeset="182409550" uid="24092123" user="xuanhuong39"/>
  <node id="5704289449" lat="21.0256713" lon="105.8480712" version="5" timestamp="2026-05-09T05:54:41Z" changeset="182409550" uid="24092123" user="xuanhuong39"/>
  <node id="5706969277" lat="21.0256013" lon="105.8493810" version="2" timestamp="2023-12-23T07:44:18Z" changeset="145429105" uid="11196308" user="vietnam321"/>
  <node id="5706969278" lat="21.0255721" lon="105.8493694" version="2" timestamp="2023-12-23T07:44:18Z" changeset="145429105" uid="11196308" user="vietnam321"/>
  <node id="5857305389" lat="21.0276019" lon="105.8537126" version="5" timestamp="2023-12-20T15:05:30Z" changeset="145335355" uid="11691953" user="ItsLouisAnderson"/>
  <node id="5857305437" lat="21.0256787" lon="105.8532667" version="9" timestamp="2026-06-05T04:02:55Z" changeset="183672838" uid="20364807" user="sbachinin">
    <tag k="crossing" v="traffic_signals"/>
    <tag k="crossing:markings" v="zebra"/>
    <tag k="highway" v="crossing"/>
  </node>
  <node id="5857305441" lat="21.0276318" lon="105.8535053" version="4" timestamp="2023-12-20T15:05:30Z" changeset="145335355" uid="11691953" user="ItsLouisAnderson"/>
  <node id="5857305450" lat="21.0256611" lon="105.8530681" version="2" timestamp="2023-11-01T11:02:10Z" changeset="143468422" uid="11691953" user="ItsLouisAnderson"/>
  <node id="5857305452" lat="21.0261611" lon="105.8517397" version="3" timestamp="2023-11-01T11:02:10Z" changeset="143468422" uid="11691953" user="ItsLouisAnderson"/>
  <node id="5857305467" lat="21.0317404" lon="105.8519332" version="3" timestamp="2023-11-04T17:03:42Z" changeset="143622681" uid="11691953" user="ItsLouisAnderson"/>
  <node id="5927909820" lat="21.0311373" lon="105.8509403" version="1" timestamp="2018-09-25T02:30:00Z" changeset="62898131" uid="346601" user="Russ McD"/>
  <node id="6324265708" lat="21.0311492" lon="105.8532995" version="4" timestamp="2026-04-12T02:37:02Z" changeset="181212959" uid="22579655" user="inserteunnombreaqui"/>
  <node id="6363620554" lat="21.0295234" lon="105.8486127" version="4" timestamp="2026-06-21T19:56:26Z" changeset="184404402" uid="161619" user="FvGordon"/>
  <node id="6408474767" lat="21.0297241" lon="105.8482123" version="4" timestamp="2025-07-15T06:08:14Z" changeset="168946290" uid="16194143" user="Tewuzij">
    <tag k="noexit" v="yes"/>
  </node>
  <node id="6588880019" lat="21.0273647" lon="105.8496394" version="1" timestamp="2019-07-04T13:49:06Z" changeset="71898163" uid="625303" user="TuanIfan"/>
  <node id="6588880020" lat="21.0273754" lon="105.8496777" version="1" timestamp="2019-07-04T13:49:06Z" changeset="71898163" uid="625303" user="TuanIfan"/>
  <node id="6588880022" lat="21.0274261" lon="105.8498757" version="1" timestamp="2019-07-04T13:49:06Z" changeset="71898163" uid="625303" user="TuanIfan"/>
  <node id="6588880023" lat="21.0274232" lon="105.8497323" version="1" timestamp="2019-07-04T13:49:06Z" changeset="71898163" uid="625303" user="TuanIfan"/>
  <node id="6588880024" lat="21.0274533" lon="105.8497482" version="1" timestamp="2019-07-04T13:49:06Z" changeset="71898163" uid="625303" user="TuanIfan"/>
  <node id="6588880025" lat="21.0274730" lon="105.8497772" version="1" timestamp="2019-07-04T13:49:06Z" changeset="71898163" uid="625303" user="TuanIfan"/>
  <node id="6588880026" lat="21.0274778" lon="105.8498128" version="1" timestamp="2019-07-04T13:49:06Z" changeset="71898163" uid="625303" user="TuanIfan"/>
  <node id="6588880027" lat="21.0274667" lon="105.8498466" version="1" timestamp="2019-07-04T13:49:06Z" changeset="71898163" uid="625303" user="TuanIfan"/>
  <node id="6588880028" lat="21.0274421" lon="105.8498711" version="1" timestamp="2019-07-04T13:49:06Z" changeset="71898163" uid="625303" user="TuanIfan"/>
  <node id="6588880029" lat="21.0274098" lon="105.8498805" version="1" timestamp="2019-07-04T13:49:06Z" changeset="71898163" uid="625303" user="TuanIfan"/>
  <node id="6588880030" lat="21.0273771" lon="105.8498728" version="1" timestamp="2019-07-04T13:49:06Z" changeset="71898163" uid="625303" user="TuanIfan"/>
  <node id="6588880031" lat="21.0273515" lon="105.8498496" version="1" timestamp="2019-07-04T13:49:06Z" changeset="71898163" uid="625303" user="TuanIfan"/>
  <node id="6588880032" lat="21.0273389" lon="105.8498164" version="1" timestamp="2019-07-04T13:49:06Z" changeset="71898163" uid="625303" user="TuanIfan"/>
  <node id="6588880033" lat="21.0273421" lon="105.8497806" version="1" timestamp="2019-07-04T13:49:06Z" changeset="71898163" uid="625303" user="TuanIfan"/>
  <node id="6588880034" lat="21.0273604" lon="105.8497506" version="1" timestamp="2019-07-04T13:49:06Z" changeset="71898163" uid="625303" user="TuanIfan"/>
  <node id="6588880035" lat="21.0273908" lon="105.8497328" version="1" timestamp="2019-07-04T13:49:06Z" changeset="71898163" uid="625303" user="TuanIfan"/>
  <node id="6588880036" lat="21.0274321" lon="105.8499040" version="1" timestamp="2019-07-04T13:49:06Z" changeset="71898163" uid="625303" user="TuanIfan"/>
  <node id="6588964406" lat="21.0308662" lon="105.8501545" version="1" timestamp="2019-07-04T13:49:06Z" changeset="71898163" uid="625303" user="TuanIfan"/>
  <node id="6588964407" lat="21.0311455" lon="105.8501025" version="1" timestamp="2019-07-04T13:49:06Z" changeset="71898163" uid="625303" user="TuanIfan"/>
  <node id="6588964408" lat="21.0310573" lon="105.8501257" version="1" timestamp="2019-07-04T13:49:06Z" changeset="71898163" uid="625303" user="TuanIfan"/>
  <node id="6591425281" lat="21.0250924" lon="105.8519381" version="3" timestamp="2026-06-30T03:14:41Z" changeset="184830314" uid="24180697" user="Nhu Hieu"/>
  <node id="6591425282" lat="21.0250765" lon="105.8518837" version="3" timestamp="2026-06-30T03:14:41Z" changeset="184830314" uid="24180697" user="Nhu Hieu"/>
  <node id="6591425283" lat="21.0250727" lon="105.8518259" version="3" timestamp="2026-06-30T03:14:41Z" changeset="184830314" uid="24180697" user="Nhu Hieu"/>
  <node id="6591425284" lat="21.0251307" lon="105.8514606" version="3" timestamp="2026-06-30T03:14:41Z" changeset="184830314" uid="24180697" user="Nhu Hieu"/>
  <node id="6591434085" lat="21.0251785" lon="105.8520496" version="4" timestamp="2026-06-30T03:14:41Z" changeset="184830314" uid="24180697" user="Nhu Hieu"/>
  <node id="6591434086" lat="21.0252309" lon="105.8521482" version="4" timestamp="2026-06-30T03:14:41Z" changeset="184830314" uid="24180697" user="Nhu Hieu"/>
  <node id="6591434255" lat="21.0271718" lon="105.8484938" version="2" timestamp="2019-07-18T22:09:30Z" changeset="72407739" uid="9578548" user="Tamangfella"/>
  <node id="6591434256" lat="21.0268692" lon="105.8483847" version="2" timestamp="2019-07-18T22:09:30Z" changeset="72407739" uid="9578548" user="Tamangfella"/>
  <node id="6591434269" lat="21.0269996" lon="105.8487406" version="2" timestamp="2019-07-18T22:09:30Z" changeset="72407739" uid="9578548" user="Tamangfella"/>
  <node id="6591434270" lat="21.0267966" lon="105.8486710" version="2" timestamp="2019-07-18T22:09:30Z" changeset="72407739" uid="9578548" user="Tamangfella"/>
  <node id="6591434309" lat="21.0286826" lon="105.8491964" version="2" timestamp="2020-02-11T03:01:58Z" changeset="80822495" uid="922338" user="Hervé TUC"/>
  <node id="6591434311" lat="21.0287465" lon="105.8492535" version="2" timestamp="2024-12-08T09:53:48Z" changeset="160050483" uid="4347030" user="vbertola"/>
  <node id="6591434312" lat="21.0289087" lon="105.8491577" version="2" timestamp="2024-12-08T09:53:48Z" changeset="160050483" uid="4347030" user="vbertola"/>
  <node id="6591434313" lat="21.0288733" lon="105.8490867" version="3" timestamp="2024-12-08T09:53:48Z" changeset="160050483" uid="4347030" user="vbertola"/>
  <node id="6591434314" lat="21.0289455" lon="105.8490433" version="3" timestamp="2024-12-08T09:53:48Z" changeset="160050483" uid="4347030" user="vbertola"/>
  <node id="6591434417" lat="21.0277955" lon="105.8499369" version="1" timestamp="2019-07-05T13:59:23Z" changeset="71933947" uid="625303" user="TuanIfan">
    <tag k="barrier" v="gate"/>
  </node>
  <node id="6591434462" lat="21.0284154" lon="105.8487023" version="1" timestamp="2019-07-05T13:59:23Z" changeset="71933947" uid="625303" user="TuanIfan"/>
  <node id="6591434463" lat="21.0284086" lon="105.8486614" version="2" timestamp="2024-12-08T09:53:48Z" changeset="160050483" uid="4347030" user="vbertola"/>
  <node id="6591434464" lat="21.0284123" lon="105.8486172" version="2" timestamp="2024-12-08T09:53:48Z" changeset="160050483" uid="4347030" user="vbertola"/>
  <node id="6591434465" lat="21.0284230" lon="105.8485884" version="2" timestamp="2024-12-08T09:53:48Z" changeset="160050483" uid="4347030" user="vbertola"/>
  <node id="6591434466" lat="21.0284430" lon="105.8485569" version="2" timestamp="2024-12-08T09:53:48Z" changeset="160050483" uid="4347030" user="vbertola"/>
  <node id="6591434467" lat="21.0284755" lon="105.8485320" version="1" timestamp="2019-07-05T13:59:23Z" changeset="71933947" uid="625303" user="TuanIfan"/>
  <node id="6591434468" lat="21.0285168" lon="105.8485199" version="1" timestamp="2019-07-05T13:59:23Z" changeset="71933947" uid="625303" user="TuanIfan"/>
  <node id="6591434469" lat="21.0285506" lon="105.8485199" version="1" timestamp="2019-07-05T13:59:23Z" changeset="71933947" uid="625303" user="TuanIfan"/>
  <node id="6591434470" lat="21.0285917" lon="105.8485309" version="2" timestamp="2021-02-25T15:20:32Z" changeset="99986300" uid="11691953" user="ItsLouisAnderson"/>
  <node id="6591434471" lat="21.0286236" lon="105.8485533" version="3" timestamp="2024-12-08T09:53:48Z" changeset="160050483" uid="4347030" user="vbertola"/>
  <node id="6591434472" lat="21.0286896" lon="105.8486339" version="3" timestamp="2024-12-08T09:53:48Z" changeset="160050483" uid="4347030" user="vbertola"/>
  <node id="6591434517" lat="21.0284680" lon="105.8512605" version="1" timestamp="2019-07-05T13:59:23Z" changeset="71933947" uid="625303" user="TuanIfan"/>
  <node id="6591434518" lat="21.0282320" lon="105.8512102" version="1" timestamp="2019-07-05T13:59:23Z" changeset="71933947" uid="625303" user="TuanIfan"/>
  <node id="6591434519" lat="21.0282220" lon="105.8512028" version="1" timestamp="2019-07-05T13:59:23Z" changeset="71933947" uid="625303" user="TuanIfan"/>
  <node id="6591434520" lat="21.0282014" lon="105.8511787" version="1" timestamp="2019-07-05T13:59:23Z" changeset="71933947" uid="625303" user="TuanIfan"/>
  <node id="6591434521" lat="21.0281895" lon="105.8511586" version="1" timestamp="2019-07-05T13:59:23Z" changeset="71933947" uid="625303" user="TuanIfan"/>
  <node id="6591434522" lat="21.0281907" lon="105.8511458" version="1" timestamp="2019-07-05T13:59:23Z" changeset="71933947" uid="625303" user="TuanIfan"/>
  <node id="6591434523" lat="21.0281938" lon="105.8511344" version="1" timestamp="2019-07-05T13:59:23Z" changeset="71933947" uid="625303" user="TuanIfan"/>
  <node id="6591434524" lat="21.0281989" lon="105.8511244" version="1" timestamp="2019-07-05T13:59:23Z" changeset="71933947" uid="625303" user="TuanIfan"/>
  <node id="6591434525" lat="21.0282070" lon="105.8511170" version="1" timestamp="2019-07-05T13:59:23Z" changeset="71933947" uid="625303" user="TuanIfan"/>
  <node id="6591434526" lat="21.0282195" lon="105.8511076" version="1" timestamp="2019-07-05T13:59:23Z" changeset="71933947" uid="625303" user="TuanIfan"/>
  <node id="6591434527" lat="21.0282345" lon="105.8510996" version="1" timestamp="2019-07-05T13:59:23Z" changeset="71933947" uid="625303" user="TuanIfan"/>
  <node id="6591434528" lat="21.0282514" lon="105.8510895" version="1" timestamp="2019-07-05T13:59:23Z" changeset="71933947" uid="625303" user="TuanIfan"/>
  <node id="6591434529" lat="21.0282790" lon="105.8510781" version="1" timestamp="2019-07-05T13:59:23Z" changeset="71933947" uid="625303" user="TuanIfan"/>
  <node id="6591434530" lat="21.0284176" lon="105.8510268" version="1" timestamp="2019-07-05T13:59:23Z" changeset="71933947" uid="625303" user="TuanIfan"/>
  <node id="6591434541" lat="21.0284605" lon="105.8512263" version="2" timestamp="2026-04-07T00:02:27Z" changeset="180973219" uid="16014056" user="Trần Thanh Tuấn"/>
  <node id="6591434542" lat="21.0284517" lon="105.8511854" version="2" timestamp="2026-04-07T00:02:27Z" changeset="180973219" uid="16014056" user="Trần Thanh Tuấn"/>
  <node id="6591434543" lat="21.0284242" lon="105.8510553" version="2" timestamp="2026-04-07T00:02:27Z" changeset="180973219" uid="16014056" user="Trần Thanh Tuấn"/>
  <node id="6591434556" lat="21.0291689" lon="105.8512189" version="2" timestamp="2024-04-20T02:03:44Z" changeset="150245451" uid="13901111" user="Airiver"/>
  <node id="6591434557" lat="21.0291509" lon="105.8511350" version="2" timestamp="2024-04-20T02:03:44Z" changeset="150245451" uid="13901111" user="Airiver"/>
  <node id="6591434558" lat="21.0291263" lon="105.8512294" version="2" timestamp="2024-04-20T02:03:44Z" changeset="150245451" uid="13901111" user="Airiver"/>
  <node id="6591434559" lat="21.0290739" lon="105.8512424" version="2" timestamp="2024-04-20T02:03:44Z" changeset="150245451" uid="13901111" user="Airiver"/>
  <node id="6591434560" lat="21.0290558" lon="105.8511585" version="2" timestamp="2024-04-20T02:03:44Z" changeset="150245451" uid="13901111" user="Airiver"/>
  <node id="6591434561" lat="21.0291076" lon="105.8511457" version="2" timestamp="2024-04-20T02:03:44Z" changeset="150245451" uid="13901111" user="Airiver"/>
  <node id="6591434562" lat="21.0290968" lon="105.8511019" version="1" timestamp="2019-07-05T13:59:23Z" changeset="71933947" uid="625303" user="TuanIfan"/>
  <node id="6591434563" lat="21.0290908" lon="105.8510783" version="1" timestamp="2019-07-05T13:59:23Z" changeset="71933947" uid="625303" user="TuanIfan"/>
  <node id="6591434566" lat="21.0290013" lon="105.8509538" version="2" timestamp="2024-04-20T02:03:44Z" changeset="150245451" uid="13901111" user="Airiver"/>
  <node id="6591434567" lat="21.0290901" lon="105.8509082" version="2" timestamp="2024-04-20T02:03:44Z" changeset="150245451" uid="13901111" user="Airiver"/>
  <node id="6591434568" lat="21.0290443" lon="105.8507920" version="2" timestamp="2024-04-20T02:03:44Z" changeset="150245451" uid="13901111" user="Airiver"/>
  <node id="6591434569" lat="21.0290012" lon="105.8506824" version="2" timestamp="2024-04-20T02:03:44Z" changeset="150245451" uid="13901111" user="Airiver"/>
  <node id="6591434570" lat="21.0289548" lon="105.8508390" version="2" timestamp="2024-04-20T02:03:44Z" changeset="150245451" uid="13901111" user="Airiver"/>
  <node id="6591434586" lat="21.0289086" lon="105.8507251" version="2" timestamp="2024-04-20T02:03:44Z" changeset="150245451" uid="13901111" user="Airiver"/>
  <node id="6591434588" lat="21.0290326" lon="105.8507622" version="2" timestamp="2024-04-20T02:03:44Z" changeset="150245451" uid="13901111" user="Airiver">
    <tag k="barrier" v="gate"/>
  </node>
  <node id="6591434621" lat="21.0295866" lon="105.8504062" version="1" timestamp="2019-07-05T13:59:23Z" changeset="71933947" uid="625303" user="TuanIfan"/>
  <node id="6644360680" lat="21.0307968" lon="105.8539172" version="5" timestamp="2026-04-12T02:37:02Z" changeset="181212959" uid="22579655" user="inserteunnombreaqui">
    <tag k="crossing" v="uncontrolled"/>
    <tag k="crossing:markings" v="zebra"/>
    <tag k="highway" v="crossing"/>
  </node>
  <node id="6644360681" lat="21.0287199" lon="105.8537768" version="4" timestamp="2023-11-09T14:50:29Z" changeset="143826136" uid="11691953" user="ItsLouisAnderson">
    <tag k="crossing" v="uncontrolled"/>
    <tag k="highway" v="crossing"/>
  </node>
  <node id="6644523687" lat="21.0260057" lon="105.8514697" version="2" timestamp="2024-06-17T07:09:09Z" changeset="152787256" uid="12945167" user="Equate">
    <tag k="crossing" v="traffic_signals"/>
    <tag k="highway" v="crossing"/>
    <tag k="traffic_signals:sound" v="no"/>
  </node>
  <node id="6644523689" lat="21.0259447" lon="105.8516786" version="3" timestamp="2026-06-05T04:02:55Z" changeset="183672838" uid="20364807" user="sbachinin"/>
  <node id="6644523691" lat="21.0261390" lon="105.8515980" version="4" timestamp="2023-11-01T11:02:10Z" changeset="143468422" uid="11691953" user="ItsLouisAnderson">
    <tag k="crossing" v="traffic_signals"/>
    <tag k="highway" v="traffic_signals"/>
    <tag k="traffic_signals" v="traffic_lights"/>
    <tag k="traffic_signals:direction" v="forward"/>
  </node>
  <node id="6644523693" lat="21.0277380" lon="105.8511927" version="6" timestamp="2026-06-05T12:48:26Z" changeset="183694268" uid="20364807" user="sbachinin">
    <tag k="crossing" v="uncontrolled"/>
    <tag k="crossing:markings" v="zebra"/>
    <tag k="highway" v="crossing"/>
  </node>
  <node id="6644523695" lat="21.0280099" lon="105.8511856" version="7" timestamp="2026-06-05T12:48:26Z" changeset="183694268" uid="20364807" user="sbachinin"/>
  <node id="6644523698" lat="21.0282481" lon="105.8512657" version="8" timestamp="2026-06-05T12:48:26Z" changeset="183694268" uid="20364807" user="sbachinin">
    <tag k="crossing" v="traffic_signals"/>
    <tag k="highway" v="crossing"/>
  </node>
  <node id="6644523699" lat="21.0304530" lon="105.8510101" version="2" timestamp="2023-09-25T06:26:47Z" changeset="141714534" uid="11691953" user="ItsLouisAnderson">
    <tag k="crossing" v="uncontrolled"/>
    <tag k="highway" v="crossing"/>
  </node>
  <node id="6644523700" lat="21.0303112" lon="105.8511096" version="2" timestamp="2023-11-01T11:02:10Z" changeset="143468422" uid="11691953" user="ItsLouisAnderson">
    <tag k="crossing" v="uncontrolled"/>
    <tag k="highway" v="crossing"/>
  </node>
  <node id="6644523701" lat="21.0305974" lon="105.8510369" version="2" timestamp="2023-11-01T11:02:10Z" changeset="143468422" uid="11691953" user="ItsLouisAnderson">
    <tag k="crossing" v="uncontrolled"/>
    <tag k="highway" v="crossing"/>
  </node>
  <node id="6644549177" lat="21.0248443" lon="105.8513651" version="6" timestamp="2024-06-17T07:06:05Z" changeset="152787259" uid="12945167" user="Equate">
    <tag k="button_operated" v="no"/>
    <tag k="crossing" v="traffic_signals"/>
    <tag k="highway" v="traffic_signals"/>
    <tag k="traffic_signals:direction" v="forward"/>
    <tag k="traffic_signals:sound" v="no"/>
    <tag k="traffic_signals:vibration" v="no"/>
  </node>
  <node id="6644582352" lat="21.0289417" lon="105.8508067" version="2" timestamp="2024-04-20T02:03:44Z" changeset="150245451" uid="13901111" user="Airiver">
    <tag k="barrier" v="gate"/>
  </node>
  <node id="6644656677" lat="21.0267645" lon="105.8515825" version="3" timestamp="2023-11-04T06:40:46Z" changeset="143600229" uid="11691953" user="ItsLouisAnderson"/>
  <node id="6644656678" lat="21.0267543" lon="105.8515303" version="4" timestamp="2023-11-04T06:40:46Z" changeset="143600229" uid="11691953" user="ItsLouisAnderson">
    <tag k="crossing" v="uncontrolled"/>
    <tag k="highway" v="crossing"/>
  </node>
  <node id="6644656679" lat="21.0261527" lon="105.8516858" version="5" timestamp="2024-06-17T07:09:10Z" changeset="152787256" uid="12945167" user="Equate">
    <tag k="crossing" v="traffic_signals"/>
    <tag k="highway" v="traffic_signals"/>
    <tag k="traffic_signals" v="traffic_lights"/>
    <tag k="traffic_signals:direction" v="forward"/>
    <tag k="traffic_signals:sound" v="no"/>
  </node>
  <node id="6644656681" lat="21.0277601" lon="105.8512689" version="4" timestamp="2023-11-04T06:40:46Z" changeset="143600229" uid="11691953" user="ItsLouisAnderson">
    <tag k="crossing" v="uncontrolled"/>
    <tag k="crossing:markings" v="zebra"/>
    <tag k="highway" v="crossing"/>
  </node>
  <node id="6644656682" lat="21.0277708" lon="105.8513147" version="2" timestamp="2023-11-02T14:45:32Z" changeset="143535652" uid="11691953" user="ItsLouisAnderson"/>
  <node id="6644700487" lat="21.0273978" lon="105.8513640" version="2" timestamp="2023-11-01T11:02:10Z" changeset="143468422" uid="11691953" user="ItsLouisAnderson"/>
  <node id="6644906347" lat="21.0270383" lon="105.8556449" version="4" timestamp="2023-12-20T15:05:30Z" changeset="145335355" uid="11691953" user="ItsLouisAnderson">
    <tag k="crossing" v="uncontrolled"/>
    <tag k="highway" v="crossing"/>
  </node>
  <node id="6644906350" lat="21.0276058" lon="105.8557790" version="5" timestamp="2023-12-20T15:05:30Z" changeset="145335355" uid="11691953" user="ItsLouisAnderson">
    <tag k="crossing" v="uncontrolled"/>
    <tag k="highway" v="crossing"/>
  </node>
  <node id="6646949990" lat="21.0270792" lon="105.8476681" version="5" timestamp="2024-05-01T10:43:39Z" changeset="150743640" uid="13554586" user="Goldbube">
    <tag k="button_operated" v="no"/>
    <tag k="crossing" v="traffic_signals"/>
    <tag k="highway" v="crossing"/>
    <tag k="kerb" v="lowered"/>
    <tag k="traffic_signals:sound" v="no"/>
    <tag k="traffic_signals:vibration" v="no"/>
  </node>
  <node id="6646949991" lat="21.0272231" lon="105.8478072" version="5" timestamp="2023-11-01T09:00:39Z" changeset="143462324" uid="3323343" user="phoenixsaigon1698">
    <tag k="button_operated" v="no"/>
    <tag k="crossing" v="traffic_signals"/>
    <tag k="highway" v="traffic_signals"/>
    <tag k="traffic_signals:direction" v="backward"/>
    <tag k="traffic_signals:sound" v="no"/>
    <tag k="traffic_signals:vibration" v="no"/>
  </node>
  <node id="6646949992" lat="21.0269056" lon="105.8477470" version="5" timestamp="2023-02-01T06:46:31Z" changeset="131949017" uid="329294" user="looniverse">
    <tag k="button_operated" v="no"/>
    <tag k="crossing" v="traffic_signals"/>
    <tag k="highway" v="traffic_signals"/>
    <tag k="traffic_signals:direction" v="backward"/>
    <tag k="traffic_signals:sound" v="no"/>
    <tag k="traffic_signals:vibration" v="no"/>
  </node>
  <node id="6646949993" lat="21.0269939" lon="105.8479591" version="4" timestamp="2023-02-01T06:46:31Z" changeset="131949017" uid="329294" user="looniverse">
    <tag k="button_operated" v="no"/>
    <tag k="crossing" v="traffic_signals"/>
    <tag k="highway" v="traffic_signals"/>
    <tag k="traffic_signals:sound" v="no"/>
    <tag k="traffic_signals:vibration" v="no"/>
  </node>
  <node id="6646949994" lat="21.0264751" lon="105.8501266" version="5" timestamp="2024-05-01T10:43:26Z" changeset="150743643" uid="13554586" user="Goldbube">
    <tag k="button_operated" v="no"/>
    <tag k="crossing" v="traffic_signals"/>
    <tag k="highway" v="crossing"/>
    <tag k="kerb" v="lowered"/>
    <tag k="traffic_signals:sound" v="no"/>
    <tag k="traffic_signals:vibration" v="no"/>
  </node>
  <node id="6646949995" lat="21.0264334" lon="105.8499668" version="5" timestamp="2024-05-01T10:43:31Z" changeset="150743643" uid="13554586" user="Goldbube">
    <tag k="button_operated" v="no"/>
    <tag k="crossing" v="traffic_signals"/>
    <tag k="highway" v="crossing"/>
    <tag k="traffic_signals:sound" v="no"/>
    <tag k="traffic_signals:vibration" v="no"/>
  </node>
  <node id="6646949996" lat="21.0262924" lon="105.8500649" version="4" timestamp="2024-05-01T10:43:30Z" changeset="150743643" uid="13554586" user="Goldbube">
    <tag k="button_operated" v="no"/>
    <tag k="crossing" v="traffic_signals"/>
    <tag k="highway" v="traffic_signals"/>
    <tag k="traffic_signals:sound" v="no"/>
    <tag k="traffic_signals:vibration" v="no"/>
  </node>
  <node id="6646949997" lat="21.0263673" lon="105.8502032" version="4" timestamp="2024-05-01T10:43:27Z" changeset="150743643" uid="13554586" user="Goldbube">
    <tag k="button_operated" v="no"/>
    <tag k="crossing" v="traffic_signals"/>
    <tag k="highway" v="traffic_signals"/>
    <tag k="traffic_signals:sound" v="no"/>
    <tag k="traffic_signals:vibration" v="no"/>
  </node>
  <node id="6646949998" lat="21.0263412" lon="105.8505430" version="1" timestamp="2019-07-25T14:36:34Z" changeset="72649558" uid="9965337" user="ReedtheRiver">
    <tag k="crossing" v="uncontrolled"/>
    <tag k="highway" v="crossing"/>
  </node>
  <node id="6646949999" lat="21.0262360" lon="105.8506624" version="1" timestamp="2019-07-25T14:36:34Z" changeset="72649558" uid="9965337" user="ReedtheRiver">
    <tag k="crossing" v="uncontrolled"/>
    <tag k="highway" v="crossing"/>
  </node>
  <node id="6646950000" lat="21.0258333" lon="105.8518538" version="2" timestamp="2020-11-29T16:21:31Z" changeset="94990030" uid="11691953" user="ItsLouisAnderson"/>
  <node id="6647007968" lat="21.0272636" lon="105.8470310" version="2" timestamp="2024-05-01T10:43:41Z" changeset="150743640" uid="13554586" user="Goldbube">
    <tag k="crossing" v="uncontrolled"/>
    <tag k="highway" v="crossing"/>
    <tag k="kerb" v="raised"/>
  </node>
  <node id="6647007970" lat="21.0269664" lon="105.8480531" version="1" timestamp="2019-07-25T14:59:56Z" changeset="72650630" uid="9965337" user="ReedtheRiver"/>
  <node id="6647027047" lat="21.0275069" lon="105.8461253" version="5" timestamp="2024-05-01T10:43:44Z" changeset="150743643" uid="13554586" user="Goldbube">
    <tag k="button_operated" v="no"/>
    <tag k="crossing" v="traffic_signals"/>
    <tag k="highway" v="traffic_signals"/>
    <tag k="traffic_signals:sound" v="no"/>
    <tag k="traffic_signals:vibration" v="no"/>
  </node>
  <node id="6648113973" lat="21.0300554" lon="105.8467353" version="6" timestamp="2024-04-30T05:28:26Z" changeset="150689228" uid="13554586" user="Goldbube">
    <tag k="button_operated" v="no"/>
    <tag k="crossing" v="traffic_signals"/>
    <tag k="highway" v="traffic_signals"/>
    <tag k="traffic_signals:sound" v="no"/>
    <tag k="traffic_signals:vibration" v="no"/>
  </node>
  <node id="6648206007" lat="21.0309809" lon="105.8486867" version="3" timestamp="2024-11-05T09:25:33Z" changeset="158771095" uid="13953005" user="JBS21">
    <tag k="button_operated" v="no"/>
    <tag k="crossing" v="traffic_signals"/>
    <tag k="highway" v="traffic_signals"/>
  </node>
  <node id="6648227185" lat="21.0312213" lon="105.8491985" version="5" timestamp="2023-02-01T17:27:49Z" changeset="131971745" uid="329294" user="looniverse">
    <tag k="button_operated" v="yes"/>
    <tag k="crossing" v="traffic_signals"/>
    <tag k="highway" v="traffic_signals"/>
    <tag k="traffic_signals:sound" v="no"/>
    <tag k="traffic_signals:vibration" v="yes"/>
  </node>
  <node id="6651584904" lat="21.0256051" lon="105.8480497" version="4" timestamp="2026-05-09T05:54:41Z" changeset="182409550" uid="24092123" user="xuanhuong39">
    <tag k="barrier" v="bollard"/>
    <tag k="foot" v="yes"/>
    <tag k="motor_vehicle" v="no"/>
    <tag k="note" v="barrier may not exist at all times"/>
  </node>
  <node id="6651584905" lat="21.0255904" lon="105.8481001" version="4" timestamp="2026-05-09T05:54:41Z" changeset="182409550" uid="24092123" user="xuanhuong39">
    <tag k="barrier" v="bollard"/>
    <tag k="foot" v="yes"/>
    <tag k="motor_vehicle" v="no"/>
    <tag k="note" v="barrier may not exist at all times"/>
  </node>
  <node id="6651584906" lat="21.0242733" lon="105.8476178" version="3" timestamp="2026-05-09T05:54:41Z" changeset="182409550" uid="24092123" user="xuanhuong39">
    <tag k="barrier" v="bollard"/>
    <tag k="foot" v="yes"/>
    <tag k="motor_vehicle" v="no"/>
    <tag k="note" v="barrier may not exist at all times"/>
  </node>
  <node id="6651584907" lat="21.0242660" lon="105.8476565" version="3" timestamp="2026-05-09T05:54:41Z" changeset="182409550" uid="24092123" user="xuanhuong39">
    <tag k="barrier" v="bollard"/>
    <tag k="foot" v="yes"/>
    <tag k="motor_vehicle" v="no"/>
    <tag k="note" v="barrier may not exist at all times"/>
  </node>
  <node id="6651678058" lat="21.0252262" lon="105.8495477" version="8" timestamp="2024-06-17T07:23:39Z" changeset="152787259" uid="12945167" user="Equate">
    <tag k="button_operated" v="no"/>
    <tag k="crossing" v="traffic_signals"/>
    <tag k="highway" v="traffic_signals"/>
    <tag k="traffic_signals:direction" v="backward"/>
    <tag k="traffic_signals:sound" v="no"/>
    <tag k="traffic_signals:vibration" v="no"/>
  </node>
  <node id="6658650119" lat="21.0292347" lon="105.8494185" version="1" timestamp="2019-07-29T19:25:58Z" changeset="72784025" uid="9965337" user="ReedtheRiver">
    <tag k="crossing" v="uncontrolled"/>
    <tag k="highway" v="crossing"/>
  </node>
  <node id="6658650120" lat="21.0289123" lon="105.8496438" version="3" timestamp="2024-05-31T07:45:31Z" changeset="152066011" uid="42045" user="Waldrenner">
    <tag k="crossing" v="uncontrolled"/>
    <tag k="crossing:island" v="no"/>
    <tag k="highway" v="crossing"/>
  </node>
  <node id="6658650121" lat="21.0290839" lon="105.8506443" version="1" timestamp="2019-07-29T19:25:58Z" changeset="72784025" uid="9965337" user="ReedtheRiver">
    <tag k="crossing" v="uncontrolled"/>
    <tag k="highway" v="crossing"/>
  </node>
  <node id="6658650122" lat="21.0291703" lon="105.8505115" version="3" timestamp="2023-02-18T08:42:17Z" changeset="132706118" uid="13689061" user="totoroot">
    <tag k="crossing" v="uncontrolled"/>
    <tag k="crossing:island" v="no"/>
    <tag k="highway" v="crossing"/>
  </node>
  <node id="6658650123" lat="21.0305028" lon="105.8497290" version="2" timestamp="2020-02-11T07:52:05Z" changeset="80835378" uid="922338" user="Hervé TUC"/>
  <node id="6658650124" lat="21.0297974" lon="105.8502734" version="1" timestamp="2019-07-29T19:25:58Z" changeset="72784025" uid="9965337" user="ReedtheRiver">
    <tag k="crossing" v="uncontrolled"/>
    <tag k="highway" v="crossing"/>
  </node>
  <node id="6658650125" lat="21.0299658" lon="105.8502932" version="3" timestamp="2026-03-10T08:03:09Z" changeset="179624031" uid="23919128" user="NikaVTTH03">
    <tag k="crossing" v="uncontrolled"/>
    <tag k="crossing:island" v="yes"/>
    <tag k="highway" v="crossing"/>
  </node>
  <node id="6658650126" lat="21.0299780" lon="105.8501347" version="2" timestamp="2023-09-25T06:26:47Z" changeset="141714534" uid="11691953" user="ItsLouisAnderson">
    <tag k="crossing" v="uncontrolled"/>
    <tag k="highway" v="crossing"/>
  </node>
  <node id="6668066146" lat="21.0299164" lon="105.8477499" version="2" timestamp="2024-08-07T18:50:51Z" changeset="154949907" uid="12544910" user="nols420">
    <tag k="crossing" v="uncontrolled"/>
    <tag k="highway" v="crossing"/>
    <tag k="kerb" v="raised"/>
  </node>
  <node id="6668066147" lat="21.0300184" lon="105.8477999" version="3" timestamp="2023-10-20T10:09:59Z" changeset="142862224" uid="3323343" user="phoenixsaigon1698">
    <tag k="crossing" v="uncontrolled"/>
    <tag k="highway" v="crossing"/>
  </node>
  <node id="7171121006" lat="21.0289719" lon="105.8494663" version="3" timestamp="2024-12-08T09:53:48Z" changeset="160050483" uid="4347030" user="vbertola"/>
  <node id="7171121007" lat="21.0289464" lon="105.8494165" version="2" timestamp="2024-12-08T09:53:48Z" changeset="160050483" uid="4347030" user="vbertola"/>
  <node id="7202327201" lat="21.0288110" lon="105.8495191" version="2" timestamp="2023-08-16T07:50:52Z" changeset="139949414" uid="17344224" user="Arkskyle">
    <tag k="access" v="no"/>
    <tag k="barrier" v="gate"/>
  </node>
  <node id="7202327202" lat="21.0287090" lon="105.8491825" version="2" timestamp="2024-12-08T09:53:48Z" changeset="160050483" uid="4347030" user="vbertola"/>
  <node id="7202327203" lat="21.0288535" lon="105.8495218" version="1" timestamp="2020-02-11T03:01:55Z" changeset="80822495" uid="922338" user="Hervé TUC"/>
  <node id="7202327204" lat="21.0291195" lon="105.8493930" version="1" timestamp="2020-02-11T03:01:55Z" changeset="80822495" uid="922338" user="Hervé TUC"/>
  <node id="7202327205" lat="21.0289698" lon="105.8491601" version="3" timestamp="2024-12-08T09:53:48Z" changeset="160050483" uid="4347030" user="vbertola"/>
  <node id="7202327210" lat="21.0287939" lon="105.8489209" version="3" timestamp="2024-12-08T09:53:48Z" changeset="160050483" uid="4347030" user="vbertola">
    <tag k="entrance" v="yes"/>
  </node>
  <node id="7202327211" lat="21.0299419" lon="105.8483723" version="2" timestamp="2026-05-27T04:36:37Z" changeset="183236528" uid="19853899" user="tnnk-gis"/>
  <node id="8176599807" lat="21.0252914" lon="105.8498054" version="2" timestamp="2023-12-26T13:22:30Z" changeset="145534011" uid="11691953" user="ItsLouisAnderson"/>
  <node id="8176599808" lat="21.0252762" lon="105.8498080" version="2" timestamp="2023-12-26T13:22:30Z" changeset="145534011" uid="11691953" user="ItsLouisAnderson"/>
  <node id="8176599809" lat="21.0252498" lon="105.8498235" version="2" timestamp="2023-12-26T13:22:30Z" changeset="145534011" uid="11691953" user="ItsLouisAnderson"/>
  <node id="8176599810" lat="21.0252314" lon="105.8498650" version="2" timestamp="2023-12-26T13:22:30Z" changeset="145534011" uid="11691953" user="ItsLouisAnderson"/>
  <node id="8176599811" lat="21.0248219" lon="105.8512055" version="2" timestamp="2023-12-26T13:22:30Z" changeset="145534011" uid="11691953" user="ItsLouisAnderson"/>
  <node id="8176599812" lat="21.0248181" lon="105.8512372" version="2" timestamp="2023-12-26T13:22:30Z" changeset="145534011" uid="11691953" user="ItsLouisAnderson"/>
  <node id="8176599813" lat="21.0248310" lon="105.8512657" version="2" timestamp="2023-12-26T13:22:30Z" changeset="145534011" uid="11691953" user="ItsLouisAnderson"/>
  <node id="8176599814" lat="21.0248667" lon="105.8512835" version="2" timestamp="2023-12-26T13:22:30Z" changeset="145534011" uid="11691953" user="ItsLouisAnderson"/>
  <node id="8176599815" lat="21.0258256" lon="105.8515928" version="1" timestamp="2020-11-29T16:21:31Z" changeset="94990030" uid="11691953" user="ItsLouisAnderson"/>
  <node id="8176599816" lat="21.0258696" lon="105.8516042" version="1" timestamp="2020-11-29T16:21:31Z" changeset="94990030" uid="11691953" user="ItsLouisAnderson"/>
  <node id="8176640917" lat="21.0258992" lon="105.8515912" version="1" timestamp="2020-11-29T16:21:31Z" changeset="94990030" uid="11691953" user="ItsLouisAnderson"/>
  <node id="8176640918" lat="21.0259174" lon="105.8515635" version="1" timestamp="2020-11-29T16:21:31Z" changeset="94990030" uid="11691953" user="ItsLouisAnderson"/>
  <node id="8176640919" lat="21.0263027" lon="105.8502053" version="1" timestamp="2020-11-29T16:21:31Z" changeset="94990030" uid="11691953" user="ItsLouisAnderson"/>
  <node id="8176640920" lat="21.0263004" lon="105.8501548" version="1" timestamp="2020-11-29T16:21:31Z" changeset="94990030" uid="11691953" user="ItsLouisAnderson"/>
  <node id="8176640921" lat="21.0262855" lon="105.8501228" version="1" timestamp="2020-11-29T16:21:31Z" changeset="94990030" uid="11691953" user="ItsLouisAnderson"/>
  <node id="8176640922" lat="21.0262613" lon="105.8501092" version="1" timestamp="2020-11-29T16:21:31Z" changeset="94990030" uid="11691953" user="ItsLouisAnderson"/>
  <node id="8176640928" lat="21.0249771" lon="105.8507161" version="3" timestamp="2024-06-17T07:23:01Z" changeset="152787195" uid="12945167" user="Equate">
    <tag k="crossing:markings" v="no"/>
    <tag k="highway" v="crossing"/>
  </node>
  <node id="8176640929" lat="21.0258465" lon="105.8517948" version="1" timestamp="2020-11-29T16:21:31Z" changeset="94990030" uid="11691953" user="ItsLouisAnderson"/>
  <node id="8176640930" lat="21.0258395" lon="105.8517605" version="1" timestamp="2020-11-29T16:21:31Z" changeset="94990030" uid="11691953" user="ItsLouisAnderson"/>
  <node id="8176640931" lat="21.0258135" lon="105.8517369" version="1" timestamp="2020-11-29T16:21:31Z" changeset="94990030" uid="11691953" user="ItsLouisAnderson"/>
  <node id="8176640932" lat="21.0248033" lon="105.8514383" version="2" timestamp="2023-12-26T13:22:30Z" changeset="145534011" uid="11691953" user="ItsLouisAnderson"/>
  <node id="8176640933" lat="21.0247742" lon="105.8514416" version="2" timestamp="2023-12-26T13:22:30Z" changeset="145534011" uid="11691953" user="ItsLouisAnderson"/>
  <node id="8176640934" lat="21.0247432" lon="105.8514695" version="2" timestamp="2023-12-26T13:22:30Z" changeset="145534011" uid="11691953" user="ItsLouisAnderson"/>
  <node id="8176640935" lat="21.0247232" lon="105.8515070" version="2" timestamp="2023-12-26T13:22:30Z" changeset="145534011" uid="11691953" user="ItsLouisAnderson"/>
  <node id="8176640936" lat="21.0243665" lon="105.8528265" version="2" timestamp="2023-12-26T13:22:30Z" changeset="145534011" uid="11691953" user="ItsLouisAnderson"/>
  <node id="8176640938" lat="21.0243775" lon="105.8528566" version="2" timestamp="2023-12-26T13:22:30Z" changeset="145534011" uid="11691953" user="ItsLouisAnderson"/>
  <node id="8176640939" lat="21.0244166" lon="105.8528846" version="2" timestamp="2023-12-26T13:22:30Z" changeset="145534011" uid="11691953" user="ItsLouisAnderson"/>
  <node id="8176640941" lat="21.0253238" lon="105.8531080" version="1" timestamp="2020-11-29T16:21:31Z" changeset="94990030" uid="11691953" user="ItsLouisAnderson"/>
  <node id="8176640942" lat="21.0253738" lon="105.8531177" version="1" timestamp="2020-11-29T16:21:31Z" changeset="94990030" uid="11691953" user="ItsLouisAnderson"/>
  <node id="8176640943" lat="21.0253979" lon="105.8531102" version="1" timestamp="2020-11-29T16:21:31Z" changeset="94990030" uid="11691953" user="ItsLouisAnderson"/>
  <node id="8176640944" lat="21.0254551" lon="105.8530858" version="2" timestamp="2023-11-01T11:02:10Z" changeset="143468422" uid="11691953" user="ItsLouisAnderson"/>
  <node id="8176640945" lat="21.0254830" lon="105.8530247" version="2" timestamp="2023-11-01T11:02:10Z" changeset="143468422" uid="11691953" user="ItsLouisAnderson"/>
  <node id="8176640946" lat="21.0258079" lon="105.8516658" version="5" timestamp="2024-06-17T07:09:08Z" changeset="152787256" uid="12945167" user="Equate">
    <tag k="crossing" v="traffic_signals"/>
    <tag k="crossing:markings" v="zebra"/>
    <tag k="highway" v="crossing"/>
    <tag k="traffic_signals:sound" v="no"/>
  </node>
  <node id="8176640947" lat="21.0257922" lon="105.8517306" version="1" timestamp="2020-11-29T16:21:31Z" changeset="94990030" uid="11691953" user="ItsLouisAnderson"/>
  <node id="8176640951" lat="21.0248226" lon="105.8514441" version="1" timestamp="2020-11-29T16:21:31Z" changeset="94990030" uid="11691953" user="ItsLouisAnderson"/>
  <node id="8176640955" lat="21.0255346" lon="105.8530368" version="5" timestamp="2026-06-05T04:02:55Z" changeset="183672838" uid="20364807" user="sbachinin">
    <tag k="crossing" v="marked;traffic_signals"/>
    <tag k="highway" v="traffic_signals"/>
    <tag k="traffic_signals" v="traffic_lights"/>
    <tag k="traffic_signals:direction" v="backward"/>
  </node>
  <node id="8176640956" lat="21.0259492" lon="105.8514516" version="1" timestamp="2020-11-29T16:21:31Z" changeset="94990030" uid="11691953" user="ItsLouisAnderson"/>
  <node id="8176640957" lat="21.0263019" lon="105.8501878" version="1" timestamp="2020-11-29T16:21:31Z" changeset="94990030" uid="11691953" user="ItsLouisAnderson"/>
  <node id="8176640958" lat="21.0262759" lon="105.8501174" version="1" timestamp="2020-11-29T16:21:31Z" changeset="94990030" uid="11691953" user="ItsLouisAnderson"/>
  <node id="8176640959" lat="21.0258696" lon="105.8468879" version="2" timestamp="2023-12-26T13:22:30Z" changeset="145534011" uid="11691953" user="ItsLouisAnderson"/>
  <node id="8176640960" lat="21.0257522" lon="105.8468414" version="2" timestamp="2023-12-26T13:22:30Z" changeset="145534011" uid="11691953" user="ItsLouisAnderson"/>
  <node id="8176640962" lat="21.0258912" lon="105.8469145" version="2" timestamp="2023-12-26T13:22:30Z" changeset="145534011" uid="11691953" user="ItsLouisAnderson"/>
  <node id="8176640963" lat="21.0251338" lon="105.8495181" version="1" timestamp="2020-11-29T16:21:31Z" changeset="94990030" uid="11691953" user="ItsLouisAnderson"/>
  <node id="8176640964" lat="21.0251057" lon="105.8495546" version="1" timestamp="2020-11-29T16:21:31Z" changeset="94990030" uid="11691953" user="ItsLouisAnderson"/>
  <node id="8176640965" lat="21.0250701" lon="105.8495677" version="1" timestamp="2020-11-29T16:21:31Z" changeset="94990030" uid="11691953" user="ItsLouisAnderson"/>
  <node id="8176640966" lat="21.0250306" lon="105.8495652" version="1" timestamp="2020-11-29T16:21:31Z" changeset="94990030" uid="11691953" user="ItsLouisAnderson"/>
  <node id="8176640967" lat="21.0238246" lon="105.8491725" version="1" timestamp="2020-11-29T16:21:31Z" changeset="94990030" uid="11691953" user="ItsLouisAnderson"/>
  <node id="8176640968" lat="21.0237897" lon="105.8491448" version="1" timestamp="2020-11-29T16:21:31Z" changeset="94990030" uid="11691953" user="ItsLouisAnderson"/>
  <node id="8176640969" lat="21.0237813" lon="105.8491107" version="1" timestamp="2020-11-29T16:21:31Z" changeset="94990030" uid="11691953" user="ItsLouisAnderson"/>
  <node id="8176640970" lat="21.0237874" lon="105.8490725" version="1" timestamp="2020-11-29T16:21:31Z" changeset="94990030" uid="11691953" user="ItsLouisAnderson"/>
  <node id="8176640971" lat="21.0245115" lon="105.8466787" version="1" timestamp="2020-11-29T16:21:31Z" changeset="94990030" uid="11691953" user="ItsLouisAnderson"/>
  <node id="8176640972" lat="21.0245260" lon="105.8466370" version="2" timestamp="2025-02-08T15:36:37Z" changeset="162284424" uid="11691953" user="ItsLouisAnderson"/>
  <node id="8176640973" lat="21.0245496" lon="105.8465833" version="2" timestamp="2025-02-08T15:36:37Z" changeset="162284424" uid="11691953" user="ItsLouisAnderson"/>
  <node id="8176640974" lat="21.0245837" lon="105.8465427" version="2" timestamp="2025-02-08T15:36:37Z" changeset="162284424" uid="11691953" user="ItsLouisAnderson"/>
  <node id="8176640975" lat="21.0246209" lon="105.8465045" version="2" timestamp="2025-02-08T15:36:37Z" changeset="162284424" uid="11691953" user="ItsLouisAnderson"/>
  <node id="8176640976" lat="21.0246558" lon="105.8464809" version="2" timestamp="2025-02-08T15:36:37Z" changeset="162284424" uid="11691953" user="ItsLouisAnderson"/>
  <node id="8176640977" lat="21.0246824" lon="105.8464825" version="2" timestamp="2025-02-08T15:36:37Z" changeset="162284424" uid="11691953" user="ItsLouisAnderson"/>
  <node id="8176640979" lat="21.0242287" lon="105.8476034" version="4" timestamp="2026-05-09T05:54:41Z" changeset="182409550" uid="24092123" user="xuanhuong39">
    <tag k="crossing" v="marked"/>
    <tag k="crossing:island" v="no"/>
    <tag k="crossing:markings" v="yes"/>
    <tag k="highway" v="crossing"/>
  </node>
  <node id="8176640980" lat="21.0242227" lon="105.8476420" version="4" timestamp="2026-05-09T05:54:41Z" changeset="182409550" uid="24092123" user="xuanhuong39">
    <tag k="crossing" v="marked"/>
    <tag k="crossing:island" v="no"/>
    <tag k="crossing:markings" v="yes"/>
    <tag k="highway" v="crossing"/>
  </node>
  <node id="8176640981" lat="21.0241497" lon="105.8478747" version="1" timestamp="2020-11-29T16:21:31Z" changeset="94990030" uid="11691953" user="ItsLouisAnderson">
    <tag k="highway" v="crossing"/>
  </node>
  <node id="8176640982" lat="21.0255705" lon="105.8480385" version="3" timestamp="2026-05-09T05:54:41Z" changeset="182409550" uid="24092123" user="xuanhuong39">
    <tag k="crossing" v="uncontrolled"/>
    <tag k="highway" v="crossing"/>
  </node>
  <node id="8176640983" lat="21.0255619" lon="105.8480906" version="3" timestamp="2026-05-09T05:54:41Z" changeset="182409550" uid="24092123" user="xuanhuong39">
    <tag k="crossing" v="uncontrolled"/>
    <tag k="highway" v="crossing"/>
  </node>
  <node id="8176640984" lat="21.0239694" lon="105.8484707" version="1" timestamp="2020-11-29T16:21:31Z" changeset="94990030" uid="11691953" user="ItsLouisAnderson">
    <tag k="highway" v="crossing"/>
  </node>
  <node id="8176640985" lat="21.0238470" lon="105.8491798" version="1" timestamp="2020-11-29T16:21:31Z" changeset="94990030" uid="11691953" user="ItsLouisAnderson"/>
  <node id="8176640989" lat="21.0259105" lon="105.8475783" version="2" timestamp="2023-12-26T13:22:30Z" changeset="145534011" uid="11691953" user="ItsLouisAnderson"/>
  <node id="8176640990" lat="21.0253084" lon="105.8495731" version="2" timestamp="2023-12-26T13:22:30Z" changeset="145534011" uid="11691953" user="ItsLouisAnderson"/>
  <node id="8176640991" lat="21.0253090" lon="105.8496190" version="2" timestamp="2023-12-26T13:22:30Z" changeset="145534011" uid="11691953" user="ItsLouisAnderson"/>
  <node id="8176640992" lat="21.0253381" lon="105.8496505" version="2" timestamp="2023-12-26T13:22:30Z" changeset="145534011" uid="11691953" user="ItsLouisAnderson"/>
  <node id="8176640993" lat="21.0262844" lon="105.8499789" version="1" timestamp="2020-11-29T16:21:31Z" changeset="94990030" uid="11691953" user="ItsLouisAnderson"/>
  <node id="8176640994" lat="21.0263255" lon="105.8499757" version="1" timestamp="2020-11-29T16:21:31Z" changeset="94990030" uid="11691953" user="ItsLouisAnderson"/>
  <node id="8176640995" lat="21.0263715" lon="105.8499478" version="1" timestamp="2020-11-29T16:21:31Z" changeset="94990030" uid="11691953" user="ItsLouisAnderson"/>
  <node id="8176640996" lat="21.0263916" lon="105.8499081" version="1" timestamp="2020-11-29T16:21:31Z" changeset="94990030" uid="11691953" user="ItsLouisAnderson"/>
  <node id="8176640997" lat="21.0269624" lon="105.8478825" version="1" timestamp="2020-11-29T16:21:31Z" changeset="94990030" uid="11691953" user="ItsLouisAnderson"/>
  <node id="8176640998" lat="21.0269604" lon="105.8478439" version="1" timestamp="2020-11-29T16:21:31Z" changeset="94990030" uid="11691953" user="ItsLouisAnderson"/>
  <node id="8176640999" lat="21.0269444" lon="105.8478181" version="1" timestamp="2020-11-29T16:21:31Z" changeset="94990030" uid="11691953" user="ItsLouisAnderson"/>
  <node id="8176641000" lat="21.0260130" lon="105.8475274" version="1" timestamp="2020-11-29T16:21:31Z" changeset="94990030" uid="11691953" user="ItsLouisAnderson"/>
  <node id="8176641001" lat="21.0259730" lon="105.8475209" version="1" timestamp="2020-11-29T16:21:31Z" changeset="94990030" uid="11691953" user="ItsLouisAnderson"/>
  <node id="8176641002" lat="21.0259516" lon="105.8475279" version="2" timestamp="2023-12-26T13:22:30Z" changeset="145534011" uid="11691953" user="ItsLouisAnderson"/>
  <node id="8176641003" lat="21.0259184" lon="105.8475603" version="2" timestamp="2023-12-26T13:22:30Z" changeset="145534011" uid="11691953" user="ItsLouisAnderson"/>
  <node id="8176641004" lat="21.0264224" lon="105.8476551" version="1" timestamp="2020-11-29T16:21:31Z" changeset="94990030" uid="11691953" user="ItsLouisAnderson">
    <tag k="highway" v="crossing"/>
  </node>
  <node id="8176641005" lat="21.0253854" lon="105.8492989" version="3" timestamp="2024-05-31T08:00:15Z" changeset="152067233" uid="42045" user="Waldrenner">
    <tag k="crossing:markings" v="no"/>
    <tag k="highway" v="crossing"/>
  </node>
  <node id="8176641006" lat="21.0265333" lon="105.8494052" version="2" timestamp="2024-05-01T10:43:37Z" changeset="150743654" uid="13554586" user="Goldbube">
    <tag k="crossing:markings" v="no"/>
    <tag k="highway" v="crossing"/>
  </node>
  <node id="8176641007" lat="21.0253111" lon="105.8497401" version="7" timestamp="2024-06-17T07:23:33Z" changeset="152787259" uid="12945167" user="Equate">
    <tag k="button_operated" v="no"/>
    <tag k="crossing" v="traffic_signals"/>
    <tag k="crossing:island" v="no"/>
    <tag k="highway" v="crossing"/>
    <tag k="traffic_signals:sound" v="no"/>
    <tag k="traffic_signals:vibration" v="no"/>
  </node>
  <node id="8176641009" lat="21.0263196" lon="105.8499761" version="1" timestamp="2020-11-29T16:21:31Z" changeset="94990030" uid="11691953" user="ItsLouisAnderson"/>
  <node id="8176641010" lat="21.0257420" lon="105.8475099" version="2" timestamp="2023-12-26T13:22:30Z" changeset="145534011" uid="11691953" user="ItsLouisAnderson"/>
  <node id="8176641011" lat="21.0258320" lon="105.8475356" version="4" timestamp="2024-06-17T07:23:44Z" changeset="152787223" uid="12945167" user="Equate">
    <tag k="crossing" v="uncontrolled"/>
    <tag k="crossing:island" v="no"/>
    <tag k="highway" v="crossing"/>
  </node>
  <node id="8176641055" lat="21.0243269" lon="105.8472889" version="1" timestamp="2020-11-29T16:21:31Z" changeset="94990030" uid="11691953" user="ItsLouisAnderson"/>
  <node id="8176641063" lat="21.0237988" lon="105.8490361" version="2" timestamp="2021-07-15T17:35:34Z" changeset="108067133" uid="10498092" user="Mapping_95"/>
  <node id="8176641080" lat="21.0244900" lon="105.8467448" version="1" timestamp="2020-11-29T16:21:31Z" changeset="94990030" uid="11691953" user="ItsLouisAnderson"/>
  <node id="8176641138" lat="21.0251156" lon="105.8515410" version="3" timestamp="2026-06-30T03:14:41Z" changeset="184830314" uid="24180697" user="Nhu Hieu">
    <tag k="crossing:markings" v="no"/>
    <tag k="highway" v="crossing"/>
  </node>
  <node id="8178544842" lat="21.0248198" lon="105.8465219" version="2" timestamp="2025-02-08T15:36:37Z" changeset="162284424" uid="11691953" user="ItsLouisAnderson"/>
  <node id="8178544846" lat="21.0264176" lon="105.8457441" version="2" timestamp="2022-11-02T08:32:49Z" changeset="128378092" uid="11691953" user="ItsLouisAnderson"/>
  <node id="8178544847" lat="21.0259841" lon="105.8472654" version="2" timestamp="2023-12-26T13:22:30Z" changeset="145534011" uid="11691953" user="ItsLouisAnderson"/>
  <node id="8178544849" lat="21.0260003" lon="105.8473289" version="1" timestamp="2020-11-30T06:21:54Z" changeset="95020564" uid="11691953" user="ItsLouisAnderson"/>
  <node id="8178544850" lat="21.0260406" lon="105.8473758" version="1" timestamp="2020-11-30T06:21:54Z" changeset="95020564" uid="11691953" user="ItsLouisAnderson"/>
  <node id="8178544851" lat="21.0260889" lon="105.8474004" version="1" timestamp="2020-11-30T06:21:54Z" changeset="95020564" uid="11691953" user="ItsLouisAnderson"/>
  <node id="8178544852" lat="21.0269229" lon="105.8476913" version="1" timestamp="2020-11-30T06:21:54Z" changeset="95020564" uid="11691953" user="ItsLouisAnderson"/>
  <node id="8178544853" lat="21.0269758" lon="105.8476987" version="1" timestamp="2020-11-30T06:21:54Z" changeset="95020564" uid="11691953" user="ItsLouisAnderson"/>
  <node id="8178544854" lat="21.0270149" lon="105.8476715" version="1" timestamp="2020-11-30T06:21:54Z" changeset="95020564" uid="11691953" user="ItsLouisAnderson"/>
  <node id="8178544855" lat="21.0270299" lon="105.8476432" version="1" timestamp="2020-11-30T06:21:54Z" changeset="95020564" uid="11691953" user="ItsLouisAnderson"/>
  <node id="8178544856" lat="21.0274889" lon="105.8460854" version="1" timestamp="2020-11-30T06:21:54Z" changeset="95020564" uid="11691953" user="ItsLouisAnderson"/>
  <node id="8178544857" lat="21.0274877" lon="105.8460571" version="1" timestamp="2020-11-30T06:21:54Z" changeset="95020564" uid="11691953" user="ItsLouisAnderson"/>
  <node id="8178544858" lat="21.0274716" lon="105.8460250" version="1" timestamp="2020-11-30T06:21:54Z" changeset="95020564" uid="11691953" user="ItsLouisAnderson"/>
  <node id="8178544859" lat="21.0274394" lon="105.8460090" version="1" timestamp="2020-11-30T06:21:54Z" changeset="95020564" uid="11691953" user="ItsLouisAnderson"/>
  <node id="8178544860" lat="21.0264798" lon="105.8457040" version="2" timestamp="2022-11-02T08:32:49Z" changeset="128378092" uid="11691953" user="ItsLouisAnderson"/>
  <node id="8178544862" lat="21.0258262" lon="105.8472158" version="2" timestamp="2023-12-26T13:22:30Z" changeset="145534011" uid="11691953" user="ItsLouisAnderson"/>
  <node id="8178544863" lat="21.0259093" lon="105.8472413" version="5" timestamp="2024-06-17T07:24:26Z" changeset="152787223" uid="12945167" user="Equate">
    <tag k="crossing" v="marked"/>
    <tag k="crossing:island" v="no"/>
    <tag k="crossing:markings" v="yes"/>
    <tag k="highway" v="crossing"/>
  </node>
  <node id="8178544864" lat="21.0260490" lon="105.8475386" version="1" timestamp="2020-11-30T06:21:54Z" changeset="95020564" uid="11691953" user="ItsLouisAnderson"/>
  <node id="8178544865" lat="21.0260672" lon="105.8474754" version="3" timestamp="2025-07-15T04:20:07Z" changeset="168943556" uid="5035183" user="Almucheck Almucheck">
    <tag k="crossing" v="marked"/>
    <tag k="crossing:island" v="no"/>
    <tag k="crossing:markings" v="yes"/>
    <tag k="highway" v="crossing"/>
  </node>
  <node id="8178544866" lat="21.0268899" lon="105.8478011" version="1" timestamp="2020-11-30T06:21:54Z" changeset="95020564" uid="11691953" user="ItsLouisAnderson"/>
  <node id="8178544867" lat="21.0263452" lon="105.8474890" version="2" timestamp="2020-12-27T06:15:30Z" changeset="96472984" uid="11196308" user="vietnam321">
    <tag k="highway" v="crossing"/>
  </node>
  <node id="8178544870" lat="21.0261018" lon="105.8467980" version="1" timestamp="2020-11-30T06:21:54Z" changeset="95020564" uid="11691953" user="ItsLouisAnderson"/>
  <node id="8178544872" lat="21.0264078" lon="105.8457735" version="2" timestamp="2022-11-02T08:32:49Z" changeset="128378092" uid="11691953" user="ItsLouisAnderson"/>
  <node id="8178544892" lat="21.0253458" lon="105.8531123" version="1" timestamp="2020-11-30T06:21:54Z" changeset="95020564" uid="11691953" user="ItsLouisAnderson"/>
  <node id="8184606156" lat="21.0259627" lon="105.8518922" version="2" timestamp="2023-11-01T11:02:10Z" changeset="143468422" uid="11691953" user="ItsLouisAnderson"/>
  <node id="8184606157" lat="21.0255377" lon="105.8533778" version="2" timestamp="2023-09-02T21:59:29Z" changeset="140737455" uid="11691953" user="ItsLouisAnderson"/>
  <node id="8184606158" lat="21.0254797" lon="105.8533968" version="2" timestamp="2023-09-02T21:59:29Z" changeset="140737455" uid="11691953" user="ItsLouisAnderson"/>
  <node id="8184606159" lat="21.0254544" lon="105.8534243" version="2" timestamp="2023-09-02T21:59:29Z" changeset="140737455" uid="11691953" user="ItsLouisAnderson"/>
  <node id="8184606160" lat="21.0254308" lon="105.8534896" version="3" timestamp="2023-09-02T21:59:29Z" changeset="140737455" uid="11691953" user="ItsLouisAnderson"/>
  <node id="8184606168" lat="21.0259600" lon="105.8535909" version="2" timestamp="2023-01-15T05:17:46Z" changeset="131286241" uid="11691953" user="ItsLouisAnderson"/>
  <node id="8184606169" lat="21.0259623" lon="105.8535270" version="2" timestamp="2023-01-15T05:17:46Z" changeset="131286241" uid="11691953" user="ItsLouisAnderson"/>
  <node id="8184606170" lat="21.0259540" lon="105.8534879" version="2" timestamp="2023-01-15T05:17:46Z" changeset="131286241" uid="11691953" user="ItsLouisAnderson"/>
  <node id="8184606171" lat="21.0259322" lon="105.8534640" version="2" timestamp="2023-01-15T05:17:46Z" changeset="131286241" uid="11691953" user="ItsLouisAnderson"/>
  <node id="8184606172" lat="21.0258952" lon="105.8534471" version="1" timestamp="2020-12-01T16:14:36Z" changeset="95104435" uid="11691953" user="ItsLouisAnderson"/>
  <node id="8184606177" lat="21.0251909" lon="105.8543235" version="3" timestamp="2023-09-02T21:59:29Z" changeset="140737455" uid="11691953" user="ItsLouisAnderson"/>
  <node id="8184606185" lat="21.0260809" lon="105.8533506" version="3" timestamp="2026-06-05T04:02:55Z" changeset="183672838" uid="20364807" user="sbachinin"/>
  <node id="8184606188" lat="21.0261837" lon="105.8534768" version="2" timestamp="2023-09-25T06:26:47Z" changeset="141714534" uid="11691953" user="ItsLouisAnderson"/>
  <node id="8184606189" lat="21.0261144" lon="105.8534861" version="2" timestamp="2023-12-23T06:49:54Z" changeset="145428361" uid="11691953" user="ItsLouisAnderson"/>
  <node id="8184606190" lat="21.0260955" lon="105.8535079" version="3" timestamp="2023-12-23T06:49:54Z" changeset="145428361" uid="11691953" user="ItsLouisAnderson"/>
  <node id="8184606191" lat="21.0260611" lon="105.8535760" version="3" timestamp="2023-12-23T06:49:54Z" changeset="145428361" uid="11691953" user="ItsLouisAnderson"/>
  <node id="8184606192" lat="21.0254956" lon="105.8551936" version="3" timestamp="2023-12-23T06:49:54Z" changeset="145428361" uid="11691953" user="ItsLouisAnderson"/>
  <node id="8184606193" lat="21.0254941" lon="105.8552291" version="3" timestamp="2023-12-23T06:49:54Z" changeset="145428361" uid="11691953" user="ItsLouisAnderson"/>
  <node id="8184606194" lat="21.0255050" lon="105.8552436" version="3" timestamp="2023-12-23T06:49:54Z" changeset="145428361" uid="11691953" user="ItsLouisAnderson"/>
  <node id="8184606195" lat="21.0255165" lon="105.8552481" version="2" timestamp="2023-12-23T06:49:54Z" changeset="145428361" uid="11691953" user="ItsLouisAnderson"/>
  <node id="8184606199" lat="21.0268945" lon="105.8557048" version="3" timestamp="2023-12-20T15:05:30Z" changeset="145335355" uid="11691953" user="ItsLouisAnderson"/>
  <node id="8184606200" lat="21.0269282" lon="105.8557126" version="3" timestamp="2023-12-20T15:05:30Z" changeset="145335355" uid="11691953" user="ItsLouisAnderson"/>
  <node id="8184606201" lat="21.0269567" lon="105.8557111" version="3" timestamp="2023-12-20T15:05:30Z" changeset="145335355" uid="11691953" user="ItsLouisAnderson"/>
  <node id="8184606202" lat="21.0269790" lon="105.8556830" version="3" timestamp="2023-12-20T15:05:30Z" changeset="145335355" uid="11691953" user="ItsLouisAnderson"/>
  <node id="8184606203" lat="21.0269935" lon="105.8556381" version="3" timestamp="2023-12-20T15:05:30Z" changeset="145335355" uid="11691953" user="ItsLouisAnderson"/>
  <node id="8184606204" lat="21.0272752" lon="105.8536821" version="2" timestamp="2023-09-25T06:26:47Z" changeset="141714534" uid="11691953" user="ItsLouisAnderson"/>
  <node id="8184606205" lat="21.0272674" lon="105.8536601" version="2" timestamp="2023-09-25T06:26:47Z" changeset="141714534" uid="11691953" user="ItsLouisAnderson"/>
  <node id="8184606206" lat="21.0272456" lon="105.8536492" version="2" timestamp="2023-09-25T06:26:47Z" changeset="141714534" uid="11691953" user="ItsLouisAnderson"/>
  <node id="8184606207" lat="21.0272194" lon="105.8536448" version="2" timestamp="2023-09-25T06:26:47Z" changeset="141714534" uid="11691953" user="ItsLouisAnderson"/>
  <node id="8184606208" lat="21.0261552" lon="105.8534765" version="3" timestamp="2023-12-23T06:49:54Z" changeset="145428361" uid="11691953" user="ItsLouisAnderson"/>
  <node id="8184606209" lat="21.0270444" lon="105.8536187" version="3" timestamp="2026-06-05T04:02:55Z" changeset="183672838" uid="20364807" user="sbachinin">
    <tag k="highway" v="crossing"/>
  </node>
  <node id="8184606210" lat="21.0271149" lon="105.8547798" version="2" timestamp="2023-09-25T06:26:47Z" changeset="141714534" uid="11691953" user="ItsLouisAnderson">
    <tag k="highway" v="crossing"/>
  </node>
  <node id="8184606211" lat="21.0263459" lon="105.8555270" version="2" timestamp="2023-09-25T06:26:47Z" changeset="141714534" uid="11691953" user="ItsLouisAnderson">
    <tag k="highway" v="crossing"/>
  </node>
  <node id="8184606216" lat="21.0254547" lon="105.8551784" version="2" timestamp="2023-12-23T06:49:54Z" changeset="145428361" uid="11691953" user="ItsLouisAnderson">
    <tag k="crossing" v="uncontrolled"/>
    <tag k="highway" v="crossing"/>
  </node>
  <node id="8184606239" lat="21.0260793" lon="105.8554420" version="3" timestamp="2023-12-23T06:49:54Z" changeset="145428361" uid="11691953" user="ItsLouisAnderson"/>
  <node id="8184606301" lat="21.0265900" lon="105.8556052" version="5" timestamp="2023-12-22T16:17:04Z" changeset="145412357" uid="11691953" user="ItsLouisAnderson"/>
  <node id="8184606303" lat="21.0270974" lon="105.8556543" version="3" timestamp="2023-12-20T15:05:30Z" changeset="145335355" uid="11691953" user="ItsLouisAnderson"/>
  <node id="8458182587" lat="21.0286582" lon="105.8485881" version="2" timestamp="2024-12-08T09:53:48Z" changeset="160050483" uid="4347030" user="vbertola"/>
  <node id="8830844250" lat="21.0293895" lon="105.8472720" version="3" timestamp="2026-06-05T06:50:45Z" changeset="183678155" uid="20364807" user="sbachinin"/>
  <node id="8830844252" lat="21.0290991" lon="105.8472158" version="2" timestamp="2026-06-05T06:50:45Z" changeset="183678155" uid="20364807" user="sbachinin"/>
  <node id="8830844254" lat="21.0279767" lon="105.8469589" version="1" timestamp="2021-06-14T04:24:35Z" changeset="106304866" uid="11585583" user="siri_ak"/>
  <node id="8909952743" lat="21.0298183" lon="105.8476693" version="3" timestamp="2023-10-20T10:09:59Z" changeset="142862224" uid="3323343" user="phoenixsaigon1698">
    <tag k="access" v="no"/>
    <tag k="barrier" v="gate"/>
  </node>
  <node id="8909952759" lat="21.0295430" lon="105.8465006" version="3" timestamp="2023-10-24T01:46:20Z" changeset="143043128" uid="3323343" user="phoenixsaigon1698"/>
  <node id="8909952769" lat="21.0289991" lon="105.8463721" version="3" timestamp="2026-06-05T06:50:45Z" changeset="183678155" uid="20364807" user="sbachinin"/>
  <node id="8909952773" lat="21.0294874" lon="105.8467748" version="2" timestamp="2026-06-05T06:50:45Z" changeset="183678155" uid="20364807" user="sbachinin"/>
  <node id="8909952779" lat="21.0289902" lon="105.8464278" version="3" timestamp="2026-06-05T06:50:45Z" changeset="183678155" uid="20364807" user="sbachinin">
    <tag k="access" v="no"/>
    <tag k="barrier" v="gate"/>
  </node>
  <node id="8909952787" lat="21.0278636" lon="105.8478075" version="1" timestamp="2021-07-10T15:33:36Z" changeset="107752707" uid="11196308" user="vietnam321"/>
  <node id="8909952796" lat="21.0296490" lon="105.8472938" version="1" timestamp="2021-07-10T15:33:36Z" changeset="107752707" uid="11196308" user="vietnam321"/>
  <node id="8909952797" lat="21.0280327" lon="105.8469728" version="1" timestamp="2021-07-10T15:33:36Z" changeset="107752707" uid="11196308" user="vietnam321"/>
  <node id="8909952803" lat="21.0295347" lon="105.8465439" version="4" timestamp="2023-10-24T01:46:20Z" changeset="143043128" uid="3323343" user="phoenixsaigon1698">
    <tag k="access" v="no"/>
    <tag k="barrier" v="gate"/>
  </node>
  <node id="8909958026" lat="21.0286873" lon="105.8471263" version="2" timestamp="2026-06-05T06:50:45Z" changeset="183678155" uid="20364807" user="sbachinin"/>
  <node id="8909958037" lat="21.0278675" lon="105.8477342" version="1" timestamp="2021-07-10T15:33:36Z" changeset="107752707" uid="11196308" user="vietnam321">
    <tag k="barrier" v="gate"/>
  </node>
  <node id="8997860586" lat="21.0262721" lon="105.8555037" version="3" timestamp="2023-12-23T06:49:54Z" changeset="145428361" uid="11691953" user="ItsLouisAnderson">
    <tag k="highway" v="crossing"/>
  </node>
  <node id="9903217936" lat="21.0257503" lon="105.8478015" version="3" timestamp="2023-12-26T13:22:30Z" changeset="145534011" uid="11691953" user="ItsLouisAnderson"/>
  <node id="9903217937" lat="21.0250083" lon="105.8475478" version="3" timestamp="2023-08-13T15:55:22Z" changeset="139831345" uid="11691953" user="ItsLouisAnderson"/>
  <node id="9903217938" lat="21.0252459" lon="105.8467254" version="3" timestamp="2023-08-13T15:55:22Z" changeset="139831345" uid="11691953" user="ItsLouisAnderson"/>
  <node id="9903217939" lat="21.0257462" lon="105.8468969" version="1" timestamp="2022-07-22T04:07:38Z" changeset="123917824" uid="11691953" user="ItsLouisAnderson"/>
  <node id="9903217940" lat="21.0258006" lon="105.8469907" version="1" timestamp="2022-07-22T04:07:38Z" changeset="123917824" uid="11691953" user="ItsLouisAnderson"/>
  <node id="9903217941" lat="21.0255806" lon="105.8477455" version="1" timestamp="2022-07-22T04:07:38Z" changeset="123917824" uid="11691953" user="ItsLouisAnderson"/>
  <node id="9903217942" lat="21.0256574" lon="105.8477707" version="2" timestamp="2023-12-26T13:22:30Z" changeset="145534011" uid="11691953" user="ItsLouisAnderson">
    <tag k="highway" v="crossing"/>
  </node>
  <node id="9903217943" lat="21.0256196" lon="105.8477593" version="2" timestamp="2023-08-11T06:42:38Z" changeset="139735412" uid="11196308" user="vietnam321">
    <tag k="barrier" v="gate"/>
  </node>
  <node id="9966237335" lat="21.0286560" lon="105.8538573" version="1" timestamp="2022-08-20T15:25:05Z" changeset="125152332" uid="11691953" user="ItsLouisAnderson"/>
  <node id="9966237336" lat="21.0287051" lon="105.8538642" version="2" timestamp="2023-11-05T09:53:22Z" changeset="143642520" uid="11691953" user="ItsLouisAnderson"/>
  <node id="9966237337" lat="21.0287305" lon="105.8538737" version="2" timestamp="2023-01-26T12:33:46Z" changeset="131730939" uid="11691953" user="ItsLouisAnderson"/>
  <node id="9966237338" lat="21.0287541" lon="105.8539260" version="1" timestamp="2022-08-20T15:25:05Z" changeset="125152332" uid="11691953" user="ItsLouisAnderson"/>
  <node id="9966237341" lat="21.0288558" lon="105.8553885" version="2" timestamp="2023-01-26T12:33:46Z" changeset="131730939" uid="11691953" user="ItsLouisAnderson"/>
  <node id="9966237342" lat="21.0288441" lon="105.8553992" version="2" timestamp="2023-01-26T12:33:46Z" changeset="131730939" uid="11691953" user="ItsLouisAnderson"/>
  <node id="9966237343" lat="21.0287377" lon="105.8554411" version="1" timestamp="2022-08-20T15:25:05Z" changeset="125152332" uid="11691953" user="ItsLouisAnderson"/>
  <node id="9966237344" lat="21.0277336" lon="105.8557631" version="2" timestamp="2023-12-25T17:10:02Z" changeset="145505580" uid="11691953" user="ItsLouisAnderson"/>
  <node id="9966237345" lat="21.0276692" lon="105.8557834" version="1" timestamp="2022-08-20T15:25:05Z" changeset="125152332" uid="11691953" user="ItsLouisAnderson"/>
  <node id="9966237346" lat="21.0276567" lon="105.8557843" version="3" timestamp="2023-12-20T15:05:30Z" changeset="145335355" uid="11691953" user="ItsLouisAnderson"/>
  <node id="9966237347" lat="21.0276449" lon="105.8557562" version="2" timestamp="2023-09-25T06:26:47Z" changeset="141714534" uid="11691953" user="ItsLouisAnderson"/>
  <node id="9966237348" lat="21.0276456" lon="105.8557322" version="2" timestamp="2023-09-25T06:26:47Z" changeset="141714534" uid="11691953" user="ItsLouisAnderson"/>
  <node id="9966237349" lat="21.0279116" lon="105.8538176" version="3" timestamp="2023-12-20T15:05:30Z" changeset="145335355" uid="11691953" user="ItsLouisAnderson"/>
  <node id="9966237350" lat="21.0279176" lon="105.8537742" version="2" timestamp="2023-09-25T06:26:47Z" changeset="141714534" uid="11691953" user="ItsLouisAnderson"/>
  <node id="9966237351" lat="21.0279323" lon="105.8537528" version="2" timestamp="2023-09-25T06:26:47Z" changeset="141714534" uid="11691953" user="ItsLouisAnderson"/>
  <node id="9966237352" lat="21.0279476" lon="105.8537438" version="2" timestamp="2023-09-25T06:26:47Z" changeset="141714534" uid="11691953" user="ItsLouisAnderson"/>
  <node id="9966237353" lat="21.0279663" lon="105.8537440" version="2" timestamp="2023-09-25T06:26:47Z" changeset="141714534" uid="11691953" user="ItsLouisAnderson"/>
  <node id="9966237354" lat="21.0278170" lon="105.8538032" version="3" timestamp="2023-12-20T15:05:30Z" changeset="145335355" uid="11691953" user="ItsLouisAnderson"/>
  <node id="9966237357" lat="21.0288829" lon="105.8553332" version="3" timestamp="2023-12-25T17:10:02Z" changeset="145505580" uid="11691953" user="ItsLouisAnderson"/>
  <node id="9966237358" lat="21.0282487" lon="105.8537003" version="3" timestamp="2023-11-01T11:02:10Z" changeset="143468422" uid="11691953" user="ItsLouisAnderson"/>
  <node id="9966237359" lat="21.0282022" lon="105.8539999" version="2" timestamp="2023-10-19T14:54:12Z" changeset="142820388" uid="11691953" user="ItsLouisAnderson"/>
  <node id="9966237360" lat="21.0282022" lon="105.8540378" version="2" timestamp="2023-10-19T14:54:12Z" changeset="142820388" uid="11691953" user="ItsLouisAnderson"/>
  <node id="9966237361" lat="21.0282199" lon="105.8540657" version="2" timestamp="2023-10-19T14:54:12Z" changeset="142820388" uid="11691953" user="ItsLouisAnderson"/>
  <node id="9966237362" lat="21.0282426" lon="105.8540838" version="2" timestamp="2023-10-19T14:54:12Z" changeset="142820388" uid="11691953" user="ItsLouisAnderson"/>
  <node id="9966237363" lat="21.0282671" lon="105.8540937" version="2" timestamp="2023-10-19T14:54:12Z" changeset="142820388" uid="11691953" user="ItsLouisAnderson"/>
  <node id="9966237364" lat="21.0283850" lon="105.8541117" version="2" timestamp="2023-10-19T14:54:12Z" changeset="142820388" uid="11691953" user="ItsLouisAnderson"/>
  <node id="9966237365" lat="21.0284178" lon="105.8541108" version="2" timestamp="2023-10-19T14:54:12Z" changeset="142820388" uid="11691953" user="ItsLouisAnderson"/>
  <node id="9966237366" lat="21.0284498" lon="105.8540964" version="2" timestamp="2023-10-19T14:54:12Z" changeset="142820388" uid="11691953" user="ItsLouisAnderson"/>
  <node id="9966237367" lat="21.0284725" lon="105.8540621" version="2" timestamp="2023-10-19T14:54:12Z" changeset="142820388" uid="11691953" user="ItsLouisAnderson"/>
  <node id="9966237368" lat="21.0285214" lon="105.8537423" version="3" timestamp="2023-11-01T11:02:10Z" changeset="143468422" uid="11691953" user="ItsLouisAnderson"/>
  <node id="9966237369" lat="21.0282366" lon="105.8537876" version="3" timestamp="2023-10-19T14:54:12Z" changeset="142820388" uid="11691953" user="ItsLouisAnderson">
    <tag k="highway" v="crossing"/>
  </node>
  <node id="9966237370" lat="21.0285072" lon="105.8538326" version="2" timestamp="2023-10-19T14:54:12Z" changeset="142820388" uid="11691953" user="ItsLouisAnderson">
    <tag k="highway" v="crossing"/>
  </node>
  <node id="9966237371" lat="21.0282312" lon="105.8538244" version="3" timestamp="2024-06-21T09:50:36Z" changeset="152984726" uid="15740602" user="GrabVN_QThoai">
    <tag k="access" v="no"/>
    <tag k="barrier" v="gate"/>
  </node>
  <node id="9966237372" lat="21.0285016" lon="105.8538728" version="3" timestamp="2024-06-21T09:50:36Z" changeset="152984726" uid="15740602" user="GrabVN_QThoai">
    <tag k="access" v="no"/>
    <tag k="barrier" v="gate"/>
  </node>
  <node id="9966237373" lat="21.0284854" lon="105.8539780" version="2" timestamp="2023-10-19T14:54:12Z" changeset="142820388" uid="11691953" user="ItsLouisAnderson"/>
  <node id="9966237374" lat="21.0282132" lon="105.8539332" version="2" timestamp="2023-10-19T14:54:12Z" changeset="142820388" uid="11691953" user="ItsLouisAnderson"/>
  <node id="9966237375" lat="21.0278046" lon="105.8542820" version="3" timestamp="2023-12-20T15:05:30Z" changeset="145335355" uid="11691953" user="ItsLouisAnderson"/>
  <node id="9966237380" lat="21.0278467" lon="105.8542884" version="2" timestamp="2023-09-25T06:26:47Z" changeset="141714534" uid="11691953" user="ItsLouisAnderson">
    <tag k="highway" v="crossing"/>
  </node>
  <node id="9975258320" lat="21.0253529" lon="105.8467618" version="1" timestamp="2022-08-24T16:01:57Z" changeset="125322805" uid="11691953" user="ItsLouisAnderson"/>
  <node id="9975258337" lat="21.0251140" lon="105.8475840" version="1" timestamp="2022-08-24T16:01:57Z" changeset="125322805" uid="11691953" user="ItsLouisAnderson"/>
  <node id="10142026265" lat="21.0256480" lon="105.8544765" version="1" timestamp="2022-10-31T04:22:37Z" changeset="128275011" uid="11691953" user="ItsLouisAnderson"/>
  <node id="10142034276" lat="21.0305481" lon="105.8537834" version="2" timestamp="2023-11-09T14:50:29Z" changeset="143826136" uid="11691953" user="ItsLouisAnderson"/>
  <node id="10142034277" lat="21.0304789" lon="105.8538205" version="2" timestamp="2023-11-09T14:50:29Z" changeset="143826136" uid="11691953" user="ItsLouisAnderson"/>
  <node id="10142034278" lat="21.0303955" lon="105.8538467" version="2" timestamp="2023-11-09T14:50:29Z" changeset="143826136" uid="11691953" user="ItsLouisAnderson"/>
  <node id="10146964677" lat="21.0267647" lon="105.8556612" version="3" timestamp="2023-12-20T15:05:30Z" changeset="145335355" uid="11691953" user="ItsLouisAnderson">
    <tag k="highway" v="crossing"/>
  </node>
  <node id="10149108569" lat="21.0264535" lon="105.8457020" version="1" timestamp="2022-11-02T08:32:49Z" changeset="128378092" uid="11691953" user="ItsLouisAnderson"/>
  <node id="10149108570" lat="21.0264288" lon="105.8457204" version="1" timestamp="2022-11-02T08:32:49Z" changeset="128378092" uid="11691953" user="ItsLouisAnderson"/>
  <node id="10555858429" lat="21.0266898" lon="105.8533519" version="3" timestamp="2023-11-05T09:53:22Z" changeset="143642520" uid="11691953" user="ItsLouisAnderson"/>
  <node id="10555858430" lat="21.0266632" lon="105.8535573" version="3" timestamp="2023-11-05T09:53:22Z" changeset="143642520" uid="11691953" user="ItsLouisAnderson"/>
  <node id="10555858431" lat="21.0266765" lon="105.8534544" version="5" timestamp="2024-01-02T06:00:22Z" changeset="145785006" uid="7794340" user="AyeshK">
    <tag k="button_operated" v="yes"/>
    <tag k="crossing" v="traffic_signals"/>
    <tag k="crossing:markings" v="zebra"/>
    <tag k="highway" v="crossing"/>
    <tag k="traffic_signals:sound" v="yes"/>
  </node>
  <node id="10555858432" lat="21.0260760" lon="105.8535355" version="3" timestamp="2023-12-23T06:49:54Z" changeset="145428361" uid="11691953" user="ItsLouisAnderson"/>
  <node id="10555858433" lat="21.0260284" lon="105.8535170" version="3" timestamp="2025-07-30T12:19:39Z" changeset="169717800" uid="22976896" user="Capricorn3576">
    <tag k="crossing" v="uncontrolled"/>
    <tag k="crossing:island" v="no"/>
    <tag k="crossing:markings" v="zebra"/>
    <tag k="highway" v="crossing"/>
  </node>
  <node id="10582152352" lat="21.0281661" lon="105.8513167" version="2" timestamp="2023-11-01T11:02:10Z" changeset="143468422" uid="11691953" user="ItsLouisAnderson"/>
  <node id="10583987375" lat="21.0289244" lon="105.8545445" version="2" timestamp="2023-12-25T17:10:02Z" changeset="145505580" uid="11691953" user="ItsLouisAnderson"/>
  <node id="10583987376" lat="21.0288720" lon="105.8539543" version="2" timestamp="2023-12-25T17:10:02Z" changeset="145505580" uid="11691953" user="ItsLouisAnderson"/>
  <node id="10583987377" lat="21.0288760" lon="105.8539155" version="2" timestamp="2023-12-25T17:10:02Z" changeset="145505580" uid="11691953" user="ItsLouisAnderson"/>
  <node id="10583987378" lat="21.0288901" lon="105.8539010" version="2" timestamp="2023-12-25T17:10:02Z" changeset="145505580" uid="11691953" user="ItsLouisAnderson"/>
  <node id="10583987379" lat="21.0289049" lon="105.8538965" version="2" timestamp="2023-12-25T17:10:02Z" changeset="145505580" uid="11691953" user="ItsLouisAnderson"/>
  <node id="10583987380" lat="21.0297449" lon="105.8539298" version="1" timestamp="2023-01-26T12:33:46Z" changeset="131730939" uid="11691953" user="ItsLouisAnderson"/>
  <node id="10583987381" lat="21.0303963" lon="105.8539502" version="1" timestamp="2023-01-26T12:33:46Z" changeset="131730939" uid="11691953" user="ItsLouisAnderson"/>
  <node id="10583987382" lat="21.0313121" lon="105.8539884" version="1" timestamp="2023-01-26T12:33:46Z" changeset="131730939" uid="11691953" user="ItsLouisAnderson"/>
  <node id="10583987383" lat="21.0307899" lon="105.8539591" version="1" timestamp="2023-01-26T12:33:46Z" changeset="131730939" uid="11691953" user="ItsLouisAnderson"/>
  <node id="10583987384" lat="21.0289938" lon="105.8553098" version="2" timestamp="2023-12-25T17:10:02Z" changeset="145505580" uid="11691953" user="ItsLouisAnderson"/>
  <node id="10583987385" lat="21.0289997" lon="105.8553274" version="2" timestamp="2023-12-25T17:10:02Z" changeset="145505580" uid="11691953" user="ItsLouisAnderson"/>
  <node id="10583987386" lat="21.0290158" lon="105.8553357" version="2" timestamp="2023-12-25T17:10:02Z" changeset="145505580" uid="11691953" user="ItsLouisAnderson"/>
  <node id="10583987387" lat="21.0290336" lon="105.8553338" version="2" timestamp="2023-12-25T17:10:02Z" changeset="145505580" uid="11691953" user="ItsLouisAnderson"/>
  <node id="10583987388" lat="21.0290527" lon="105.8553285" version="2" timestamp="2023-12-25T17:10:02Z" changeset="145505580" uid="11691953" user="ItsLouisAnderson"/>
  <node id="10583987389" lat="21.0295640" lon="105.8551326" version="1" timestamp="2023-01-26T12:33:46Z" changeset="131730939" uid="11691953" user="ItsLouisAnderson"/>
  <node id="10583987390" lat="21.0299576" lon="105.8549953" version="1" timestamp="2023-01-26T12:33:46Z" changeset="131730939" uid="11691953" user="ItsLouisAnderson"/>
  <node id="10583987391" lat="21.0307525" lon="105.8547389" version="1" timestamp="2023-01-26T12:33:46Z" changeset="131730939" uid="11691953" user="ItsLouisAnderson"/>
  <node id="10583987392" lat="21.0311080" lon="105.8546274" version="1" timestamp="2023-01-26T12:33:46Z" changeset="131730939" uid="11691953" user="ItsLouisAnderson"/>
  <node id="10583987393" lat="21.0313305" lon="105.8539934" version="1" timestamp="2023-01-26T12:33:46Z" changeset="131730939" uid="11691953" user="ItsLouisAnderson"/>
  <node id="10583987394" lat="21.0313440" lon="105.8540042" version="1" timestamp="2023-01-26T12:33:46Z" changeset="131730939" uid="11691953" user="ItsLouisAnderson"/>
  <node id="10583987395" lat="21.0313507" lon="105.8540214" version="1" timestamp="2023-01-26T12:33:46Z" changeset="131730939" uid="11691953" user="ItsLouisAnderson"/>
  <node id="10583987396" lat="21.0313920" lon="105.8545049" version="1" timestamp="2023-01-26T12:33:46Z" changeset="131730939" uid="11691953" user="ItsLouisAnderson"/>
  <node id="10583987397" lat="21.0313886" lon="105.8545239" version="1" timestamp="2023-01-26T12:33:46Z" changeset="131730939" uid="11691953" user="ItsLouisAnderson"/>
  <node id="10583987398" lat="21.0313768" lon="105.8545356" version="1" timestamp="2023-01-26T12:33:46Z" changeset="131730939" uid="11691953" user="ItsLouisAnderson"/>
  <node id="10583987399" lat="21.0313566" lon="105.8545446" version="1" timestamp="2023-01-26T12:33:46Z" changeset="131730939" uid="11691953" user="ItsLouisAnderson"/>
  <node id="10583987403" lat="21.0307953" lon="105.8539594" version="1" timestamp="2023-01-26T12:33:46Z" changeset="131730939" uid="11691953" user="ItsLouisAnderson"/>
  <node id="10584029029" lat="21.0288287" lon="105.8554073" version="1" timestamp="2023-01-26T12:33:46Z" changeset="131730939" uid="11691953" user="ItsLouisAnderson"/>
  <node id="10584029031" lat="21.0289969" lon="105.8553189" version="2" timestamp="2023-12-25T17:10:02Z" changeset="145505580" uid="11691953" user="ItsLouisAnderson"/>
  <node id="10584029032" lat="21.0287465" lon="105.8538922" version="1" timestamp="2023-01-26T12:33:46Z" changeset="131730939" uid="11691953" user="ItsLouisAnderson"/>
  <node id="10584029033" lat="21.0288712" lon="105.8539326" version="2" timestamp="2023-12-25T17:10:02Z" changeset="145505580" uid="11691953" user="ItsLouisAnderson"/>
  <node id="10584029034" lat="21.0287492" lon="105.8539041" version="1" timestamp="2023-01-26T12:33:46Z" changeset="131730939" uid="11691953" user="ItsLouisAnderson"/>
  <node id="10584029095" lat="21.0316436" lon="105.8524690" version="2" timestamp="2023-11-09T14:50:29Z" changeset="143826136" uid="11691953" user="ItsLouisAnderson"/>
  <node id="10584029104" lat="21.0312777" lon="105.8539865" version="1" timestamp="2023-01-26T12:33:46Z" changeset="131730939" uid="11691953" user="ItsLouisAnderson"/>
  <node id="11112265406" lat="21.0243838" lon="105.8473361" version="1" timestamp="2023-08-13T15:55:22Z" changeset="139831345" uid="11691953" user="ItsLouisAnderson"/>
  <node id="11112265407" lat="21.0246942" lon="105.8465337" version="1" timestamp="2023-08-13T15:55:22Z" changeset="139831345" uid="11691953" user="ItsLouisAnderson"/>
  <node id="11112265408" lat="21.0248944" lon="105.8466033" version="1" timestamp="2023-08-13T15:55:22Z" changeset="139831345" uid="11691953" user="ItsLouisAnderson"/>
  <node id="11112265410" lat="21.0246707" lon="105.8474334" version="1" timestamp="2023-08-13T15:55:22Z" changeset="139831345" uid="11691953" user="ItsLouisAnderson"/>
  <node id="11112265412" lat="21.0244488" lon="105.8468823" version="2" timestamp="2025-12-28T02:02:37Z" changeset="176510910" uid="21231771" user="ThShepard">
    <tag k="crossing:markings" v="no"/>
    <tag k="highway" v="crossing"/>
  </node>
  <node id="11112265452" lat="21.0247019" lon="105.8465364" version="1" timestamp="2023-08-13T15:55:22Z" changeset="139831345" uid="11691953" user="ItsLouisAnderson"/>
  <node id="11112265459" lat="21.0244581" lon="105.8473613" version="1" timestamp="2023-08-13T15:55:22Z" changeset="139831345" uid="11691953" user="ItsLouisAnderson"/>
  <node id="11118363066" lat="21.0281180" lon="105.8488127" version="1" timestamp="2023-08-16T07:50:52Z" changeset="139949414" uid="17344224" user="Arkskyle">
    <tag k="access" v="no"/>
    <tag k="barrier" v="gate"/>
  </node>
  <node id="11163896854" lat="21.0255024" lon="105.8533829" version="1" timestamp="2023-09-02T21:59:29Z" changeset="140737455" uid="11691953" user="ItsLouisAnderson"/>
  <node id="11163896863" lat="21.0257108" lon="105.8531517" version="2" timestamp="2023-11-01T11:02:10Z" changeset="143468422" uid="11691953" user="ItsLouisAnderson"/>
  <node id="11169867121" lat="21.0252782" lon="105.8476408" version="1" timestamp="2023-09-05T15:27:41Z" changeset="140856282" uid="11691953" user="ItsLouisAnderson"/>
  <node id="11197639570" lat="21.0290007" lon="105.8495180" version="2" timestamp="2024-12-08T09:53:48Z" changeset="160050483" uid="4347030" user="vbertola"/>
  <node id="11201427648" lat="21.0291300" lon="105.8494642" version="2" timestamp="2024-12-08T09:53:48Z" changeset="160050483" uid="4347030" user="vbertola"/>
  <node id="11201427650" lat="21.0289159" lon="105.8490609" version="2" timestamp="2024-12-08T09:53:48Z" changeset="160050483" uid="4347030" user="vbertola">
    <tag k="barrier" v="gate"/>
  </node>
  <node id="11201427651" lat="21.0290996" lon="105.8494026" version="2" timestamp="2024-12-08T09:53:48Z" changeset="160050483" uid="4347030" user="vbertola"/>
  <node id="11217220360" lat="21.0273674" lon="105.8537323" version="2" timestamp="2023-12-20T15:05:30Z" changeset="145335355" uid="11691953" user="ItsLouisAnderson"/>
  <node id="11217220362" lat="21.0272701" lon="105.8537172" version="2" timestamp="2023-12-20T15:05:30Z" changeset="145335355" uid="11691953" user="ItsLouisAnderson"/>
  <node id="11217220363" lat="21.0273099" lon="105.8537232" version="3" timestamp="2023-12-22T09:05:45Z" changeset="145398617" uid="11691953" user="ItsLouisAnderson">
    <tag k="crossing" v="uncontrolled"/>
    <tag k="highway" v="crossing"/>
  </node>
  <node id="11217220366" lat="21.0275517" lon="105.8557732" version="2" timestamp="2023-12-20T15:05:30Z" changeset="145335355" uid="11691953" user="ItsLouisAnderson"/>
  <node id="11217220367" lat="21.0278682" lon="105.8538110" version="2" timestamp="2023-12-20T15:05:30Z" changeset="145335355" uid="11691953" user="ItsLouisAnderson">
    <tag k="crossing" v="uncontrolled"/>
    <tag k="highway" v="crossing"/>
  </node>
  <node id="11224700071" lat="21.0239007" lon="105.8486985" version="2" timestamp="2024-04-30T04:09:50Z" changeset="150687847" uid="13554586" user="Goldbube">
    <tag k="crossing:markings" v="no"/>
    <tag k="highway" v="crossing"/>
  </node>
  <node id="11304264848" lat="21.0291377" lon="105.8513869" version="1" timestamp="2023-11-01T11:02:10Z" changeset="143468422" uid="11691953" user="ItsLouisAnderson"/>
  <node id="11304264849" lat="21.0314755" lon="105.8511882" version="1" timestamp="2023-11-01T11:02:10Z" changeset="143468422" uid="11691953" user="ItsLouisAnderson"/>
  <node id="11304264850" lat="21.0316958" lon="105.8514000" version="1" timestamp="2023-11-01T11:02:10Z" changeset="143468422" uid="11691953" user="ItsLouisAnderson"/>
  <node id="11304264851" lat="21.0317410" lon="105.8514676" version="1" timestamp="2023-11-01T11:02:10Z" changeset="143468422" uid="11691953" user="ItsLouisAnderson"/>
  <node id="11304264852" lat="21.0317720" lon="105.8515467" version="1" timestamp="2023-11-01T11:02:10Z" changeset="143468422" uid="11691953" user="ItsLouisAnderson"/>
  <node id="11304264853" lat="21.0317911" lon="105.8516373" version="1" timestamp="2023-11-01T11:02:10Z" changeset="143468422" uid="11691953" user="ItsLouisAnderson"/>
  <node id="11304264854" lat="21.0317946" lon="105.8517062" version="1" timestamp="2023-11-01T11:02:10Z" changeset="143468422" uid="11691953" user="ItsLouisAnderson"/>
  <node id="11304264855" lat="21.0317827" lon="105.8518006" version="1" timestamp="2023-11-01T11:02:10Z" changeset="143468422" uid="11691953" user="ItsLouisAnderson"/>
  <node id="11304264856" lat="21.0317637" lon="105.8518644" version="1" timestamp="2023-11-01T11:02:10Z" changeset="143468422" uid="11691953" user="ItsLouisAnderson"/>
  <node id="11304264857" lat="21.0317186" lon="105.8520510" version="1" timestamp="2023-11-01T11:02:10Z" changeset="143468422" uid="11691953" user="ItsLouisAnderson"/>
  <node id="11304264858" lat="21.0316960" lon="105.8521314" version="1" timestamp="2023-11-01T11:02:10Z" changeset="143468422" uid="11691953" user="ItsLouisAnderson"/>
  <node id="11304264859" lat="21.0316705" lon="105.8522482" version="1" timestamp="2023-11-01T11:02:10Z" changeset="143468422" uid="11691953" user="ItsLouisAnderson"/>
  <node id="11304264860" lat="21.0316096" lon="105.8527527" version="1" timestamp="2023-11-01T11:02:10Z" changeset="143468422" uid="11691953" user="ItsLouisAnderson"/>
  <node id="11304264861" lat="21.0313917" lon="105.8511222" version="1" timestamp="2023-11-01T11:02:10Z" changeset="143468422" uid="11691953" user="ItsLouisAnderson"/>
  <node id="11304264862" lat="21.0313246" lon="105.8510835" version="1" timestamp="2023-11-01T11:02:10Z" changeset="143468422" uid="11691953" user="ItsLouisAnderson"/>
  <node id="11304264863" lat="21.0312475" lon="105.8510514" version="1" timestamp="2023-11-01T11:02:10Z" changeset="143468422" uid="11691953" user="ItsLouisAnderson"/>
  <node id="11304264864" lat="21.0311514" lon="105.8510299" version="1" timestamp="2023-11-01T11:02:10Z" changeset="143468422" uid="11691953" user="ItsLouisAnderson"/>
  <node id="11304264865" lat="21.0310663" lon="105.8510202" version="1" timestamp="2023-11-01T11:02:10Z" changeset="143468422" uid="11691953" user="ItsLouisAnderson"/>
  <node id="11304264866" lat="21.0309781" lon="105.8510202" version="1" timestamp="2023-11-01T11:02:10Z" changeset="143468422" uid="11691953" user="ItsLouisAnderson"/>
  <node id="11304264867" lat="21.0308877" lon="105.8510439" version="1" timestamp="2023-11-01T11:02:10Z" changeset="143468422" uid="11691953" user="ItsLouisAnderson"/>
  <node id="11304264868" lat="21.0306257" lon="105.8511097" version="1" timestamp="2023-11-01T11:02:10Z" changeset="143468422" uid="11691953" user="ItsLouisAnderson"/>
  <node id="11304265469" lat="21.0300802" lon="105.8512546" version="1" timestamp="2023-11-01T11:02:10Z" changeset="143468422" uid="11691953" user="ItsLouisAnderson"/>
  <node id="11304265470" lat="21.0295261" lon="105.8513827" version="1" timestamp="2023-11-01T11:02:10Z" changeset="143468422" uid="11691953" user="ItsLouisAnderson"/>
  <node id="11304265471" lat="21.0292970" lon="105.8514332" version="1" timestamp="2023-11-01T11:02:10Z" changeset="143468422" uid="11691953" user="ItsLouisAnderson"/>
  <node id="11304265472" lat="21.0291845" lon="105.8514496" version="1" timestamp="2023-11-01T11:02:10Z" changeset="143468422" uid="11691953" user="ItsLouisAnderson"/>
  <node id="11304265473" lat="21.0291134" lon="105.8514592" version="1" timestamp="2023-11-01T11:02:10Z" changeset="143468422" uid="11691953" user="ItsLouisAnderson"/>
  <node id="11304265474" lat="21.0289681" lon="105.8514637" version="1" timestamp="2023-11-01T11:02:10Z" changeset="143468422" uid="11691953" user="ItsLouisAnderson"/>
  <node id="11304265475" lat="21.0290451" lon="105.8514637" version="1" timestamp="2023-11-01T11:02:10Z" changeset="143468422" uid="11691953" user="ItsLouisAnderson"/>
  <node id="11304265476" lat="21.0288778" lon="105.8514597" version="1" timestamp="2023-11-01T11:02:10Z" changeset="143468422" uid="11691953" user="ItsLouisAnderson"/>
  <node id="11304265477" lat="21.0288777" lon="105.8514012" version="1" timestamp="2023-11-01T11:02:10Z" changeset="143468422" uid="11691953" user="ItsLouisAnderson"/>
  <node id="11304265478" lat="21.0290547" lon="105.8513971" version="1" timestamp="2023-11-01T11:02:10Z" changeset="143468422" uid="11691953" user="ItsLouisAnderson"/>
  <node id="11304265479" lat="21.0287677" lon="105.8514468" version="1" timestamp="2023-11-01T11:02:10Z" changeset="143468422" uid="11691953" user="ItsLouisAnderson"/>
  <node id="11304265480" lat="21.0284924" lon="105.8513932" version="1" timestamp="2023-11-01T11:02:10Z" changeset="143468422" uid="11691953" user="ItsLouisAnderson"/>
  <node id="11304265481" lat="21.0282757" lon="105.8513452" version="1" timestamp="2023-11-01T11:02:10Z" changeset="143468422" uid="11691953" user="ItsLouisAnderson"/>
  <node id="11304265482" lat="21.0304617" lon="105.8537052" version="1" timestamp="2023-11-01T11:02:10Z" changeset="143468422" uid="11691953" user="ItsLouisAnderson"/>
  <node id="11304265483" lat="21.0303896" lon="105.8537385" version="1" timestamp="2023-11-01T11:02:10Z" changeset="143468422" uid="11691953" user="ItsLouisAnderson"/>
  <node id="11304265484" lat="21.0303095" lon="105.8537610" version="1" timestamp="2023-11-01T11:02:10Z" changeset="143468422" uid="11691953" user="ItsLouisAnderson"/>
  <node id="11304265485" lat="21.0302203" lon="105.8537696" version="1" timestamp="2023-11-01T11:02:10Z" changeset="143468422" uid="11691953" user="ItsLouisAnderson"/>
  <node id="11304265486" lat="21.0301232" lon="105.8537728" version="1" timestamp="2023-11-01T11:02:10Z" changeset="143468422" uid="11691953" user="ItsLouisAnderson"/>
  <node id="11304265487" lat="21.0296726" lon="105.8537610" version="1" timestamp="2023-11-01T11:02:10Z" changeset="143468422" uid="11691953" user="ItsLouisAnderson"/>
  <node id="11304265488" lat="21.0294684" lon="105.8537523" version="1" timestamp="2023-11-01T11:02:10Z" changeset="143468422" uid="11691953" user="ItsLouisAnderson"/>
  <node id="11304265489" lat="21.0291549" lon="105.8537427" version="1" timestamp="2023-11-01T11:02:10Z" changeset="143468422" uid="11691953" user="ItsLouisAnderson"/>
  <node id="11304265490" lat="21.0289847" lon="105.8537169" version="1" timestamp="2023-11-01T11:02:10Z" changeset="143468422" uid="11691953" user="ItsLouisAnderson"/>
  <node id="11304265491" lat="21.0288033" lon="105.8536901" version="2" timestamp="2023-11-05T09:53:22Z" changeset="143642520" uid="11691953" user="ItsLouisAnderson"/>
  <node id="11304265492" lat="21.0285631" lon="105.8536515" version="1" timestamp="2023-11-01T11:02:10Z" changeset="143468422" uid="11691953" user="ItsLouisAnderson"/>
  <node id="11304265493" lat="21.0279492" lon="105.8535560" version="1" timestamp="2023-11-01T11:02:10Z" changeset="143468422" uid="11691953" user="ItsLouisAnderson"/>
  <node id="11304265494" lat="21.0274765" lon="105.8534809" version="1" timestamp="2023-11-01T11:02:10Z" changeset="143468422" uid="11691953" user="ItsLouisAnderson"/>
  <node id="11304265495" lat="21.0269938" lon="105.8534026" version="1" timestamp="2023-11-01T11:02:10Z" changeset="143468422" uid="11691953" user="ItsLouisAnderson"/>
  <node id="11304265496" lat="21.0264504" lon="105.8533032" version="1" timestamp="2023-11-01T11:02:10Z" changeset="143468422" uid="11691953" user="ItsLouisAnderson"/>
  <node id="11304265497" lat="21.0309804" lon="105.8533969" version="1" timestamp="2023-11-01T11:02:10Z" changeset="143468422" uid="11691953" user="ItsLouisAnderson"/>
  <node id="11304265498" lat="21.0312048" lon="105.8532655" version="1" timestamp="2023-11-01T11:02:10Z" changeset="143468422" uid="11691953" user="ItsLouisAnderson"/>
  <node id="11304265499" lat="21.0313768" lon="105.8531627" version="1" timestamp="2023-11-01T11:02:10Z" changeset="143468422" uid="11691953" user="ItsLouisAnderson"/>
  <node id="11304265500" lat="21.0314560" lon="105.8531014" version="1" timestamp="2023-11-01T11:02:10Z" changeset="143468422" uid="11691953" user="ItsLouisAnderson"/>
  <node id="11304265501" lat="21.0315042" lon="105.8530488" version="1" timestamp="2023-11-01T11:02:10Z" changeset="143468422" uid="11691953" user="ItsLouisAnderson"/>
  <node id="11304265502" lat="21.0315438" lon="105.8529884" version="1" timestamp="2023-11-01T11:02:10Z" changeset="143468422" uid="11691953" user="ItsLouisAnderson"/>
  <node id="11304265503" lat="21.0315750" lon="105.8529189" version="1" timestamp="2023-11-01T11:02:10Z" changeset="143468422" uid="11691953" user="ItsLouisAnderson"/>
  <node id="11304265504" lat="21.0315943" lon="105.8528422" version="1" timestamp="2023-11-01T11:02:10Z" changeset="143468422" uid="11691953" user="ItsLouisAnderson"/>
  <node id="11304265505" lat="21.0259708" lon="105.8532189" version="1" timestamp="2023-11-01T11:02:10Z" changeset="143468422" uid="11691953" user="ItsLouisAnderson"/>
  <node id="11304265506" lat="21.0258392" lon="105.8531920" version="1" timestamp="2023-11-01T11:02:10Z" changeset="143468422" uid="11691953" user="ItsLouisAnderson"/>
  <node id="11304265507" lat="21.0261843" lon="105.8532594" version="1" timestamp="2023-11-01T11:02:10Z" changeset="143468422" uid="11691953" user="ItsLouisAnderson"/>
  <node id="11304265508" lat="21.0261023" lon="105.8532504" version="1" timestamp="2023-11-01T11:02:10Z" changeset="143468422" uid="11691953" user="ItsLouisAnderson"/>
  <node id="11304265509" lat="21.0256525" lon="105.8529427" version="1" timestamp="2023-11-01T11:02:10Z" changeset="143468422" uid="11691953" user="ItsLouisAnderson"/>
  <node id="11304265510" lat="21.0256468" lon="105.8529879" version="1" timestamp="2023-11-01T11:02:10Z" changeset="143468422" uid="11691953" user="ItsLouisAnderson"/>
  <node id="11304265511" lat="21.0256497" lon="105.8530286" version="1" timestamp="2023-11-01T11:02:10Z" changeset="143468422" uid="11691953" user="ItsLouisAnderson"/>
  <node id="11304265512" lat="21.0257523" lon="105.8531729" version="1" timestamp="2023-11-01T11:02:10Z" changeset="143468422" uid="11691953" user="ItsLouisAnderson"/>
  <node id="11304265513" lat="21.0256918" lon="105.8531348" version="1" timestamp="2023-11-01T11:02:10Z" changeset="143468422" uid="11691953" user="ItsLouisAnderson"/>
  <node id="11304265514" lat="21.0256761" lon="105.8531066" version="1" timestamp="2023-11-01T11:02:10Z" changeset="143468422" uid="11691953" user="ItsLouisAnderson"/>
  <node id="11304265515" lat="21.0257320" lon="105.8531646" version="1" timestamp="2023-11-01T11:02:10Z" changeset="143468422" uid="11691953" user="ItsLouisAnderson"/>
  <node id="11304265516" lat="21.0254714" lon="105.8530637" version="1" timestamp="2023-11-01T11:02:10Z" changeset="143468422" uid="11691953" user="ItsLouisAnderson"/>
  <node id="11304265517" lat="21.0280361" lon="105.8512789" version="1" timestamp="2023-11-01T11:02:10Z" changeset="143468422" uid="11691953" user="ItsLouisAnderson"/>
  <node id="11304265518" lat="21.0279623" lon="105.8512712" version="1" timestamp="2023-11-01T11:02:10Z" changeset="143468422" uid="11691953" user="ItsLouisAnderson"/>
  <node id="11304265519" lat="21.0279016" lon="105.8512789" version="1" timestamp="2023-11-01T11:02:10Z" changeset="143468422" uid="11691953" user="ItsLouisAnderson"/>
  <node id="11304265520" lat="21.0270036" lon="105.8515174" version="1" timestamp="2023-11-01T11:02:10Z" changeset="143468422" uid="11691953" user="ItsLouisAnderson"/>
  <node id="11304265521" lat="21.0264736" lon="105.8516616" version="1" timestamp="2023-11-01T11:02:10Z" changeset="143468422" uid="11691953" user="ItsLouisAnderson"/>
  <node id="11304265522" lat="21.0260896" lon="105.8517665" version="1" timestamp="2023-11-01T11:02:10Z" changeset="143468422" uid="11691953" user="ItsLouisAnderson"/>
  <node id="11304265523" lat="21.0260312" lon="105.8518061" version="1" timestamp="2023-11-01T11:02:10Z" changeset="143468422" uid="11691953" user="ItsLouisAnderson"/>
  <node id="11304265524" lat="21.0259919" lon="105.8518444" version="1" timestamp="2023-11-01T11:02:10Z" changeset="143468422" uid="11691953" user="ItsLouisAnderson"/>
  <node id="11304265525" lat="21.0291637" lon="105.8538310" version="2" timestamp="2023-11-09T14:50:29Z" changeset="143826136" uid="11691953" user="ItsLouisAnderson"/>
  <node id="11304265526" lat="21.0291975" lon="105.8515171" version="2" timestamp="2023-11-02T04:52:40Z" changeset="143508833" uid="11691953" user="ItsLouisAnderson"/>
  <node id="11304265527" lat="21.0290758" lon="105.8515204" version="1" timestamp="2023-11-01T11:02:10Z" changeset="143468422" uid="11691953" user="ItsLouisAnderson"/>
  <node id="11304265528" lat="21.0289576" lon="105.8515193" version="1" timestamp="2023-11-01T11:02:10Z" changeset="143468422" uid="11691953" user="ItsLouisAnderson"/>
  <node id="11304265529" lat="21.0289036" lon="105.8515161" version="1" timestamp="2023-11-01T11:02:10Z" changeset="143468422" uid="11691953" user="ItsLouisAnderson"/>
  <node id="11304265530" lat="21.0287393" lon="105.8514990" version="1" timestamp="2023-11-01T11:02:10Z" changeset="143468422" uid="11691953" user="ItsLouisAnderson"/>
  <node id="11304265531" lat="21.0284151" lon="105.8514646" version="2" timestamp="2023-11-03T04:35:03Z" changeset="143557113" uid="11691953" user="ItsLouisAnderson"/>
  <node id="11304265532" lat="21.0282793" lon="105.8514455" version="3" timestamp="2023-11-06T16:17:47Z" changeset="143700654" uid="11691953" user="ItsLouisAnderson"/>
  <node id="11304265533" lat="21.0281642" lon="105.8514404" version="2" timestamp="2023-11-06T16:17:47Z" changeset="143700654" uid="11691953" user="ItsLouisAnderson"/>
  <node id="11304265534" lat="21.0280788" lon="105.8514521" version="2" timestamp="2023-11-03T04:35:03Z" changeset="143557113" uid="11691953" user="ItsLouisAnderson"/>
  <node id="11304265535" lat="21.0279752" lon="105.8514786" version="1" timestamp="2023-11-01T11:02:10Z" changeset="143468422" uid="11691953" user="ItsLouisAnderson"/>
  <node id="11304265536" lat="21.0277659" lon="105.8515150" version="1" timestamp="2023-11-01T11:02:10Z" changeset="143468422" uid="11691953" user="ItsLouisAnderson"/>
  <node id="11304265537" lat="21.0275797" lon="105.8515440" version="1" timestamp="2023-11-01T11:02:10Z" changeset="143468422" uid="11691953" user="ItsLouisAnderson"/>
  <node id="11304265538" lat="21.0274735" lon="105.8515655" version="1" timestamp="2023-11-01T11:02:10Z" changeset="143468422" uid="11691953" user="ItsLouisAnderson"/>
  <node id="11304265539" lat="21.0274204" lon="105.8515869" version="1" timestamp="2023-11-01T11:02:10Z" changeset="143468422" uid="11691953" user="ItsLouisAnderson"/>
  <node id="11304265540" lat="21.0273463" lon="105.8516127" version="1" timestamp="2023-11-01T11:02:10Z" changeset="143468422" uid="11691953" user="ItsLouisAnderson"/>
  <node id="11304265541" lat="21.0272722" lon="105.8516288" version="1" timestamp="2023-11-01T11:02:10Z" changeset="143468422" uid="11691953" user="ItsLouisAnderson"/>
  <node id="11304265542" lat="21.0272231" lon="105.8516352" version="1" timestamp="2023-11-01T11:02:10Z" changeset="143468422" uid="11691953" user="ItsLouisAnderson"/>
  <node id="11304265543" lat="21.0271230" lon="105.8516502" version="1" timestamp="2023-11-01T11:02:10Z" changeset="143468422" uid="11691953" user="ItsLouisAnderson"/>
  <node id="11304265544" lat="21.0270469" lon="105.8516695" version="1" timestamp="2023-11-01T11:02:10Z" changeset="143468422" uid="11691953" user="ItsLouisAnderson"/>
  <node id="11304265545" lat="21.0269938" lon="105.8516899" version="1" timestamp="2023-11-01T11:02:10Z" changeset="143468422" uid="11691953" user="ItsLouisAnderson"/>
  <node id="11304265546" lat="21.0268827" lon="105.8517597" version="1" timestamp="2023-11-01T11:02:10Z" changeset="143468422" uid="11691953" user="ItsLouisAnderson"/>
  <node id="11304265547" lat="21.0267525" lon="105.8518348" version="1" timestamp="2023-11-01T11:02:10Z" changeset="143468422" uid="11691953" user="ItsLouisAnderson"/>
  <node id="11304265548" lat="21.0266613" lon="105.8518734" version="1" timestamp="2023-11-01T11:02:10Z" changeset="143468422" uid="11691953" user="ItsLouisAnderson"/>
  <node id="11304265549" lat="21.0265572" lon="105.8519152" version="1" timestamp="2023-11-01T11:02:10Z" changeset="143468422" uid="11691953" user="ItsLouisAnderson"/>
  <node id="11304265550" lat="21.0264662" lon="105.8519557" version="2" timestamp="2023-11-02T14:45:32Z" changeset="143535652" uid="11691953" user="ItsLouisAnderson"/>
  <node id="11304265551" lat="21.0263716" lon="105.8520291" version="2" timestamp="2023-11-02T14:45:32Z" changeset="143535652" uid="11691953" user="ItsLouisAnderson"/>
  <node id="11304265552" lat="21.0262392" lon="105.8521765" version="2" timestamp="2023-11-02T12:26:09Z" changeset="143528022" uid="11691953" user="ItsLouisAnderson"/>
  <node id="11304265553" lat="21.0262246" lon="105.8522016" version="1" timestamp="2023-11-01T11:02:10Z" changeset="143468422" uid="11691953" user="ItsLouisAnderson"/>
  <node id="11304265554" lat="21.0262034" lon="105.8522653" version="1" timestamp="2023-11-01T11:02:10Z" changeset="143468422" uid="11691953" user="ItsLouisAnderson"/>
  <node id="11304265555" lat="21.0261807" lon="105.8523154" version="1" timestamp="2023-11-01T11:02:10Z" changeset="143468422" uid="11691953" user="ItsLouisAnderson"/>
  <node id="11304265556" lat="21.0261502" lon="105.8523556" version="1" timestamp="2023-11-01T11:02:10Z" changeset="143468422" uid="11691953" user="ItsLouisAnderson"/>
  <node id="11304265557" lat="21.0261000" lon="105.8523798" version="1" timestamp="2023-11-01T11:02:10Z" changeset="143468422" uid="11691953" user="ItsLouisAnderson"/>
  <node id="11304265558" lat="21.0260654" lon="105.8524025" version="2" timestamp="2023-11-02T12:26:09Z" changeset="143528022" uid="11691953" user="ItsLouisAnderson"/>
  <node id="11304265559" lat="21.0260122" lon="105.8524534" version="1" timestamp="2023-11-01T11:02:10Z" changeset="143468422" uid="11691953" user="ItsLouisAnderson"/>
  <node id="11304265560" lat="21.0259838" lon="105.8525035" version="1" timestamp="2023-11-01T11:02:10Z" changeset="143468422" uid="11691953" user="ItsLouisAnderson"/>
  <node id="11304265561" lat="21.0259484" lon="105.8526294" version="1" timestamp="2023-11-01T11:02:10Z" changeset="143468422" uid="11691953" user="ItsLouisAnderson"/>
  <node id="11304265562" lat="21.0259335" lon="105.8527484" version="2" timestamp="2023-11-02T12:26:09Z" changeset="143528022" uid="11691953" user="ItsLouisAnderson"/>
  <node id="11304265563" lat="21.0259328" lon="105.8528601" version="1" timestamp="2023-11-01T11:02:10Z" changeset="143468422" uid="11691953" user="ItsLouisAnderson"/>
  <node id="11304265564" lat="21.0259513" lon="105.8529632" version="1" timestamp="2023-11-01T11:02:10Z" changeset="143468422" uid="11691953" user="ItsLouisAnderson"/>
  <node id="11304265565" lat="21.0259789" lon="105.8530376" version="1" timestamp="2023-11-01T11:02:10Z" changeset="143468422" uid="11691953" user="ItsLouisAnderson"/>
  <node id="11304265566" lat="21.0260256" lon="105.8531157" version="1" timestamp="2023-11-01T11:02:10Z" changeset="143468422" uid="11691953" user="ItsLouisAnderson"/>
  <node id="11304265567" lat="21.0260709" lon="105.8531521" version="1" timestamp="2023-11-01T11:02:10Z" changeset="143468422" uid="11691953" user="ItsLouisAnderson"/>
  <node id="11304265568" lat="21.0261707" lon="105.8531804" version="2" timestamp="2023-11-02T12:26:09Z" changeset="143528022" uid="11691953" user="ItsLouisAnderson"/>
  <node id="11304265569" lat="21.0263563" lon="105.8532144" version="1" timestamp="2023-11-01T11:02:10Z" changeset="143468422" uid="11691953" user="ItsLouisAnderson"/>
  <node id="11304265570" lat="21.0266785" lon="105.8532606" version="1" timestamp="2023-11-01T11:02:10Z" changeset="143468422" uid="11691953" user="ItsLouisAnderson"/>
  <node id="11304265571" lat="21.0270630" lon="105.8533175" version="1" timestamp="2023-11-01T11:02:10Z" changeset="143468422" uid="11691953" user="ItsLouisAnderson"/>
  <node id="11304265572" lat="21.0276125" lon="105.8534139" version="1" timestamp="2023-11-01T11:02:10Z" changeset="143468422" uid="11691953" user="ItsLouisAnderson"/>
  <node id="11304265573" lat="21.0280133" lon="105.8534708" version="1" timestamp="2023-11-01T11:02:10Z" changeset="143468422" uid="11691953" user="ItsLouisAnderson"/>
  <node id="11304265574" lat="21.0284800" lon="105.8535398" version="1" timestamp="2023-11-01T11:02:10Z" changeset="143468422" uid="11691953" user="ItsLouisAnderson"/>
  <node id="11304265575" lat="21.0287632" lon="105.8535785" version="1" timestamp="2023-11-01T11:02:10Z" changeset="143468422" uid="11691953" user="ItsLouisAnderson"/>
  <node id="11304265576" lat="21.0293076" lon="105.8514992" version="1" timestamp="2023-11-01T11:02:10Z" changeset="143468422" uid="11691953" user="ItsLouisAnderson"/>
  <node id="11304265577" lat="21.0294759" lon="105.8514675" version="2" timestamp="2023-11-01T17:55:10Z" changeset="143488657" uid="11691953" user="ItsLouisAnderson"/>
  <node id="11304265578" lat="21.0297254" lon="105.8514203" version="1" timestamp="2023-11-01T11:02:10Z" changeset="143468422" uid="11691953" user="ItsLouisAnderson"/>
  <node id="11304265579" lat="21.0299973" lon="105.8513854" version="1" timestamp="2023-11-01T11:02:10Z" changeset="143468422" uid="11691953" user="ItsLouisAnderson"/>
  <node id="11304265580" lat="21.0301707" lon="105.8513589" version="1" timestamp="2023-11-01T11:02:10Z" changeset="143468422" uid="11691953" user="ItsLouisAnderson"/>
  <node id="11304265581" lat="21.0302937" lon="105.8513388" version="2" timestamp="2023-11-01T17:55:10Z" changeset="143488657" uid="11691953" user="ItsLouisAnderson"/>
  <node id="11304265582" lat="21.0304469" lon="105.8512993" version="1" timestamp="2023-11-01T11:02:10Z" changeset="143468422" uid="11691953" user="ItsLouisAnderson"/>
  <node id="11304265583" lat="21.0307704" lon="105.8512071" version="2" timestamp="2023-11-01T17:55:10Z" changeset="143488657" uid="11691953" user="ItsLouisAnderson"/>
  <node id="11304265585" lat="21.0307447" lon="105.8510799" version="1" timestamp="2023-11-01T11:02:10Z" changeset="143468422" uid="11691953" user="ItsLouisAnderson"/>
  <node id="11304265586" lat="21.0288793" lon="105.8535619" version="3" timestamp="2023-11-05T09:53:22Z" changeset="143642520" uid="11691953" user="ItsLouisAnderson"/>
  <node id="11304265587" lat="21.0289833" lon="105.8535368" version="2" timestamp="2023-11-01T15:55:22Z" changeset="143482956" uid="11691953" user="ItsLouisAnderson"/>
  <node id="11304265588" lat="21.0290378" lon="105.8535242" version="2" timestamp="2023-11-01T15:55:22Z" changeset="143482956" uid="11691953" user="ItsLouisAnderson"/>
  <node id="11304265589" lat="21.0291058" lon="105.8535027" version="1" timestamp="2023-11-01T11:02:10Z" changeset="143468422" uid="11691953" user="ItsLouisAnderson"/>
  <node id="11304265590" lat="21.0291578" lon="105.8534737" version="1" timestamp="2023-11-01T11:02:10Z" changeset="143468422" uid="11691953" user="ItsLouisAnderson"/>
  <node id="11304265591" lat="21.0292440" lon="105.8534168" version="1" timestamp="2023-11-01T11:02:10Z" changeset="143468422" uid="11691953" user="ItsLouisAnderson"/>
  <node id="11304265592" lat="21.0293020" lon="105.8533718" version="1" timestamp="2023-11-01T11:02:10Z" changeset="143468422" uid="11691953" user="ItsLouisAnderson"/>
  <node id="11304265593" lat="21.0293501" lon="105.8533471" version="1" timestamp="2023-11-01T11:02:10Z" changeset="143468422" uid="11691953" user="ItsLouisAnderson"/>
  <node id="11304265594" lat="21.0294232" lon="105.8533331" version="1" timestamp="2023-11-01T11:02:10Z" changeset="143468422" uid="11691953" user="ItsLouisAnderson"/>
  <node id="11304265595" lat="21.0295714" lon="105.8533385" version="1" timestamp="2023-11-01T11:02:10Z" changeset="143468422" uid="11691953" user="ItsLouisAnderson"/>
  <node id="11304265596" lat="21.0296876" lon="105.8533417" version="1" timestamp="2023-11-01T11:02:10Z" changeset="143468422" uid="11691953" user="ItsLouisAnderson"/>
  <node id="11304265597" lat="21.0297450" lon="105.8533359" version="1" timestamp="2023-11-01T11:02:10Z" changeset="143468422" uid="11691953" user="ItsLouisAnderson"/>
  <node id="11304265598" lat="21.0298701" lon="105.8533037" version="1" timestamp="2023-11-01T11:02:10Z" changeset="143468422" uid="11691953" user="ItsLouisAnderson"/>
  <node id="11304265599" lat="21.0299342" lon="105.8532866" version="1" timestamp="2023-11-01T11:02:10Z" changeset="143468422" uid="11691953" user="ItsLouisAnderson"/>
  <node id="11304265600" lat="21.0299973" lon="105.8532833" version="1" timestamp="2023-11-01T11:02:10Z" changeset="143468422" uid="11691953" user="ItsLouisAnderson"/>
  <node id="11304265601" lat="21.0300484" lon="105.8532855" version="1" timestamp="2023-11-01T11:02:10Z" changeset="143468422" uid="11691953" user="ItsLouisAnderson"/>
  <node id="11304265602" lat="21.0302367" lon="105.8533381" version="1" timestamp="2023-11-01T11:02:10Z" changeset="143468422" uid="11691953" user="ItsLouisAnderson"/>
  <node id="11304265603" lat="21.0303588" lon="105.8533617" version="1" timestamp="2023-11-01T11:02:10Z" changeset="143468422" uid="11691953" user="ItsLouisAnderson"/>
  <node id="11304265604" lat="21.0303755" lon="105.8533605" version="1" timestamp="2023-11-01T11:02:10Z" changeset="143468422" uid="11691953" user="ItsLouisAnderson"/>
  <node id="11304265605" lat="21.0304319" lon="105.8533361" version="1" timestamp="2023-11-01T11:02:10Z" changeset="143468422" uid="11691953" user="ItsLouisAnderson"/>
  <node id="11304265606" lat="21.0305523" lon="105.8532576" version="1" timestamp="2023-11-01T11:02:10Z" changeset="143468422" uid="11691953" user="ItsLouisAnderson"/>
  <node id="11304265607" lat="21.0305936" lon="105.8532288" version="1" timestamp="2023-11-01T11:02:10Z" changeset="143468422" uid="11691953" user="ItsLouisAnderson"/>
  <node id="11304265608" lat="21.0306155" lon="105.8532017" version="1" timestamp="2023-11-01T11:02:10Z" changeset="143468422" uid="11691953" user="ItsLouisAnderson"/>
  <node id="11304265609" lat="21.0306275" lon="105.8531771" version="2" timestamp="2023-11-01T13:56:40Z" changeset="143476807" uid="11691953" user="ItsLouisAnderson"/>
  <node id="11304265610" lat="21.0306406" lon="105.8531361" version="2" timestamp="2023-11-01T13:56:40Z" changeset="143476807" uid="11691953" user="ItsLouisAnderson"/>
  <node id="11304265611" lat="21.0306534" lon="105.8530525" version="2" timestamp="2023-11-01T13:56:40Z" changeset="143476807" uid="11691953" user="ItsLouisAnderson"/>
  <node id="11304265613" lat="21.0316436" lon="105.8513540" version="1" timestamp="2023-11-01T11:02:10Z" changeset="143468422" uid="11691953" user="ItsLouisAnderson"/>
  <node id="11304265635" lat="21.0306472" lon="105.8530982" version="2" timestamp="2023-11-01T13:56:40Z" changeset="143476807" uid="11691953" user="ItsLouisAnderson"/>
  <node id="11304265638" lat="21.0257265" lon="105.8530831" version="1" timestamp="2023-11-01T11:02:10Z" changeset="143468422" uid="11691953" user="ItsLouisAnderson"/>
  <node id="11304265639" lat="21.0257058" lon="105.8530580" version="1" timestamp="2023-11-01T11:02:10Z" changeset="143468422" uid="11691953" user="ItsLouisAnderson"/>
  <node id="11304265640" lat="21.0256944" lon="105.8530268" version="1" timestamp="2023-11-01T11:02:10Z" changeset="143468422" uid="11691953" user="ItsLouisAnderson"/>
  <node id="11304265641" lat="21.0256935" lon="105.8529934" version="1" timestamp="2023-11-01T11:02:10Z" changeset="143468422" uid="11691953" user="ItsLouisAnderson"/>
  <node id="11304265642" lat="21.0258383" lon="105.8529306" version="1" timestamp="2023-11-01T11:02:10Z" changeset="143468422" uid="11691953" user="ItsLouisAnderson"/>
  <node id="11304265643" lat="21.0258579" lon="105.8529528" version="1" timestamp="2023-11-01T11:02:10Z" changeset="143468422" uid="11691953" user="ItsLouisAnderson"/>
  <node id="11304265644" lat="21.0258700" lon="105.8529805" version="1" timestamp="2023-11-01T11:02:10Z" changeset="143468422" uid="11691953" user="ItsLouisAnderson"/>
  <node id="11304265645" lat="21.0258735" lon="105.8530107" version="1" timestamp="2023-11-01T11:02:10Z" changeset="143468422" uid="11691953" user="ItsLouisAnderson"/>
  <node id="11304265646" lat="21.0258681" lon="105.8530407" version="1" timestamp="2023-11-01T11:02:10Z" changeset="143468422" uid="11691953" user="ItsLouisAnderson"/>
  <node id="11304265647" lat="21.0257033" lon="105.8529616" version="1" timestamp="2023-11-01T11:02:10Z" changeset="143468422" uid="11691953" user="ItsLouisAnderson"/>
  <node id="11304265648" lat="21.0257226" lon="105.8529353" version="1" timestamp="2023-11-01T11:02:10Z" changeset="143468422" uid="11691953" user="ItsLouisAnderson"/>
  <node id="11304265649" lat="21.0257492" lon="105.8529175" version="1" timestamp="2023-11-01T11:02:10Z" changeset="143468422" uid="11691953" user="ItsLouisAnderson"/>
  <node id="11304265650" lat="21.0257797" lon="105.8529105" version="1" timestamp="2023-11-01T11:02:10Z" changeset="143468422" uid="11691953" user="ItsLouisAnderson"/>
  <node id="11304265651" lat="21.0258107" lon="105.8529151" version="1" timestamp="2023-11-01T11:02:10Z" changeset="143468422" uid="11691953" user="ItsLouisAnderson"/>
  <node id="11304265652" lat="21.0258542" lon="105.8530673" version="1" timestamp="2023-11-01T11:02:10Z" changeset="143468422" uid="11691953" user="ItsLouisAnderson"/>
  <node id="11304265653" lat="21.0258333" lon="105.8530881" version="1" timestamp="2023-11-01T11:02:10Z" changeset="143468422" uid="11691953" user="ItsLouisAnderson"/>
  <node id="11304265654" lat="21.0258074" lon="105.8531008" version="1" timestamp="2023-11-01T11:02:10Z" changeset="143468422" uid="11691953" user="ItsLouisAnderson"/>
  <node id="11304265655" lat="21.0257791" lon="105.8531043" version="1" timestamp="2023-11-01T11:02:10Z" changeset="143468422" uid="11691953" user="ItsLouisAnderson"/>
  <node id="11304265656" lat="21.0257512" lon="105.8530982" version="1" timestamp="2023-11-01T11:02:10Z" changeset="143468422" uid="11691953" user="ItsLouisAnderson"/>
  <node id="11304265657" lat="21.0259652" lon="105.8530008" version="1" timestamp="2023-11-01T11:02:10Z" changeset="143468422" uid="11691953" user="ItsLouisAnderson"/>
  <node id="11304265658" lat="21.0263809" lon="105.8532831" version="1" timestamp="2023-11-01T11:02:10Z" changeset="143468422" uid="11691953" user="ItsLouisAnderson"/>
  <node id="11304265659" lat="21.0262634" lon="105.8532646" version="1" timestamp="2023-11-01T11:02:10Z" changeset="143468422" uid="11691953" user="ItsLouisAnderson"/>
  <node id="11304265664" lat="21.0263525" lon="105.8532137" version="2" timestamp="2023-11-02T12:26:09Z" changeset="143528022" uid="11691953" user="ItsLouisAnderson"/>
  <node id="11304265665" lat="21.0263430" lon="105.8532771" version="2" timestamp="2023-11-02T12:26:09Z" changeset="143528022" uid="11691953" user="ItsLouisAnderson"/>
  <node id="11304265666" lat="21.0266626" lon="105.8532583" version="2" timestamp="2023-11-06T16:17:47Z" changeset="143700654" uid="11691953" user="ItsLouisAnderson"/>
  <node id="11304265667" lat="21.0266527" lon="105.8533444" version="2" timestamp="2023-11-06T16:17:47Z" changeset="143700654" uid="11691953" user="ItsLouisAnderson"/>
  <node id="11304265668" lat="21.0271277" lon="105.8534243" version="2" timestamp="2023-11-02T12:26:09Z" changeset="143528022" uid="11691953" user="ItsLouisAnderson"/>
  <node id="11304265669" lat="21.0271401" lon="105.8533310" version="2" timestamp="2023-11-02T12:26:09Z" changeset="143528022" uid="11691953" user="ItsLouisAnderson"/>
  <node id="11304265670" lat="21.0305146" lon="105.8536738" version="1" timestamp="2023-11-01T11:02:10Z" changeset="143468422" uid="11691953" user="ItsLouisAnderson"/>
  <node id="11304265671" lat="21.0306544" lon="105.8535907" version="1" timestamp="2023-11-01T11:02:10Z" changeset="143468422" uid="11691953" user="ItsLouisAnderson"/>
  <node id="11304265691" lat="21.0304114" lon="105.8534158" version="1" timestamp="2023-11-01T11:02:10Z" changeset="143468422" uid="11691953" user="ItsLouisAnderson"/>
  <node id="11304265692" lat="21.0303634" lon="105.8534068" version="1" timestamp="2023-11-01T11:02:10Z" changeset="143468422" uid="11691953" user="ItsLouisAnderson"/>
  <node id="11304265693" lat="21.0302784" lon="105.8533942" version="1" timestamp="2023-11-01T11:02:10Z" changeset="143468422" uid="11691953" user="ItsLouisAnderson"/>
  <node id="11304265694" lat="21.0301798" lon="105.8533842" version="1" timestamp="2023-11-01T11:02:10Z" changeset="143468422" uid="11691953" user="ItsLouisAnderson"/>
  <node id="11304265695" lat="21.0301352" lon="105.8533860" version="1" timestamp="2023-11-01T11:02:10Z" changeset="143468422" uid="11691953" user="ItsLouisAnderson"/>
  <node id="11304265696" lat="21.0301091" lon="105.8533906" version="1" timestamp="2023-11-01T11:02:10Z" changeset="143468422" uid="11691953" user="ItsLouisAnderson"/>
  <node id="11304265697" lat="21.0301015" lon="105.8534050" version="1" timestamp="2023-11-01T11:02:10Z" changeset="143468422" uid="11691953" user="ItsLouisAnderson"/>
  <node id="11304265698" lat="21.0300737" lon="105.8534321" version="1" timestamp="2023-11-01T11:02:10Z" changeset="143468422" uid="11691953" user="ItsLouisAnderson"/>
  <node id="11304265699" lat="21.0299575" lon="105.8535475" version="1" timestamp="2023-11-01T11:02:10Z" changeset="143468422" uid="11691953" user="ItsLouisAnderson"/>
  <node id="11304265700" lat="21.0301832" lon="105.8537711" version="1" timestamp="2023-11-01T11:02:10Z" changeset="143468422" uid="11691953" user="ItsLouisAnderson"/>
  <node id="11304265701" lat="21.0301883" lon="105.8537144" version="1" timestamp="2023-11-01T11:02:10Z" changeset="143468422" uid="11691953" user="ItsLouisAnderson"/>
  <node id="11304265702" lat="21.0301866" lon="105.8536747" version="1" timestamp="2023-11-01T11:02:10Z" changeset="143468422" uid="11691953" user="ItsLouisAnderson"/>
  <node id="11304265703" lat="21.0301680" lon="105.8536287" version="1" timestamp="2023-11-01T11:02:10Z" changeset="143468422" uid="11691953" user="ItsLouisAnderson"/>
  <node id="11304265704" lat="21.0301436" lon="105.8535935" version="2" timestamp="2023-11-01T13:56:40Z" changeset="143476807" uid="11691953" user="ItsLouisAnderson"/>
  <node id="11304265705" lat="21.0300990" lon="105.8535710" version="1" timestamp="2023-11-01T11:02:10Z" changeset="143468422" uid="11691953" user="ItsLouisAnderson"/>
  <node id="11304265706" lat="21.0300544" lon="105.8535575" version="1" timestamp="2023-11-01T11:02:10Z" changeset="143468422" uid="11691953" user="ItsLouisAnderson"/>
  <node id="11304265707" lat="21.0300047" lon="105.8535493" version="1" timestamp="2023-11-01T11:02:10Z" changeset="143468422" uid="11691953" user="ItsLouisAnderson"/>
  <node id="11304265708" lat="21.0299264" lon="105.8535538" version="1" timestamp="2023-11-01T11:02:10Z" changeset="143468422" uid="11691953" user="ItsLouisAnderson"/>
  <node id="11304265709" lat="21.0298863" lon="105.8535776" version="2" timestamp="2023-11-08T06:32:22Z" changeset="143764689" uid="11691953" user="ItsLouisAnderson"/>
  <node id="11304265710" lat="21.0298507" lon="105.8536174" version="2" timestamp="2023-11-08T06:32:22Z" changeset="143764689" uid="11691953" user="ItsLouisAnderson"/>
  <node id="11304265711" lat="21.0298127" lon="105.8536919" version="2" timestamp="2023-11-08T06:32:22Z" changeset="143764689" uid="11691953" user="ItsLouisAnderson"/>
  <node id="11304265712" lat="21.0297844" lon="105.8537630" version="1" timestamp="2023-11-01T11:02:10Z" changeset="143468422" uid="11691953" user="ItsLouisAnderson"/>
  <node id="11304265713" lat="21.0304785" lon="105.8536220" version="1" timestamp="2023-11-01T11:02:10Z" changeset="143468422" uid="11691953" user="ItsLouisAnderson"/>
  <node id="11304265714" lat="21.0304302" lon="105.8536516" version="1" timestamp="2023-11-01T11:02:10Z" changeset="143468422" uid="11691953" user="ItsLouisAnderson"/>
  <node id="11304265715" lat="21.0303763" lon="105.8536787" version="1" timestamp="2023-11-01T11:02:10Z" changeset="143468422" uid="11691953" user="ItsLouisAnderson"/>
  <node id="11304265716" lat="21.0303291" lon="105.8536940" version="1" timestamp="2023-11-01T11:02:10Z" changeset="143468422" uid="11691953" user="ItsLouisAnderson"/>
  <node id="11304265717" lat="21.0302794" lon="105.8536985" version="1" timestamp="2023-11-01T11:02:10Z" changeset="143468422" uid="11691953" user="ItsLouisAnderson"/>
  <node id="11304265718" lat="21.0302264" lon="105.8537012" version="1" timestamp="2023-11-01T11:02:10Z" changeset="143468422" uid="11691953" user="ItsLouisAnderson"/>
  <node id="11304265719" lat="21.0301876" lon="105.8536993" version="1" timestamp="2023-11-01T11:02:10Z" changeset="143468422" uid="11691953" user="ItsLouisAnderson"/>
  <node id="11304265720" lat="21.0300840" lon="105.8533706" version="1" timestamp="2023-11-01T11:02:10Z" changeset="143468422" uid="11691953" user="ItsLouisAnderson"/>
  <node id="11304265721" lat="21.0300470" lon="105.8533661" version="1" timestamp="2023-11-01T11:02:10Z" changeset="143468422" uid="11691953" user="ItsLouisAnderson"/>
  <node id="11304265722" lat="21.0299745" lon="105.8533661" version="1" timestamp="2023-11-01T11:02:10Z" changeset="143468422" uid="11691953" user="ItsLouisAnderson"/>
  <node id="11304265723" lat="21.0298339" lon="105.8533850" version="1" timestamp="2023-11-01T11:02:10Z" changeset="143468422" uid="11691953" user="ItsLouisAnderson"/>
  <node id="11304265724" lat="21.0297093" lon="105.8534202" version="1" timestamp="2023-11-01T11:02:10Z" changeset="143468422" uid="11691953" user="ItsLouisAnderson"/>
  <node id="11304265725" lat="21.0297825" lon="105.8533263" version="1" timestamp="2023-11-01T11:02:10Z" changeset="143468422" uid="11691953" user="ItsLouisAnderson"/>
  <node id="11304265726" lat="21.0298013" lon="105.8533946" version="1" timestamp="2023-11-01T11:02:10Z" changeset="143468422" uid="11691953" user="ItsLouisAnderson"/>
  <node id="11304265727" lat="21.0299129" lon="105.8535605" version="1" timestamp="2023-11-01T11:02:10Z" changeset="143468422" uid="11691953" user="ItsLouisAnderson"/>
  <node id="11304265728" lat="21.0297522" lon="105.8534091" version="1" timestamp="2023-11-01T11:02:10Z" changeset="143468422" uid="11691953" user="ItsLouisAnderson"/>
  <node id="11304265729" lat="21.0296431" lon="105.8534304" version="1" timestamp="2023-11-01T11:02:10Z" changeset="143468422" uid="11691953" user="ItsLouisAnderson"/>
  <node id="11304265730" lat="21.0295697" lon="105.8534323" version="3" timestamp="2023-11-01T15:55:22Z" changeset="143482956" uid="11691953" user="ItsLouisAnderson"/>
  <node id="11304265732" lat="21.0294546" lon="105.8533343" version="1" timestamp="2023-11-01T11:02:10Z" changeset="143468422" uid="11691953" user="ItsLouisAnderson"/>
  <node id="11304265733" lat="21.0297826" lon="105.8534001" version="1" timestamp="2023-11-01T11:02:10Z" changeset="143468422" uid="11691953" user="ItsLouisAnderson"/>
  <node id="11304570752" lat="21.0306121" lon="105.8536150" version="1" timestamp="2023-11-01T13:56:40Z" changeset="143476807" uid="11691953" user="ItsLouisAnderson"/>
  <node id="11304570756" lat="21.0304733" lon="105.8533956" version="1" timestamp="2023-11-01T13:56:40Z" changeset="143476807" uid="11691953" user="ItsLouisAnderson"/>
  <node id="11304570758" lat="21.0304350" lon="105.8534165" version="1" timestamp="2023-11-01T13:56:40Z" changeset="143476807" uid="11691953" user="ItsLouisAnderson"/>
  <node id="11304570759" lat="21.0304517" lon="105.8534108" version="1" timestamp="2023-11-01T13:56:40Z" changeset="143476807" uid="11691953" user="ItsLouisAnderson"/>
  <node id="11304570760" lat="21.0302292" lon="105.8535893" version="1" timestamp="2023-11-01T13:56:40Z" changeset="143476807" uid="11691953" user="ItsLouisAnderson"/>
  <node id="11304570761" lat="21.0303071" lon="105.8535810" version="1" timestamp="2023-11-01T13:56:40Z" changeset="143476807" uid="11691953" user="ItsLouisAnderson"/>
  <node id="11304570762" lat="21.0303794" lon="105.8535643" version="1" timestamp="2023-11-01T13:56:40Z" changeset="143476807" uid="11691953" user="ItsLouisAnderson"/>
  <node id="11304570763" lat="21.0304488" lon="105.8535398" version="1" timestamp="2023-11-01T13:56:40Z" changeset="143476807" uid="11691953" user="ItsLouisAnderson"/>
  <node id="11304570764" lat="21.0296783" lon="105.8534250" version="1" timestamp="2023-11-01T13:56:40Z" changeset="143476807" uid="11691953" user="ItsLouisAnderson"/>
  <node id="11304570765" lat="21.0296752" lon="105.8533414" version="1" timestamp="2023-11-01T13:56:40Z" changeset="143476807" uid="11691953" user="ItsLouisAnderson"/>
  <node id="11304570766" lat="21.0307007" lon="105.8535637" version="1" timestamp="2023-11-01T13:56:40Z" changeset="143476807" uid="11691953" user="ItsLouisAnderson"/>
  <node id="11304570767" lat="21.0307925" lon="105.8535086" version="1" timestamp="2023-11-01T13:56:40Z" changeset="143476807" uid="11691953" user="ItsLouisAnderson"/>
  <node id="11304581216" lat="21.0306889" lon="105.8535706" version="1" timestamp="2023-11-01T13:56:40Z" changeset="143476807" uid="11691953" user="ItsLouisAnderson"/>
  <node id="11304581234" lat="21.0309598" lon="105.8534094" version="1" timestamp="2023-11-01T13:56:40Z" changeset="143476807" uid="11691953" user="ItsLouisAnderson"/>
  <node id="11304581246" lat="21.0313381" lon="105.8531858" version="1" timestamp="2023-11-01T13:56:40Z" changeset="143476807" uid="11691953" user="ItsLouisAnderson"/>
  <node id="11304581253" lat="21.0315918" lon="105.8528522" version="1" timestamp="2023-11-01T13:56:40Z" changeset="143476807" uid="11691953" user="ItsLouisAnderson"/>
  <node id="11304581255" lat="21.0316644" lon="105.8522981" version="2" timestamp="2023-11-07T14:56:46Z" changeset="143741011" uid="11691953" user="ItsLouisAnderson"/>
  <node id="11304581256" lat="21.0316996" lon="105.8521185" version="1" timestamp="2023-11-01T13:56:40Z" changeset="143476807" uid="11691953" user="ItsLouisAnderson"/>
  <node id="11304581313" lat="21.0302863" lon="105.8533477" version="1" timestamp="2023-11-01T13:56:40Z" changeset="143476807" uid="11691953" user="ItsLouisAnderson"/>
  <node id="11304581412" lat="21.0301288" lon="105.8534300" version="1" timestamp="2023-11-01T13:56:40Z" changeset="143476807" uid="11691953" user="ItsLouisAnderson"/>
  <node id="11304581413" lat="21.0301381" lon="105.8534905" version="1" timestamp="2023-11-01T13:56:40Z" changeset="143476807" uid="11691953" user="ItsLouisAnderson"/>
  <node id="11304581414" lat="21.0301432" lon="105.8535374" version="1" timestamp="2023-11-01T13:56:40Z" changeset="143476807" uid="11691953" user="ItsLouisAnderson"/>
  <node id="11304581469" lat="21.0290521" lon="105.8537296" version="2" timestamp="2023-11-01T15:55:22Z" changeset="143482956" uid="11691953" user="ItsLouisAnderson"/>
  <node id="11304581470" lat="21.0291736" lon="105.8534633" version="1" timestamp="2023-11-01T13:56:40Z" changeset="143476807" uid="11691953" user="ItsLouisAnderson"/>
  <node id="11304890213" lat="21.0315844" lon="105.8528816" version="2" timestamp="2023-11-03T04:35:03Z" changeset="143557113" uid="11691953" user="ItsLouisAnderson"/>
  <node id="11304890232" lat="21.0316122" lon="105.8527307" version="2" timestamp="2023-11-04T17:03:42Z" changeset="143622681" uid="11691953" user="ItsLouisAnderson"/>
  <node id="11304890243" lat="21.0317862" lon="105.8516143" version="2" timestamp="2023-11-07T14:56:46Z" changeset="143741011" uid="11691953" user="ItsLouisAnderson"/>
  <node id="11304890262" lat="21.0298006" lon="105.8537238" version="2" timestamp="2023-11-08T06:32:22Z" changeset="143764689" uid="11691953" user="ItsLouisAnderson"/>
  <node id="11304890263" lat="21.0295809" lon="105.8535042" version="1" timestamp="2023-11-01T15:55:22Z" changeset="143482956" uid="11691953" user="ItsLouisAnderson"/>
  <node id="11304890264" lat="21.0296202" lon="105.8535055" version="1" timestamp="2023-11-01T15:55:22Z" changeset="143482956" uid="11691953" user="ItsLouisAnderson"/>
  <node id="11304890265" lat="21.0296633" lon="105.8535087" version="1" timestamp="2023-11-01T15:55:22Z" changeset="143482956" uid="11691953" user="ItsLouisAnderson"/>
  <node id="11304890266" lat="21.0297179" lon="105.8535592" version="1" timestamp="2023-11-01T15:55:22Z" changeset="143482956" uid="11691953" user="ItsLouisAnderson"/>
  <node id="11304890267" lat="21.0296931" lon="105.8535237" version="1" timestamp="2023-11-01T15:55:22Z" changeset="143482956" uid="11691953" user="ItsLouisAnderson"/>
  <node id="11304890268" lat="21.0295923" lon="105.8534336" version="1" timestamp="2023-11-01T15:55:22Z" changeset="143482956" uid="11691953" user="ItsLouisAnderson"/>
  <node id="11304897869" lat="21.0294692" lon="105.8534198" version="1" timestamp="2023-11-01T15:55:22Z" changeset="143482956" uid="11691953" user="ItsLouisAnderson"/>
  <node id="11304897870" lat="21.0295363" lon="105.8535050" version="1" timestamp="2023-11-01T15:55:22Z" changeset="143482956" uid="11691953" user="ItsLouisAnderson"/>
  <node id="11304897871" lat="21.0295101" lon="105.8534997" version="1" timestamp="2023-11-01T15:55:22Z" changeset="143482956" uid="11691953" user="ItsLouisAnderson"/>
  <node id="11304897872" lat="21.0294896" lon="105.8534777" version="1" timestamp="2023-11-01T15:55:22Z" changeset="143482956" uid="11691953" user="ItsLouisAnderson"/>
  <node id="11304897873" lat="21.0298942" lon="105.8535190" version="1" timestamp="2023-11-01T15:55:22Z" changeset="143482956" uid="11691953" user="ItsLouisAnderson"/>
  <node id="11304897875" lat="21.0295062" lon="105.8534237" version="1" timestamp="2023-11-01T15:55:22Z" changeset="143482956" uid="11691953" user="ItsLouisAnderson"/>
  <node id="11304897876" lat="21.0294848" lon="105.8533356" version="1" timestamp="2023-11-01T15:55:22Z" changeset="143482956" uid="11691953" user="ItsLouisAnderson"/>
  <node id="11304897907" lat="21.0295970" lon="105.8535914" version="1" timestamp="2023-11-01T15:55:22Z" changeset="143482956" uid="11691953" user="ItsLouisAnderson"/>
  <node id="11304897914" lat="21.0293907" lon="105.8536372" version="1" timestamp="2023-11-01T15:55:22Z" changeset="143482956" uid="11691953" user="ItsLouisAnderson"/>
  <node id="11304897929" lat="21.0295792" lon="105.8537587" version="2" timestamp="2023-11-08T06:32:22Z" changeset="143764689" uid="11691953" user="ItsLouisAnderson"/>
  <node id="11304897930" lat="21.0293815" lon="105.8534102" version="1" timestamp="2023-11-01T15:55:22Z" changeset="143482956" uid="11691953" user="ItsLouisAnderson"/>
  <node id="11304897931" lat="21.0293305" lon="105.8533575" version="1" timestamp="2023-11-01T15:55:22Z" changeset="143482956" uid="11691953" user="ItsLouisAnderson"/>
  <node id="11304897932" lat="21.0294679" lon="105.8533349" version="1" timestamp="2023-11-01T15:55:22Z" changeset="143482956" uid="11691953" user="ItsLouisAnderson"/>
  <node id="11304897936" lat="21.0293478" lon="105.8533660" version="1" timestamp="2023-11-01T15:55:22Z" changeset="143482956" uid="11691953" user="ItsLouisAnderson"/>
  <node id="11304897937" lat="21.0293735" lon="105.8533934" version="1" timestamp="2023-11-01T15:55:22Z" changeset="143482956" uid="11691953" user="ItsLouisAnderson"/>
  <node id="11304897938" lat="21.0293737" lon="105.8534997" version="1" timestamp="2023-11-01T15:55:22Z" changeset="143482956" uid="11691953" user="ItsLouisAnderson"/>
  <node id="11304897939" lat="21.0293773" lon="105.8535528" version="1" timestamp="2023-11-01T15:55:22Z" changeset="143482956" uid="11691953" user="ItsLouisAnderson"/>
  <node id="11304897940" lat="21.0295667" lon="105.8535990" version="2" timestamp="2023-11-08T06:32:22Z" changeset="143764689" uid="11691953" user="ItsLouisAnderson"/>
  <node id="11304897942" lat="21.0295768" lon="105.8537230" version="2" timestamp="2023-11-08T06:32:22Z" changeset="143764689" uid="11691953" user="ItsLouisAnderson"/>
  <node id="11304897945" lat="21.0294050" lon="105.8537497" version="1" timestamp="2023-11-01T15:55:22Z" changeset="143482956" uid="11691953" user="ItsLouisAnderson"/>
  <node id="11304897946" lat="21.0293737" lon="105.8534621" version="1" timestamp="2023-11-01T15:55:22Z" changeset="143482956" uid="11691953" user="ItsLouisAnderson"/>
  <node id="11304897981" lat="21.0292015" lon="105.8534461" version="1" timestamp="2023-11-01T15:55:22Z" changeset="143482956" uid="11691953" user="ItsLouisAnderson"/>
  <node id="11304897982" lat="21.0291300" lon="105.8534892" version="1" timestamp="2023-11-01T15:55:22Z" changeset="143482956" uid="11691953" user="ItsLouisAnderson"/>
  <node id="11304897983" lat="21.0292293" lon="105.8534269" version="1" timestamp="2023-11-01T15:55:22Z" changeset="143482956" uid="11691953" user="ItsLouisAnderson"/>
  <node id="11304897984" lat="21.0292515" lon="105.8534110" version="1" timestamp="2023-11-01T15:55:22Z" changeset="143482956" uid="11691953" user="ItsLouisAnderson"/>
  <node id="11304897985" lat="21.0293625" lon="105.8533757" version="1" timestamp="2023-11-01T15:55:22Z" changeset="143482956" uid="11691953" user="ItsLouisAnderson"/>
  <node id="11304897986" lat="21.0293831" lon="105.8535976" version="1" timestamp="2023-11-01T15:55:22Z" changeset="143482956" uid="11691953" user="ItsLouisAnderson"/>
  <node id="11304897989" lat="21.0293188" lon="105.8536241" version="1" timestamp="2023-11-01T15:55:22Z" changeset="143482956" uid="11691953" user="ItsLouisAnderson"/>
  <node id="11304897990" lat="21.0292627" lon="105.8533990" version="1" timestamp="2023-11-01T15:55:22Z" changeset="143482956" uid="11691953" user="ItsLouisAnderson"/>
  <node id="11304897991" lat="21.0292730" lon="105.8534259" version="1" timestamp="2023-11-01T15:55:22Z" changeset="143482956" uid="11691953" user="ItsLouisAnderson"/>
  <node id="11304897992" lat="21.0293124" lon="105.8535228" version="1" timestamp="2023-11-01T15:55:22Z" changeset="143482956" uid="11691953" user="ItsLouisAnderson"/>
  <node id="11304897993" lat="21.0293011" lon="105.8534894" version="1" timestamp="2023-11-01T15:55:22Z" changeset="143482956" uid="11691953" user="ItsLouisAnderson"/>
  <node id="11304897994" lat="21.0293161" lon="105.8535561" version="1" timestamp="2023-11-01T15:55:22Z" changeset="143482956" uid="11691953" user="ItsLouisAnderson"/>
  <node id="11304897995" lat="21.0291716" lon="105.8536368" version="1" timestamp="2023-11-01T15:55:22Z" changeset="143482956" uid="11691953" user="ItsLouisAnderson"/>
  <node id="11304897996" lat="21.0292845" lon="105.8534542" version="1" timestamp="2023-11-01T15:55:22Z" changeset="143482956" uid="11691953" user="ItsLouisAnderson"/>
  <node id="11304897997" lat="21.0293851" lon="105.8536535" version="1" timestamp="2023-11-01T15:55:22Z" changeset="143482956" uid="11691953" user="ItsLouisAnderson"/>
  <node id="11304897998" lat="21.0293811" lon="105.8536739" version="1" timestamp="2023-11-01T15:55:22Z" changeset="143482956" uid="11691953" user="ItsLouisAnderson"/>
  <node id="11304897999" lat="21.0293831" lon="105.8537001" version="1" timestamp="2023-11-01T15:55:22Z" changeset="143482956" uid="11691953" user="ItsLouisAnderson"/>
  <node id="11304898008" lat="21.0293755" lon="105.8536320" version="1" timestamp="2023-11-01T15:55:22Z" changeset="143482956" uid="11691953" user="ItsLouisAnderson"/>
  <node id="11304898009" lat="21.0293450" lon="105.8536208" version="1" timestamp="2023-11-01T15:55:22Z" changeset="143482956" uid="11691953" user="ItsLouisAnderson"/>
  <node id="11304898010" lat="21.0293273" lon="105.8536225" version="1" timestamp="2023-11-01T15:55:22Z" changeset="143482956" uid="11691953" user="ItsLouisAnderson"/>
  <node id="11304898011" lat="21.0293638" lon="105.8536248" version="1" timestamp="2023-11-01T15:55:22Z" changeset="143482956" uid="11691953" user="ItsLouisAnderson"/>
  <node id="11304898036" lat="21.0292108" lon="105.8536620" version="1" timestamp="2023-11-01T15:55:22Z" changeset="143482956" uid="11691953" user="ItsLouisAnderson"/>
  <node id="11304898037" lat="21.0292397" lon="105.8536645" version="1" timestamp="2023-11-01T15:55:22Z" changeset="143482956" uid="11691953" user="ItsLouisAnderson"/>
  <node id="11304898038" lat="21.0292637" lon="105.8536658" version="1" timestamp="2023-11-01T15:55:22Z" changeset="143482956" uid="11691953" user="ItsLouisAnderson"/>
  <node id="11304898039" lat="21.0292873" lon="105.8536645" version="1" timestamp="2023-11-01T15:55:22Z" changeset="143482956" uid="11691953" user="ItsLouisAnderson"/>
  <node id="11304898040" lat="21.0293033" lon="105.8536559" version="1" timestamp="2023-11-01T15:55:22Z" changeset="143482956" uid="11691953" user="ItsLouisAnderson"/>
  <node id="11304898041" lat="21.0293146" lon="105.8536419" version="1" timestamp="2023-11-01T15:55:22Z" changeset="143482956" uid="11691953" user="ItsLouisAnderson"/>
  <node id="11304898042" lat="21.0293171" lon="105.8536000" version="1" timestamp="2023-11-01T15:55:22Z" changeset="143482956" uid="11691953" user="ItsLouisAnderson"/>
  <node id="11304898043" lat="21.0293041" lon="105.8535801" version="1" timestamp="2023-11-01T15:55:22Z" changeset="143482956" uid="11691953" user="ItsLouisAnderson"/>
  <node id="11304898044" lat="21.0292871" lon="105.8535649" version="1" timestamp="2023-11-01T15:55:22Z" changeset="143482956" uid="11691953" user="ItsLouisAnderson"/>
  <node id="11304898045" lat="21.0292652" lon="105.8535583" version="1" timestamp="2023-11-01T15:55:22Z" changeset="143482956" uid="11691953" user="ItsLouisAnderson"/>
  <node id="11304898046" lat="21.0292301" lon="105.8535621" version="1" timestamp="2023-11-01T15:55:22Z" changeset="143482956" uid="11691953" user="ItsLouisAnderson"/>
  <node id="11304898047" lat="21.0292031" lon="105.8535679" version="1" timestamp="2023-11-01T15:55:22Z" changeset="143482956" uid="11691953" user="ItsLouisAnderson"/>
  <node id="11304898048" lat="21.0291851" lon="105.8535768" version="1" timestamp="2023-11-01T15:55:22Z" changeset="143482956" uid="11691953" user="ItsLouisAnderson"/>
  <node id="11304898049" lat="21.0291872" lon="105.8536535" version="1" timestamp="2023-11-01T15:55:22Z" changeset="143482956" uid="11691953" user="ItsLouisAnderson"/>
  <node id="11304898069" lat="21.0290832" lon="105.8535134" version="1" timestamp="2023-11-01T15:55:22Z" changeset="143482956" uid="11691953" user="ItsLouisAnderson"/>
  <node id="11304898075" lat="21.0290408" lon="105.8537275" version="1" timestamp="2023-11-01T15:55:22Z" changeset="143482956" uid="11691953" user="ItsLouisAnderson"/>
  <node id="11304898076" lat="21.0291733" lon="105.8535969" version="1" timestamp="2023-11-01T15:55:22Z" changeset="143482956" uid="11691953" user="ItsLouisAnderson"/>
  <node id="11304898077" lat="21.0291687" lon="105.8536185" version="1" timestamp="2023-11-01T15:55:22Z" changeset="143482956" uid="11691953" user="ItsLouisAnderson"/>
  <node id="11304898078" lat="21.0291701" lon="105.8535633" version="1" timestamp="2023-11-01T15:55:22Z" changeset="143482956" uid="11691953" user="ItsLouisAnderson"/>
  <node id="11304898079" lat="21.0291616" lon="105.8535247" version="1" timestamp="2023-11-01T15:55:22Z" changeset="143482956" uid="11691953" user="ItsLouisAnderson"/>
  <node id="11304898080" lat="21.0291431" lon="105.8534819" version="1" timestamp="2023-11-01T15:55:22Z" changeset="143482956" uid="11691953" user="ItsLouisAnderson"/>
  <node id="11304898081" lat="21.0291566" lon="105.8535950" version="1" timestamp="2023-11-01T15:55:22Z" changeset="143482956" uid="11691953" user="ItsLouisAnderson"/>
  <node id="11304898082" lat="21.0291406" lon="105.8535687" version="1" timestamp="2023-11-01T15:55:22Z" changeset="143482956" uid="11691953" user="ItsLouisAnderson"/>
  <node id="11304898083" lat="21.0291140" lon="105.8535381" version="1" timestamp="2023-11-01T15:55:22Z" changeset="143482956" uid="11691953" user="ItsLouisAnderson"/>
  <node id="11304898094" lat="21.0286774" lon="105.8535706" version="2" timestamp="2023-11-05T09:53:22Z" changeset="143642520" uid="11691953" user="ItsLouisAnderson"/>
  <node id="11304898099" lat="21.0285209" lon="105.8536449" version="2" timestamp="2023-11-05T09:53:22Z" changeset="143642520" uid="11691953" user="ItsLouisAnderson"/>
  <node id="11304898110" lat="21.0283769" lon="105.8536225" version="2" timestamp="2023-11-06T16:17:47Z" changeset="143700654" uid="11691953" user="ItsLouisAnderson"/>
  <node id="11304898111" lat="21.0283894" lon="105.8535264" version="2" timestamp="2023-11-06T16:17:47Z" changeset="143700654" uid="11691953" user="ItsLouisAnderson"/>
  <node id="11305152242" lat="21.0280822" lon="105.8535767" version="1" timestamp="2023-11-01T17:55:10Z" changeset="143488657" uid="11691953" user="ItsLouisAnderson"/>
  <node id="11305152243" lat="21.0280946" lon="105.8534828" version="1" timestamp="2023-11-01T17:55:10Z" changeset="143488657" uid="11691953" user="ItsLouisAnderson"/>
  <node id="11305152252" lat="21.0279608" lon="105.8534633" version="1" timestamp="2023-11-01T17:55:10Z" changeset="143488657" uid="11691953" user="ItsLouisAnderson"/>
  <node id="11305152253" lat="21.0278764" lon="105.8535443" version="1" timestamp="2023-11-01T17:55:10Z" changeset="143488657" uid="11691953" user="ItsLouisAnderson"/>
  <node id="11305152254" lat="21.0278811" lon="105.8534520" version="1" timestamp="2023-11-01T17:55:10Z" changeset="143488657" uid="11691953" user="ItsLouisAnderson"/>
  <node id="11305152255" lat="21.0277880" lon="105.8535301" version="1" timestamp="2023-11-01T17:55:10Z" changeset="143488657" uid="11691953" user="ItsLouisAnderson"/>
  <node id="11305152256" lat="21.0277996" lon="105.8534405" version="1" timestamp="2023-11-01T17:55:10Z" changeset="143488657" uid="11691953" user="ItsLouisAnderson"/>
  <node id="11305152257" lat="21.0278883" lon="105.8534530" version="1" timestamp="2023-11-01T17:55:10Z" changeset="143488657" uid="11691953" user="ItsLouisAnderson"/>
  <node id="11305152258" lat="21.0277086" lon="105.8535176" version="1" timestamp="2023-11-01T17:55:10Z" changeset="143488657" uid="11691953" user="ItsLouisAnderson"/>
  <node id="11305152259" lat="21.0277201" lon="105.8534292" version="1" timestamp="2023-11-01T17:55:10Z" changeset="143488657" uid="11691953" user="ItsLouisAnderson"/>
  <node id="11305152260" lat="21.0276444" lon="105.8534184" version="2" timestamp="2023-12-20T15:05:30Z" changeset="145335355" uid="11691953" user="ItsLouisAnderson"/>
  <node id="11305152261" lat="21.0275203" lon="105.8534878" version="1" timestamp="2023-11-01T17:55:10Z" changeset="143488657" uid="11691953" user="ItsLouisAnderson"/>
  <node id="11305152262" lat="21.0275334" lon="105.8534000" version="1" timestamp="2023-11-01T17:55:10Z" changeset="143488657" uid="11691953" user="ItsLouisAnderson"/>
  <node id="11305152263" lat="21.0274453" lon="105.8534758" version="1" timestamp="2023-11-01T17:55:10Z" changeset="143488657" uid="11691953" user="ItsLouisAnderson"/>
  <node id="11305152264" lat="21.0274583" lon="105.8533869" version="1" timestamp="2023-11-01T17:55:10Z" changeset="143488657" uid="11691953" user="ItsLouisAnderson"/>
  <node id="11305152265" lat="21.0273721" lon="105.8534640" version="1" timestamp="2023-11-01T17:55:10Z" changeset="143488657" uid="11691953" user="ItsLouisAnderson"/>
  <node id="11305152266" lat="21.0273854" lon="105.8533741" version="1" timestamp="2023-11-01T17:55:10Z" changeset="143488657" uid="11691953" user="ItsLouisAnderson"/>
  <node id="11305152267" lat="21.0259329" lon="105.8528485" version="1" timestamp="2023-11-01T17:55:10Z" changeset="143488657" uid="11691953" user="ItsLouisAnderson"/>
  <node id="11305178169" lat="21.0306596" lon="105.8511012" version="1" timestamp="2023-11-01T17:55:10Z" changeset="143488657" uid="11691953" user="ItsLouisAnderson"/>
  <node id="11305178170" lat="21.0306856" lon="105.8512303" version="1" timestamp="2023-11-01T17:55:10Z" changeset="143488657" uid="11691953" user="ItsLouisAnderson"/>
  <node id="11305178171" lat="21.0304750" lon="105.8511497" version="1" timestamp="2023-11-01T17:55:10Z" changeset="143488657" uid="11691953" user="ItsLouisAnderson"/>
  <node id="11305178172" lat="21.0305065" lon="105.8512821" version="1" timestamp="2023-11-01T17:55:10Z" changeset="143488657" uid="11691953" user="ItsLouisAnderson"/>
  <node id="11305178179" lat="21.0303900" lon="105.8511723" version="1" timestamp="2023-11-01T17:55:10Z" changeset="143488657" uid="11691953" user="ItsLouisAnderson"/>
  <node id="11305178183" lat="21.0303982" lon="105.8513118" version="1" timestamp="2023-11-01T17:55:10Z" changeset="143488657" uid="11691953" user="ItsLouisAnderson"/>
  <node id="11305178211" lat="21.0302949" lon="105.8511976" version="1" timestamp="2023-11-01T17:55:10Z" changeset="143488657" uid="11691953" user="ItsLouisAnderson"/>
  <node id="11305178212" lat="21.0303134" lon="105.8512866" version="1" timestamp="2023-11-01T17:55:10Z" changeset="143488657" uid="11691953" user="ItsLouisAnderson"/>
  <node id="11305178213" lat="21.0303143" lon="105.8513054" version="1" timestamp="2023-11-01T17:55:10Z" changeset="143488657" uid="11691953" user="ItsLouisAnderson"/>
  <node id="11305178214" lat="21.0303079" lon="105.8513231" version="1" timestamp="2023-11-01T17:55:10Z" changeset="143488657" uid="11691953" user="ItsLouisAnderson"/>
  <node id="11305178215" lat="21.0302894" lon="105.8513399" version="1" timestamp="2023-11-01T17:55:10Z" changeset="143488657" uid="11691953" user="ItsLouisAnderson"/>
  <node id="11305178216" lat="21.0301264" lon="105.8512423" version="1" timestamp="2023-11-01T17:55:10Z" changeset="143488657" uid="11691953" user="ItsLouisAnderson"/>
  <node id="11305178217" lat="21.0301442" lon="105.8513630" version="1" timestamp="2023-11-01T17:55:10Z" changeset="143488657" uid="11691953" user="ItsLouisAnderson"/>
  <node id="11305178227" lat="21.0298266" lon="105.8513132" version="1" timestamp="2023-11-01T17:55:10Z" changeset="143488657" uid="11691953" user="ItsLouisAnderson"/>
  <node id="11305178228" lat="21.0298406" lon="105.8514055" version="1" timestamp="2023-11-01T17:55:10Z" changeset="143488657" uid="11691953" user="ItsLouisAnderson"/>
  <node id="11305178246" lat="21.0295874" lon="105.8513685" version="1" timestamp="2023-11-01T17:55:10Z" changeset="143488657" uid="11691953" user="ItsLouisAnderson"/>
  <node id="11305178247" lat="21.0296032" lon="105.8514435" version="1" timestamp="2023-11-01T17:55:10Z" changeset="143488657" uid="11691953" user="ItsLouisAnderson"/>
  <node id="11305178256" lat="21.0294592" lon="105.8513974" version="1" timestamp="2023-11-01T17:55:10Z" changeset="143488657" uid="11691953" user="ItsLouisAnderson"/>
  <node id="11306485230" lat="21.0291877" lon="105.8514491" version="1" timestamp="2023-11-02T04:52:40Z" changeset="143508833" uid="11691953" user="ItsLouisAnderson"/>
  <node id="11306485237" lat="21.0289363" lon="105.8514623" version="1" timestamp="2023-11-02T04:52:40Z" changeset="143508833" uid="11691953" user="ItsLouisAnderson"/>
  <node id="11306485238" lat="21.0289361" lon="105.8515180" version="1" timestamp="2023-11-02T04:52:40Z" changeset="143508833" uid="11691953" user="ItsLouisAnderson"/>
  <node id="11306485245" lat="21.0287297" lon="105.8514394" version="1" timestamp="2023-11-02T04:52:40Z" changeset="143508833" uid="11691953" user="ItsLouisAnderson"/>
  <node id="11306485246" lat="21.0287269" lon="105.8514976" version="1" timestamp="2023-11-02T04:52:40Z" changeset="143508833" uid="11691953" user="ItsLouisAnderson"/>
  <node id="11306485254" lat="21.0285334" lon="105.8514012" version="1" timestamp="2023-11-02T04:52:40Z" changeset="143508833" uid="11691953" user="ItsLouisAnderson"/>
  <node id="11306485255" lat="21.0285279" lon="105.8514771" version="2" timestamp="2023-11-03T04:35:03Z" changeset="143557113" uid="11691953" user="ItsLouisAnderson"/>
  <node id="11307444171" lat="21.0261531" lon="105.8531772" version="1" timestamp="2023-11-02T12:26:09Z" changeset="143528022" uid="11691953" user="ItsLouisAnderson"/>
  <node id="11307444189" lat="21.0259331" lon="105.8528142" version="1" timestamp="2023-11-02T12:26:09Z" changeset="143528022" uid="11691953" user="ItsLouisAnderson"/>
  <node id="11307444190" lat="21.0259335" lon="105.8527591" version="1" timestamp="2023-11-02T12:26:09Z" changeset="143528022" uid="11691953" user="ItsLouisAnderson"/>
  <node id="11307444191" lat="21.0257704" lon="105.8525498" version="1" timestamp="2023-11-02T12:26:09Z" changeset="143528022" uid="11691953" user="ItsLouisAnderson"/>
  <node id="11307444192" lat="21.0259336" lon="105.8527394" version="1" timestamp="2023-11-02T12:26:09Z" changeset="143528022" uid="11691953" user="ItsLouisAnderson"/>
  <node id="11307444193" lat="21.0259413" lon="105.8526822" version="1" timestamp="2023-11-02T12:26:09Z" changeset="143528022" uid="11691953" user="ItsLouisAnderson"/>
  <node id="11307444194" lat="21.0258853" lon="105.8525612" version="2" timestamp="2023-11-04T17:03:42Z" changeset="143622681" uid="11691953" user="ItsLouisAnderson"/>
  <node id="11307444195" lat="21.0257745" lon="105.8525359" version="1" timestamp="2023-11-02T12:26:09Z" changeset="143528022" uid="11691953" user="ItsLouisAnderson"/>
  <node id="11307444196" lat="21.0259534" lon="105.8524318" version="2" timestamp="2023-11-04T17:03:42Z" changeset="143622681" uid="11691953" user="ItsLouisAnderson"/>
  <node id="11307444211" lat="21.0258508" lon="105.8522675" version="1" timestamp="2023-11-02T12:26:09Z" changeset="143528022" uid="11691953" user="ItsLouisAnderson"/>
  <node id="11307444213" lat="21.0259047" lon="105.8525172" version="2" timestamp="2023-11-04T17:03:42Z" changeset="143622681" uid="11691953" user="ItsLouisAnderson"/>
  <node id="11307444224" lat="21.0260987" lon="105.8523806" version="2" timestamp="2023-11-04T17:03:42Z" changeset="143622681" uid="11691953" user="ItsLouisAnderson"/>
  <node id="11307444225" lat="21.0260231" lon="105.8522364" version="1" timestamp="2023-11-02T12:26:09Z" changeset="143528022" uid="11691953" user="ItsLouisAnderson"/>
  <node id="11307444226" lat="21.0261021" lon="105.8520540" version="1" timestamp="2023-11-02T12:26:09Z" changeset="143528022" uid="11691953" user="ItsLouisAnderson"/>
  <node id="11307444227" lat="21.0260540" lon="105.8523186" version="2" timestamp="2023-11-04T17:03:42Z" changeset="143622681" uid="11691953" user="ItsLouisAnderson"/>
  <node id="11307444228" lat="21.0260406" lon="105.8524239" version="1" timestamp="2023-11-02T12:26:09Z" changeset="143528022" uid="11691953" user="ItsLouisAnderson"/>
  <node id="11307444243" lat="21.0261966" lon="105.8521373" version="2" timestamp="2023-11-04T17:03:42Z" changeset="143622681" uid="11691953" user="ItsLouisAnderson"/>
  <node id="11307444244" lat="21.0261364" lon="105.8522216" version="1" timestamp="2023-11-02T12:26:09Z" changeset="143528022" uid="11691953" user="ItsLouisAnderson"/>
  <node id="11307444260" lat="21.0259167" lon="105.8520465" version="1" timestamp="2023-11-02T12:26:09Z" changeset="143528022" uid="11691953" user="ItsLouisAnderson"/>
  <node id="11307444261" lat="21.0261849" lon="105.8521340" version="2" timestamp="2023-11-04T17:03:42Z" changeset="143622681" uid="11691953" user="ItsLouisAnderson"/>
  <node id="11307444262" lat="21.0261691" lon="105.8521306" version="1" timestamp="2023-11-02T12:26:09Z" changeset="143528022" uid="11691953" user="ItsLouisAnderson"/>
  <node id="11307444263" lat="21.0261492" lon="105.8521240" version="1" timestamp="2023-11-02T12:26:09Z" changeset="143528022" uid="11691953" user="ItsLouisAnderson"/>
  <node id="11307444264" lat="21.0261347" lon="105.8521161" version="2" timestamp="2023-11-02T14:45:32Z" changeset="143535652" uid="11691953" user="ItsLouisAnderson"/>
  <node id="11307444271" lat="21.0261166" lon="105.8520693" version="2" timestamp="2023-11-02T14:45:32Z" changeset="143535652" uid="11691953" user="ItsLouisAnderson"/>
  <node id="11307444280" lat="21.0259043" lon="105.8520722" version="1" timestamp="2023-11-02T12:26:09Z" changeset="143528022" uid="11691953" user="ItsLouisAnderson"/>
  <node id="11307444281" lat="21.0260871" lon="105.8520841" version="1" timestamp="2023-11-02T12:26:09Z" changeset="143528022" uid="11691953" user="ItsLouisAnderson"/>
  <node id="11307444325" lat="21.0259941" lon="105.8523121" version="1" timestamp="2023-11-02T12:26:09Z" changeset="143528022" uid="11691953" user="ItsLouisAnderson"/>
  <node id="11307444327" lat="21.0259331" lon="105.8528212" version="1" timestamp="2023-11-02T12:26:09Z" changeset="143528022" uid="11691953" user="ItsLouisAnderson"/>
  <node id="11307444328" lat="21.0257807" lon="105.8528327" version="1" timestamp="2023-11-02T12:26:09Z" changeset="143528022" uid="11691953" user="ItsLouisAnderson"/>
  <node id="11307444329" lat="21.0256937" lon="105.8528053" version="1" timestamp="2023-11-02T12:26:09Z" changeset="143528022" uid="11691953" user="ItsLouisAnderson"/>
  <node id="11307444357" lat="21.0261100" lon="105.8522521" version="1" timestamp="2023-11-02T12:26:09Z" changeset="143528022" uid="11691953" user="ItsLouisAnderson"/>
  <node id="11307444358" lat="21.0262471" lon="105.8521640" version="1" timestamp="2023-11-02T12:26:09Z" changeset="143528022" uid="11691953" user="ItsLouisAnderson"/>
  <node id="11307444359" lat="21.0262563" lon="105.8521513" version="1" timestamp="2023-11-02T12:26:09Z" changeset="143528022" uid="11691953" user="ItsLouisAnderson"/>
  <node id="11307444360" lat="21.0259477" lon="105.8519424" version="1" timestamp="2023-11-02T12:26:09Z" changeset="143528022" uid="11691953" user="ItsLouisAnderson"/>
  <node id="11307444374" lat="21.0261251" lon="105.8520845" version="2" timestamp="2023-11-02T14:45:32Z" changeset="143535652" uid="11691953" user="ItsLouisAnderson"/>
  <node id="11307611920" lat="21.0262662" lon="105.8520187" version="1" timestamp="2023-11-02T14:45:32Z" changeset="143535652" uid="11691953" user="ItsLouisAnderson"/>
  <node id="11307611921" lat="21.0262009" lon="105.8519447" version="1" timestamp="2023-11-02T14:45:32Z" changeset="143535652" uid="11691953" user="ItsLouisAnderson"/>
  <node id="11307611922" lat="21.0263216" lon="105.8520797" version="1" timestamp="2023-11-02T14:45:32Z" changeset="143535652" uid="11691953" user="ItsLouisAnderson"/>
  <node id="11307611939" lat="21.0261243" lon="105.8517535" version="1" timestamp="2023-11-02T14:45:32Z" changeset="143535652" uid="11691953" user="ItsLouisAnderson"/>
  <node id="11307611940" lat="21.0263262" lon="105.8519371" version="1" timestamp="2023-11-02T14:45:32Z" changeset="143535652" uid="11691953" user="ItsLouisAnderson"/>
  <node id="11307611941" lat="21.0263845" lon="105.8518839" version="1" timestamp="2023-11-02T14:45:32Z" changeset="143535652" uid="11691953" user="ItsLouisAnderson"/>
  <node id="11307611942" lat="21.0264846" lon="105.8518376" version="1" timestamp="2023-11-02T14:45:32Z" changeset="143535652" uid="11691953" user="ItsLouisAnderson"/>
  <node id="11307611943" lat="21.0265705" lon="105.8518426" version="1" timestamp="2023-11-02T14:45:32Z" changeset="143535652" uid="11691953" user="ItsLouisAnderson"/>
  <node id="11307716578" lat="21.0261267" lon="105.8521028" version="1" timestamp="2023-11-02T14:45:32Z" changeset="143535652" uid="11691953" user="ItsLouisAnderson"/>
  <node id="11307716602" lat="21.0265913" lon="105.8519015" version="1" timestamp="2023-11-02T14:45:32Z" changeset="143535652" uid="11691953" user="ItsLouisAnderson"/>
  <node id="11307716603" lat="21.0262779" lon="105.8518370" version="1" timestamp="2023-11-02T14:45:32Z" changeset="143535652" uid="11691953" user="ItsLouisAnderson"/>
  <node id="11307716604" lat="21.0263161" lon="105.8518188" version="1" timestamp="2023-11-02T14:45:32Z" changeset="143535652" uid="11691953" user="ItsLouisAnderson"/>
  <node id="11307716605" lat="21.0263777" lon="105.8517786" version="1" timestamp="2023-11-02T14:45:32Z" changeset="143535652" uid="11691953" user="ItsLouisAnderson"/>
  <node id="11307716606" lat="21.0264245" lon="105.8517610" version="1" timestamp="2023-11-02T14:45:32Z" changeset="143535652" uid="11691953" user="ItsLouisAnderson"/>
  <node id="11307716607" lat="21.0265405" lon="105.8516434" version="1" timestamp="2023-11-02T14:45:32Z" changeset="143535652" uid="11691953" user="ItsLouisAnderson"/>
  <node id="11307716620" lat="21.0264992" lon="105.8518372" version="1" timestamp="2023-11-02T14:45:32Z" changeset="143535652" uid="11691953" user="ItsLouisAnderson"/>
  <node id="11307716621" lat="21.0262284" lon="105.8518916" version="1" timestamp="2023-11-02T14:45:32Z" changeset="143535652" uid="11691953" user="ItsLouisAnderson"/>
  <node id="11307716622" lat="21.0262521" lon="105.8518583" version="1" timestamp="2023-11-02T14:45:32Z" changeset="143535652" uid="11691953" user="ItsLouisAnderson"/>
  <node id="11307716623" lat="21.0263534" lon="105.8516916" version="1" timestamp="2023-11-02T14:45:32Z" changeset="143535652" uid="11691953" user="ItsLouisAnderson"/>
  <node id="11307716624" lat="21.0264622" lon="105.8517546" version="1" timestamp="2023-11-02T14:45:32Z" changeset="143535652" uid="11691953" user="ItsLouisAnderson"/>
  <node id="11307716625" lat="21.0265174" lon="105.8517563" version="1" timestamp="2023-11-02T14:45:32Z" changeset="143535652" uid="11691953" user="ItsLouisAnderson"/>
  <node id="11307716626" lat="21.0265628" lon="105.8517736" version="1" timestamp="2023-11-02T14:45:32Z" changeset="143535652" uid="11691953" user="ItsLouisAnderson"/>
  <node id="11307716627" lat="21.0265820" lon="105.8518357" version="1" timestamp="2023-11-02T14:45:32Z" changeset="143535652" uid="11691953" user="ItsLouisAnderson"/>
  <node id="11307716628" lat="21.0265429" lon="105.8517626" version="1" timestamp="2023-11-02T14:45:32Z" changeset="143535652" uid="11691953" user="ItsLouisAnderson"/>
  <node id="11307716629" lat="21.0265473" lon="105.8518396" version="1" timestamp="2023-11-02T14:45:32Z" changeset="143535652" uid="11691953" user="ItsLouisAnderson"/>
  <node id="11307716630" lat="21.0265239" lon="105.8518363" version="1" timestamp="2023-11-02T14:45:32Z" changeset="143535652" uid="11691953" user="ItsLouisAnderson"/>
  <node id="11307716631" lat="21.0264583" lon="105.8518445" version="1" timestamp="2023-11-02T14:45:32Z" changeset="143535652" uid="11691953" user="ItsLouisAnderson"/>
  <node id="11307716632" lat="21.0264174" lon="105.8518647" version="1" timestamp="2023-11-02T14:45:32Z" changeset="143535652" uid="11691953" user="ItsLouisAnderson"/>
  <node id="11307716633" lat="21.0263577" lon="105.8519060" version="1" timestamp="2023-11-02T14:45:32Z" changeset="143535652" uid="11691953" user="ItsLouisAnderson"/>
  <node id="11307716634" lat="21.0265440" lon="105.8517100" version="2" timestamp="2023-11-05T04:21:03Z" changeset="143637113" uid="11691953" user="ItsLouisAnderson"/>
  <node id="11307716635" lat="21.0265719" lon="105.8518039" version="1" timestamp="2023-11-02T14:45:32Z" changeset="143535652" uid="11691953" user="ItsLouisAnderson"/>
  <node id="11307716636" lat="21.0265288" lon="105.8516468" version="2" timestamp="2023-11-05T04:21:03Z" changeset="143637113" uid="11691953" user="ItsLouisAnderson"/>
  <node id="11307716651" lat="21.0265070" lon="105.8519346" version="1" timestamp="2023-11-02T14:45:32Z" changeset="143535652" uid="11691953" user="ItsLouisAnderson"/>
  <node id="11307716652" lat="21.0264197" lon="105.8519913" version="1" timestamp="2023-11-02T14:45:32Z" changeset="143535652" uid="11691953" user="ItsLouisAnderson"/>
  <node id="11307716660" lat="21.0264897" lon="105.8518078" version="1" timestamp="2023-11-02T14:45:32Z" changeset="143535652" uid="11691953" user="ItsLouisAnderson"/>
  <node id="11307716661" lat="21.0264877" lon="105.8517853" version="1" timestamp="2023-11-02T14:45:32Z" changeset="143535652" uid="11691953" user="ItsLouisAnderson"/>
  <node id="11307716662" lat="21.0264782" lon="105.8517681" version="1" timestamp="2023-11-02T14:45:32Z" changeset="143535652" uid="11691953" user="ItsLouisAnderson"/>
  <node id="11307716663" lat="21.0264882" lon="105.8518232" version="1" timestamp="2023-11-02T14:45:32Z" changeset="143535652" uid="11691953" user="ItsLouisAnderson"/>
  <node id="11307716697" lat="21.0264059" lon="105.8518714" version="1" timestamp="2023-11-02T14:45:32Z" changeset="143535652" uid="11691953" user="ItsLouisAnderson"/>
  <node id="11307716698" lat="21.0268648" lon="105.8516978" version="1" timestamp="2023-11-02T14:45:32Z" changeset="143535652" uid="11691953" user="ItsLouisAnderson"/>
  <node id="11307716699" lat="21.0268493" lon="105.8516361" version="1" timestamp="2023-11-02T14:45:32Z" changeset="143535652" uid="11691953" user="ItsLouisAnderson"/>
  <node id="11307716700" lat="21.0268313" lon="105.8515643" version="1" timestamp="2023-11-02T14:45:32Z" changeset="143535652" uid="11691953" user="ItsLouisAnderson"/>
  <node id="11307716732" lat="21.0268930" lon="105.8517532" version="1" timestamp="2023-11-02T14:45:32Z" changeset="143535652" uid="11691953" user="ItsLouisAnderson"/>
  <node id="11307716744" lat="21.0269656" lon="105.8516476" version="1" timestamp="2023-11-02T14:45:32Z" changeset="143535652" uid="11691953" user="ItsLouisAnderson"/>
  <node id="11307716745" lat="21.0270573" lon="105.8516144" version="1" timestamp="2023-11-02T14:45:32Z" changeset="143535652" uid="11691953" user="ItsLouisAnderson"/>
  <node id="11307716746" lat="21.0273205" lon="105.8515430" version="1" timestamp="2023-11-02T14:45:32Z" changeset="143535652" uid="11691953" user="ItsLouisAnderson"/>
  <node id="11307716747" lat="21.0276001" lon="105.8514562" version="1" timestamp="2023-11-02T14:45:32Z" changeset="143535652" uid="11691953" user="ItsLouisAnderson"/>
  <node id="11307716748" lat="21.0274866" lon="105.8514938" version="1" timestamp="2023-11-02T14:45:32Z" changeset="143535652" uid="11691953" user="ItsLouisAnderson"/>
  <node id="11307716749" lat="21.0270409" lon="105.8516207" version="1" timestamp="2023-11-02T14:45:32Z" changeset="143535652" uid="11691953" user="ItsLouisAnderson"/>
  <node id="11307716750" lat="21.0270153" lon="105.8515143" version="1" timestamp="2023-11-02T14:45:32Z" changeset="143535652" uid="11691953" user="ItsLouisAnderson"/>
  <node id="11307716782" lat="21.0272432" lon="105.8515640" version="1" timestamp="2023-11-02T14:45:32Z" changeset="143535652" uid="11691953" user="ItsLouisAnderson"/>
  <node id="11307716783" lat="21.0272192" lon="105.8514611" version="1" timestamp="2023-11-02T14:45:32Z" changeset="143535652" uid="11691953" user="ItsLouisAnderson"/>
  <node id="11307716784" lat="21.0272476" lon="105.8516320" version="1" timestamp="2023-11-02T14:45:32Z" changeset="143535652" uid="11691953" user="ItsLouisAnderson"/>
  <node id="11307716786" lat="21.0273559" lon="105.8515325" version="1" timestamp="2023-11-02T14:45:32Z" changeset="143535652" uid="11691953" user="ItsLouisAnderson"/>
  <node id="11307716787" lat="21.0273336" lon="105.8514312" version="1" timestamp="2023-11-02T14:45:32Z" changeset="143535652" uid="11691953" user="ItsLouisAnderson"/>
  <node id="11307716788" lat="21.0273502" lon="105.8515096" version="1" timestamp="2023-11-02T14:45:32Z" changeset="143535652" uid="11691953" user="ItsLouisAnderson"/>
  <node id="11307716822" lat="21.0273405" lon="105.8515048" version="1" timestamp="2023-11-02T14:45:32Z" changeset="143535652" uid="11691953" user="ItsLouisAnderson"/>
  <node id="11307716823" lat="21.0273330" lon="105.8514959" version="1" timestamp="2023-11-02T14:45:32Z" changeset="143535652" uid="11691953" user="ItsLouisAnderson"/>
  <node id="11307716824" lat="21.0273297" lon="105.8514815" version="1" timestamp="2023-11-02T14:45:32Z" changeset="143535652" uid="11691953" user="ItsLouisAnderson"/>
  <node id="11307716825" lat="21.0273279" lon="105.8514662" version="1" timestamp="2023-11-02T14:45:32Z" changeset="143535652" uid="11691953" user="ItsLouisAnderson"/>
  <node id="11307716826" lat="21.0273291" lon="105.8514499" version="1" timestamp="2023-11-02T14:45:32Z" changeset="143535652" uid="11691953" user="ItsLouisAnderson"/>
  <node id="11307716827" lat="21.0273887" lon="105.8515004" version="1" timestamp="2023-11-02T14:45:32Z" changeset="143535652" uid="11691953" user="ItsLouisAnderson"/>
  <node id="11307716828" lat="21.0273664" lon="105.8514227" version="1" timestamp="2023-11-02T14:45:32Z" changeset="143535652" uid="11691953" user="ItsLouisAnderson"/>
  <node id="11307716829" lat="21.0273792" lon="105.8514353" version="1" timestamp="2023-11-02T14:45:32Z" changeset="143535652" uid="11691953" user="ItsLouisAnderson"/>
  <node id="11307716830" lat="21.0273867" lon="105.8514506" version="1" timestamp="2023-11-02T14:45:32Z" changeset="143535652" uid="11691953" user="ItsLouisAnderson"/>
  <node id="11307716831" lat="21.0273905" lon="105.8514660" version="1" timestamp="2023-11-02T14:45:32Z" changeset="143535652" uid="11691953" user="ItsLouisAnderson"/>
  <node id="11307716832" lat="21.0273920" lon="105.8514790" version="1" timestamp="2023-11-02T14:45:32Z" changeset="143535652" uid="11691953" user="ItsLouisAnderson"/>
  <node id="11307716833" lat="21.0273911" lon="105.8514918" version="1" timestamp="2023-11-02T14:45:32Z" changeset="143535652" uid="11691953" user="ItsLouisAnderson"/>
  <node id="11307716835" lat="21.0273701" lon="105.8515048" version="1" timestamp="2023-11-02T14:45:32Z" changeset="143535652" uid="11691953" user="ItsLouisAnderson"/>
  <node id="11307716836" lat="21.0273766" lon="105.8515264" version="1" timestamp="2023-11-02T14:45:32Z" changeset="143535652" uid="11691953" user="ItsLouisAnderson"/>
  <node id="11307716848" lat="21.0275785" lon="105.8513673" version="1" timestamp="2023-11-02T14:45:32Z" changeset="143535652" uid="11691953" user="ItsLouisAnderson"/>
  <node id="11307716862" lat="21.0276191" lon="105.8515379" version="1" timestamp="2023-11-02T14:45:32Z" changeset="143535652" uid="11691953" user="ItsLouisAnderson"/>
  <node id="11307716867" lat="21.0277925" lon="105.8513088" version="1" timestamp="2023-11-02T14:45:32Z" changeset="143535652" uid="11691953" user="ItsLouisAnderson"/>
  <node id="11307716868" lat="21.0278262" lon="105.8514515" version="1" timestamp="2023-11-02T14:45:32Z" changeset="143535652" uid="11691953" user="ItsLouisAnderson"/>
  <node id="11307716869" lat="21.0276788" lon="105.8514479" version="1" timestamp="2023-11-02T14:45:32Z" changeset="143535652" uid="11691953" user="ItsLouisAnderson"/>
  <node id="11307716870" lat="21.0277790" lon="105.8514524" version="1" timestamp="2023-11-02T14:45:32Z" changeset="143535652" uid="11691953" user="ItsLouisAnderson"/>
  <node id="11307716871" lat="21.0278910" lon="105.8514497" version="1" timestamp="2023-11-02T14:45:32Z" changeset="143535652" uid="11691953" user="ItsLouisAnderson"/>
  <node id="11307716872" lat="21.0280719" lon="105.8514235" version="2" timestamp="2023-11-03T04:35:03Z" changeset="143557113" uid="11691953" user="ItsLouisAnderson"/>
  <node id="11307716873" lat="21.0278093" lon="105.8513801" version="1" timestamp="2023-11-02T14:45:32Z" changeset="143535652" uid="11691953" user="ItsLouisAnderson"/>
  <node id="11307716891" lat="21.0281435" lon="105.8513101" version="1" timestamp="2023-11-02T14:45:32Z" changeset="143535652" uid="11691953" user="ItsLouisAnderson"/>
  <node id="11307716928" lat="21.0261752" lon="105.8532584" version="2" timestamp="2023-11-05T09:53:22Z" changeset="143642520" uid="11691953" user="ItsLouisAnderson"/>
  <node id="11308870522" lat="21.0283806" lon="105.8513684" version="1" timestamp="2023-11-03T04:35:03Z" changeset="143557113" uid="11691953" user="ItsLouisAnderson"/>
  <node id="11308870523" lat="21.0283114" lon="105.8514483" version="2" timestamp="2023-11-06T16:17:47Z" changeset="143700654" uid="11691953" user="ItsLouisAnderson"/>
  <node id="11308870545" lat="21.0282674" lon="105.8513432" version="2" timestamp="2023-11-09T14:50:29Z" changeset="143826136" uid="11691953" user="ItsLouisAnderson"/>
  <node id="11308870547" lat="21.0282552" lon="105.8513919" version="2" timestamp="2023-11-09T14:50:29Z" changeset="143826136" uid="11691953" user="ItsLouisAnderson"/>
  <node id="11308870548" lat="21.0282550" lon="105.8514005" version="2" timestamp="2023-11-09T14:50:29Z" changeset="143826136" uid="11691953" user="ItsLouisAnderson"/>
  <node id="11308870549" lat="21.0282583" lon="105.8514041" version="2" timestamp="2023-11-09T14:50:29Z" changeset="143826136" uid="11691953" user="ItsLouisAnderson"/>
  <node id="11308870550" lat="21.0283153" lon="105.8514189" version="2" timestamp="2023-11-09T14:50:29Z" changeset="143826136" uid="11691953" user="ItsLouisAnderson"/>
  <node id="11308870551" lat="21.0283190" lon="105.8514171" version="2" timestamp="2023-11-09T14:50:29Z" changeset="143826136" uid="11691953" user="ItsLouisAnderson"/>
  <node id="11308870552" lat="21.0283212" lon="105.8514132" version="2" timestamp="2023-11-09T14:50:29Z" changeset="143826136" uid="11691953" user="ItsLouisAnderson"/>
  <node id="11308870554" lat="21.0283337" lon="105.8513584" version="2" timestamp="2023-11-09T14:50:29Z" changeset="143826136" uid="11691953" user="ItsLouisAnderson"/>
  <node id="11308870556" lat="21.0283580" lon="105.8513634" version="1" timestamp="2023-11-03T04:35:03Z" changeset="143557113" uid="11691953" user="ItsLouisAnderson"/>
  <node id="11308870557" lat="21.0283740" lon="105.8513997" version="1" timestamp="2023-11-03T04:35:03Z" changeset="143557113" uid="11691953" user="ItsLouisAnderson"/>
  <node id="11308870558" lat="21.0283662" lon="105.8514103" version="1" timestamp="2023-11-03T04:35:03Z" changeset="143557113" uid="11691953" user="ItsLouisAnderson"/>
  <node id="11308870559" lat="21.0283467" lon="105.8514244" version="1" timestamp="2023-11-03T04:35:03Z" changeset="143557113" uid="11691953" user="ItsLouisAnderson"/>
  <node id="11308870560" lat="21.0283280" lon="105.8514357" version="1" timestamp="2023-11-03T04:35:03Z" changeset="143557113" uid="11691953" user="ItsLouisAnderson"/>
  <node id="11308870561" lat="21.0283181" lon="105.8514422" version="1" timestamp="2023-11-03T04:35:03Z" changeset="143557113" uid="11691953" user="ItsLouisAnderson"/>
  <node id="11311214214" lat="21.0282356" lon="105.8513348" version="1" timestamp="2023-11-04T06:40:46Z" changeset="143600229" uid="11691953" user="ItsLouisAnderson"/>
  <node id="11311214215" lat="21.0282666" lon="105.8512176" version="1" timestamp="2023-11-04T06:40:46Z" changeset="143600229" uid="11691953" user="ItsLouisAnderson"/>
  <node id="11311214216" lat="21.0281507" lon="105.8512273" version="2" timestamp="2026-06-05T12:48:26Z" changeset="183694268" uid="20364807" user="sbachinin"/>
  <node id="11314900771" lat="21.0316766" lon="105.8513831" version="1" timestamp="2023-11-04T17:03:42Z" changeset="143622681" uid="11691953" user="ItsLouisAnderson"/>
  <node id="11314900881" lat="21.0259366" lon="105.8524574" version="1" timestamp="2023-11-04T17:03:42Z" changeset="143622681" uid="11691953" user="ItsLouisAnderson"/>
  <node id="11323279181" lat="21.0257972" lon="105.8531021" version="1" timestamp="2023-11-05T09:53:22Z" changeset="143642520" uid="11691953" user="ItsLouisAnderson"/>
  <node id="11323279182" lat="21.0257859" lon="105.8531803" version="1" timestamp="2023-11-05T09:53:22Z" changeset="143642520" uid="11691953" user="ItsLouisAnderson"/>
  <node id="11323279183" lat="21.0257782" lon="105.8531786" version="1" timestamp="2023-11-05T09:53:22Z" changeset="143642520" uid="11691953" user="ItsLouisAnderson"/>
  <node id="11323279195" lat="21.0268638" lon="105.8533809" version="1" timestamp="2023-11-05T09:53:22Z" changeset="143642520" uid="11691953" user="ItsLouisAnderson"/>
  <node id="11323279196" lat="21.0268741" lon="105.8532895" version="1" timestamp="2023-11-05T09:53:22Z" changeset="143642520" uid="11691953" user="ItsLouisAnderson"/>
  <node id="11323279228" lat="21.0286323" lon="105.8536630" version="1" timestamp="2023-11-05T09:53:22Z" changeset="143642520" uid="11691953" user="ItsLouisAnderson"/>
  <node id="11323279229" lat="21.0287290" lon="105.8535754" version="1" timestamp="2023-11-05T09:53:22Z" changeset="143642520" uid="11691953" user="ItsLouisAnderson"/>
  <node id="11323279240" lat="21.0287091" lon="105.8538648" version="1" timestamp="2023-11-05T09:53:22Z" changeset="143642520" uid="11691953" user="ItsLouisAnderson"/>
  <node id="11323279241" lat="21.0286114" lon="105.8536594" version="1" timestamp="2023-11-05T09:53:22Z" changeset="143642520" uid="11691953" user="ItsLouisAnderson"/>
  <node id="11323279247" lat="21.0287004" lon="105.8535727" version="1" timestamp="2023-11-05T09:53:22Z" changeset="143642520" uid="11691953" user="ItsLouisAnderson"/>
  <node id="11329521221" lat="21.0287603" lon="105.8535922" version="1" timestamp="2023-11-06T16:17:47Z" changeset="143700654" uid="11691953" user="ItsLouisAnderson"/>
  <node id="11329521222" lat="21.0287521" lon="105.8535977" version="1" timestamp="2023-11-06T16:17:47Z" changeset="143700654" uid="11691953" user="ItsLouisAnderson"/>
  <node id="11329521223" lat="21.0287136" lon="105.8536042" version="1" timestamp="2023-11-06T16:17:47Z" changeset="143700654" uid="11691953" user="ItsLouisAnderson"/>
  <node id="11329521224" lat="21.0286769" lon="105.8536122" version="1" timestamp="2023-11-06T16:17:47Z" changeset="143700654" uid="11691953" user="ItsLouisAnderson"/>
  <node id="11329521225" lat="21.0286428" lon="105.8536352" version="1" timestamp="2023-11-06T16:17:47Z" changeset="143700654" uid="11691953" user="ItsLouisAnderson"/>
  <node id="11329521226" lat="21.0286563" lon="105.8536200" version="1" timestamp="2023-11-06T16:17:47Z" changeset="143700654" uid="11691953" user="ItsLouisAnderson"/>
  <node id="11329521227" lat="21.0286365" lon="105.8536491" version="1" timestamp="2023-11-06T16:17:47Z" changeset="143700654" uid="11691953" user="ItsLouisAnderson"/>
  <node id="11329521243" lat="21.0282385" lon="105.8535041" version="1" timestamp="2023-11-06T16:17:47Z" changeset="143700654" uid="11691953" user="ItsLouisAnderson"/>
  <node id="11329521244" lat="21.0282260" lon="105.8535990" version="1" timestamp="2023-11-06T16:17:47Z" changeset="143700654" uid="11691953" user="ItsLouisAnderson"/>
  <node id="11329521245" lat="21.0283848" lon="105.8535622" version="1" timestamp="2023-11-06T16:17:47Z" changeset="143700654" uid="11691953" user="ItsLouisAnderson"/>
  <node id="11329529210" lat="21.0281035" lon="105.8514462" version="1" timestamp="2023-11-06T16:17:47Z" changeset="143700654" uid="11691953" user="ItsLouisAnderson"/>
  <node id="11329529211" lat="21.0282146" lon="105.8514408" version="1" timestamp="2023-11-06T16:17:47Z" changeset="143700654" uid="11691953" user="ItsLouisAnderson"/>
  <node id="11329529212" lat="21.0283339" lon="105.8514583" version="1" timestamp="2023-11-06T16:17:47Z" changeset="143700654" uid="11691953" user="ItsLouisAnderson"/>
  <node id="11331266723" lat="21.0316350" lon="105.8525396" version="1" timestamp="2023-11-07T14:56:46Z" changeset="143741011" uid="11691953" user="ItsLouisAnderson"/>
  <node id="11332415903" lat="21.0298314" lon="105.8536521" version="1" timestamp="2023-11-08T06:32:22Z" changeset="143764689" uid="11691953" user="ItsLouisAnderson"/>
  <node id="11335293280" lat="21.0302846" lon="105.8548898" version="1" timestamp="2023-11-09T07:00:01Z" changeset="143808517" uid="11691953" user="ItsLouisAnderson">
    <tag k="highway" v="crossing"/>
  </node>
  <node id="11336019733" lat="21.0287289" lon="105.8537179" version="1" timestamp="2023-11-09T14:50:29Z" changeset="143826136" uid="11691953" user="ItsLouisAnderson">
    <tag k="barrier" v="kerb"/>
    <tag k="kerb" v="lowered_and_sloped"/>
  </node>
  <node id="11336019735" lat="21.0276271" lon="105.8535378" version="2" timestamp="2023-12-20T15:05:30Z" changeset="145335355" uid="11691953" user="ItsLouisAnderson">
    <tag k="barrier" v="kerb"/>
    <tag k="kerb" v="lowered_and_sloped"/>
  </node>
  <node id="11336019741" lat="21.0256987" lon="105.8532065" version="1" timestamp="2023-11-09T14:50:29Z" changeset="143826136" uid="11691953" user="ItsLouisAnderson">
    <tag k="barrier" v="kerb"/>
    <tag k="kerb" v="lowered_and_sloped"/>
  </node>
  <node id="11336019745" lat="21.0256222" lon="105.8530586" version="1" timestamp="2023-11-09T14:50:29Z" changeset="143826136" uid="11691953" user="ItsLouisAnderson">
    <tag k="barrier" v="kerb"/>
    <tag k="kerb" v="lowered_and_sloped"/>
  </node>
  <node id="11336019749" lat="21.0259385" lon="105.8518856" version="1" timestamp="2023-11-09T14:50:29Z" changeset="143826136" uid="11691953" user="ItsLouisAnderson">
    <tag k="barrier" v="kerb"/>
    <tag k="kerb" v="lowered_and_sloped"/>
  </node>
  <node id="11336019756" lat="21.0267612" lon="105.8515656" version="1" timestamp="2023-11-09T14:50:29Z" changeset="143826136" uid="11691953" user="ItsLouisAnderson">
    <tag k="barrier" v="kerb"/>
    <tag k="kerb" v="lowered_and_sloped"/>
  </node>
  <node id="11336019759" lat="21.0277662" lon="105.8512951" version="1" timestamp="2023-11-09T14:50:29Z" changeset="143826136" uid="11691953" user="ItsLouisAnderson">
    <tag k="barrier" v="kerb"/>
    <tag k="kerb" v="lowered_and_sloped"/>
  </node>
  <node id="11336019764" lat="21.0282411" lon="105.8513140" version="1" timestamp="2023-11-09T14:50:29Z" changeset="143826136" uid="11691953" user="ItsLouisAnderson">
    <tag k="barrier" v="kerb"/>
    <tag k="kerb" v="lowered_and_sloped"/>
  </node>
  <node id="11336019766" lat="21.0289802" lon="105.8538192" version="1" timestamp="2023-11-09T14:50:29Z" changeset="143826136" uid="11691953" user="ItsLouisAnderson"/>
  <node id="11336019768" lat="21.0261585" lon="105.8517228" version="1" timestamp="2023-11-09T14:50:29Z" changeset="143826136" uid="11691953" user="ItsLouisAnderson">
    <tag k="barrier" v="kerb"/>
    <tag k="kerb" v="lowered_and_sloped"/>
  </node>
  <node id="11336026470" lat="21.0266848" lon="105.8533907" version="1" timestamp="2023-11-09T14:50:29Z" changeset="143826136" uid="11691953" user="ItsLouisAnderson">
    <tag k="barrier" v="kerb"/>
    <tag k="kerb" v="lowered_and_sloped"/>
  </node>
  <node id="11336026472" lat="21.0282604" lon="105.8513692" version="1" timestamp="2023-11-09T14:50:29Z" changeset="143826136" uid="11691953" user="ItsLouisAnderson"/>
  <node id="11336026476" lat="21.0283275" lon="105.8513871" version="1" timestamp="2023-11-09T14:50:29Z" changeset="143826136" uid="11691953" user="ItsLouisAnderson"/>
  <node id="11336026482" lat="21.0303300" lon="105.8511883" version="1" timestamp="2023-11-09T14:50:29Z" changeset="143826136" uid="11691953" user="ItsLouisAnderson"/>
  <node id="11336026483" lat="21.0306141" lon="105.8511128" version="1" timestamp="2023-11-09T14:50:29Z" changeset="143826136" uid="11691953" user="ItsLouisAnderson"/>
  <node id="11336026485" lat="21.0309771" lon="105.8509508" version="1" timestamp="2023-11-09T14:50:29Z" changeset="143826136" uid="11691953" user="ItsLouisAnderson"/>
  <node id="11336026486" lat="21.0313353" lon="105.8509766" version="1" timestamp="2023-11-09T14:50:29Z" changeset="143826136" uid="11691953" user="ItsLouisAnderson"/>
  <node id="11348293010" lat="21.0289404" lon="105.8553260" version="2" timestamp="2023-12-25T17:10:02Z" changeset="145505580" uid="11691953" user="ItsLouisAnderson">
    <tag k="crossing" v="traffic_signals"/>
    <tag k="highway" v="crossing"/>
  </node>
  <node id="11348293011" lat="21.0288090" lon="105.8539088" version="2" timestamp="2025-07-30T12:31:09Z" changeset="169717800" uid="22976896" user="Capricorn3576">
    <tag k="crossing" v="uncontrolled"/>
    <tag k="crossing:island" v="no"/>
    <tag k="highway" v="crossing"/>
  </node>
  <node id="11433601785" lat="21.0297698" lon="105.8477850" version="2" timestamp="2026-05-27T04:36:37Z" changeset="183236528" uid="19853899" user="tnnk-gis"/>
  <node id="11433601786" lat="21.0299123" lon="105.8481012" version="2" timestamp="2026-05-27T04:36:37Z" changeset="183236528" uid="19853899" user="tnnk-gis"/>
  <node id="11435098066" lat="21.0276473" lon="105.8557713" version="1" timestamp="2023-12-20T15:05:30Z" changeset="145335355" uid="11691953" user="ItsLouisAnderson"/>
  <node id="11435098067" lat="21.0270925" lon="105.8556892" version="1" timestamp="2023-12-20T15:05:30Z" changeset="145335355" uid="11691953" user="ItsLouisAnderson"/>
  <node id="11435098068" lat="21.0273723" lon="105.8536970" version="1" timestamp="2023-12-20T15:05:30Z" changeset="145335355" uid="11691953" user="ItsLouisAnderson"/>
  <node id="11435116269" lat="21.0277907" lon="105.8537401" version="1" timestamp="2023-12-20T15:05:30Z" changeset="145335355" uid="11691953" user="ItsLouisAnderson"/>
  <node id="11435116270" lat="21.0274084" lon="105.8536846" version="1" timestamp="2023-12-20T15:05:30Z" changeset="145335355" uid="11691953" user="ItsLouisAnderson"/>
  <node id="11435116271" lat="21.0273917" lon="105.8536827" version="1" timestamp="2023-12-20T15:05:30Z" changeset="145335355" uid="11691953" user="ItsLouisAnderson"/>
  <node id="11435116272" lat="21.0273803" lon="105.8536875" version="1" timestamp="2023-12-20T15:05:30Z" changeset="145335355" uid="11691953" user="ItsLouisAnderson"/>
  <node id="11435116273" lat="21.0278219" lon="105.8537667" version="1" timestamp="2023-12-20T15:05:30Z" changeset="145335355" uid="11691953" user="ItsLouisAnderson"/>
  <node id="11435116274" lat="21.0278187" lon="105.8537522" version="1" timestamp="2023-12-20T15:05:30Z" changeset="145335355" uid="11691953" user="ItsLouisAnderson"/>
  <node id="11435116275" lat="21.0278086" lon="105.8537433" version="1" timestamp="2023-12-20T15:05:30Z" changeset="145335355" uid="11691953" user="ItsLouisAnderson"/>
  <node id="11435116356" lat="21.0275267" lon="105.8542331" version="1" timestamp="2023-12-20T15:05:30Z" changeset="145335355" uid="11691953" user="ItsLouisAnderson"/>
  <node id="11435116364" lat="21.0272793" lon="105.8543594" version="1" timestamp="2023-12-20T15:05:30Z" changeset="145335355" uid="11691953" user="ItsLouisAnderson"/>
  <node id="11435116365" lat="21.0277322" lon="105.8544323" version="1" timestamp="2023-12-20T15:05:30Z" changeset="145335355" uid="11691953" user="ItsLouisAnderson"/>
  <node id="11435116374" lat="21.0271547" lon="105.8552463" version="1" timestamp="2023-12-20T15:05:30Z" changeset="145335355" uid="11691953" user="ItsLouisAnderson"/>
  <node id="11435116375" lat="21.0276132" lon="105.8553136" version="1" timestamp="2023-12-20T15:05:30Z" changeset="145335355" uid="11691953" user="ItsLouisAnderson"/>
  <node id="11435116384" lat="21.0277400" lon="105.8538508" version="1" timestamp="2023-12-20T15:05:30Z" changeset="145335355" uid="11691953" user="ItsLouisAnderson"/>
  <node id="11435116385" lat="21.0274267" lon="105.8538024" version="1" timestamp="2023-12-20T15:05:30Z" changeset="145335355" uid="11691953" user="ItsLouisAnderson"/>
  <node id="11435116386" lat="21.0275854" lon="105.8538269" version="1" timestamp="2023-12-20T15:05:30Z" changeset="145335355" uid="11691953" user="ItsLouisAnderson"/>
  <node id="11435116387" lat="21.0277076" lon="105.8537280" version="1" timestamp="2023-12-20T15:05:30Z" changeset="145335355" uid="11691953" user="ItsLouisAnderson"/>
  <node id="11435116388" lat="21.0276918" lon="105.8538434" version="1" timestamp="2023-12-20T15:05:30Z" changeset="145335355" uid="11691953" user="ItsLouisAnderson"/>
  <node id="11435116389" lat="21.0275032" lon="105.8536983" version="1" timestamp="2023-12-20T15:05:30Z" changeset="145335355" uid="11691953" user="ItsLouisAnderson"/>
  <node id="11435116390" lat="21.0274891" lon="105.8538120" version="1" timestamp="2023-12-20T15:05:30Z" changeset="145335355" uid="11691953" user="ItsLouisAnderson"/>
  <node id="11435116395" lat="21.0275302" lon="105.8542091" version="1" timestamp="2023-12-20T15:05:30Z" changeset="145335355" uid="11691953" user="ItsLouisAnderson"/>
  <node id="11435116434" lat="21.0272117" lon="105.8548403" version="1" timestamp="2023-12-20T15:05:30Z" changeset="145335355" uid="11691953" user="ItsLouisAnderson"/>
  <node id="11435116436" lat="21.0276682" lon="105.8549060" version="1" timestamp="2023-12-20T15:05:30Z" changeset="145335355" uid="11691953" user="ItsLouisAnderson"/>
  <node id="11435116639" lat="21.0271180" lon="105.8555078" version="1" timestamp="2023-12-20T15:05:30Z" changeset="145335355" uid="11691953" user="ItsLouisAnderson"/>
  <node id="11435116643" lat="21.0275778" lon="105.8555774" version="1" timestamp="2023-12-20T15:05:30Z" changeset="145335355" uid="11691953" user="ItsLouisAnderson"/>
  <node id="11435116651" lat="21.0273468" lon="105.8537291" version="1" timestamp="2023-12-20T15:05:30Z" changeset="145335355" uid="11691953" user="ItsLouisAnderson"/>
  <node id="11435116652" lat="21.0276044" lon="105.8536950" version="1" timestamp="2023-12-20T15:05:30Z" changeset="145335355" uid="11691953" user="ItsLouisAnderson"/>
  <node id="11435116653" lat="21.0278356" lon="105.8538060" version="1" timestamp="2023-12-20T15:05:30Z" changeset="145335355" uid="11691953" user="ItsLouisAnderson"/>
  <node id="11435216520" lat="21.0275688" lon="105.8539417" version="1" timestamp="2023-12-20T15:52:07Z" changeset="145337239" uid="11691953" user="ItsLouisAnderson"/>
  <node id="11435216521" lat="21.0275657" lon="105.8539630" version="1" timestamp="2023-12-20T15:52:07Z" changeset="145337239" uid="11691953" user="ItsLouisAnderson"/>
  <node id="11445782988" lat="21.0254919" lon="105.8552126" version="1" timestamp="2023-12-23T06:49:54Z" changeset="145428361" uid="11691953" user="ItsLouisAnderson"/>
  <node id="11451665536" lat="21.0282511" lon="105.8510142" version="2" timestamp="2025-02-25T02:29:12Z" changeset="162914339" uid="17344224" user="Arkskyle"/>
  <node id="11455539078" lat="21.0253230" lon="105.8496452" version="1" timestamp="2023-12-26T13:22:30Z" changeset="145534011" uid="11691953" user="ItsLouisAnderson"/>
  <node id="11455539079" lat="21.0243996" lon="105.8528748" version="1" timestamp="2023-12-26T13:22:30Z" changeset="145534011" uid="11691953" user="ItsLouisAnderson"/>
  <node id="11455539080" lat="21.0243656" lon="105.8527899" version="1" timestamp="2023-12-26T13:22:30Z" changeset="145534011" uid="11691953" user="ItsLouisAnderson"/>
  <node id="11455539088" lat="21.0258960" lon="105.8469479" version="1" timestamp="2023-12-26T13:22:30Z" changeset="145534011" uid="11691953" user="ItsLouisAnderson"/>
  <node id="11455539089" lat="21.0258895" lon="105.8469926" version="1" timestamp="2023-12-26T13:22:30Z" changeset="145534011" uid="11691953" user="ItsLouisAnderson"/>
  <node id="11455539090" lat="21.0259773" lon="105.8472020" version="1" timestamp="2023-12-26T13:22:30Z" changeset="145534011" uid="11691953" user="ItsLouisAnderson"/>
  <node id="11455539091" lat="21.0257885" lon="105.8479783" version="1" timestamp="2023-12-26T13:22:30Z" changeset="145534011" uid="11691953" user="ItsLouisAnderson"/>
  <node id="11455539092" lat="21.0256095" lon="105.8479237" version="1" timestamp="2023-12-26T13:22:30Z" changeset="145534011" uid="11691953" user="ItsLouisAnderson"/>
  <node id="11455539093" lat="21.0257057" lon="105.8479530" version="2" timestamp="2024-06-17T07:23:45Z" changeset="152787223" uid="12945167" user="Equate">
    <tag k="crossing" v="uncontrolled"/>
    <tag k="crossing:island" v="no"/>
    <tag k="highway" v="crossing"/>
  </node>
  <node id="11465167153" lat="21.0311841" lon="105.8533786" version="2" timestamp="2026-04-12T02:37:02Z" changeset="181212959" uid="22579655" user="inserteunnombreaqui">
    <tag k="crossing" v="uncontrolled"/>
    <tag k="crossing:markings" v="yes"/>
    <tag k="highway" v="crossing"/>
  </node>
  <node id="11832076981" lat="21.0290399" lon="105.8502922" version="1" timestamp="2024-04-20T02:03:44Z" changeset="150245451" uid="13901111" user="Airiver">
    <tag k="barrier" v="gate"/>
  </node>
  <node id="11832076982" lat="21.0289558" lon="105.8507033" version="1" timestamp="2024-04-20T02:03:44Z" changeset="150245451" uid="13901111" user="Airiver"/>
  <node id="11832076983" lat="21.0290465" lon="105.8509306" version="1" timestamp="2024-04-20T02:03:44Z" changeset="150245451" uid="13901111" user="Airiver"/>
  <node id="11832076984" lat="21.0290992" lon="105.8502724" version="1" timestamp="2024-04-20T02:03:44Z" changeset="150245451" uid="13901111" user="Airiver"/>
  <node id="11832076985" lat="21.0290451" lon="105.8509966" version="1" timestamp="2024-04-20T02:03:44Z" changeset="150245451" uid="13901111" user="Airiver"/>
  <node id="11832076986" lat="21.0291486" lon="105.8513401" version="1" timestamp="2024-04-20T02:03:44Z" changeset="150245451" uid="13901111" user="Airiver">
    <tag k="barrier" v="gate"/>
  </node>
  <node id="11832076987" lat="21.0290191" lon="105.8507281" version="1" timestamp="2024-04-20T02:03:44Z" changeset="150245451" uid="13901111" user="Airiver"/>
  <node id="11832076988" lat="21.0290674" lon="105.8509856" version="1" timestamp="2024-04-20T02:03:44Z" changeset="150245451" uid="13901111" user="Airiver"/>
  <node id="11832076989" lat="21.0289861" lon="105.8507846" version="1" timestamp="2024-04-20T02:03:44Z" changeset="150245451" uid="13901111" user="Airiver">
    <tag k="entrance" v="main"/>
  </node>
  <node id="11832076990" lat="21.0291573" lon="105.8513831" version="1" timestamp="2024-04-20T02:03:44Z" changeset="150245451" uid="13901111" user="Airiver"/>
  <node id="11832076991" lat="21.0290932" lon="105.8509730" version="1" timestamp="2024-04-20T02:03:44Z" changeset="150245451" uid="13901111" user="Airiver"/>
  <node id="11832076992" lat="21.0290699" lon="105.8509186" version="1" timestamp="2024-04-20T02:03:44Z" changeset="150245451" uid="13901111" user="Airiver"/>
  <node id="11832076993" lat="21.0290222" lon="105.8509430" version="1" timestamp="2024-04-20T02:03:44Z" changeset="150245451" uid="13901111" user="Airiver"/>
  <node id="11832076994" lat="21.0289272" lon="105.8507710" version="1" timestamp="2024-04-20T02:03:44Z" changeset="150245451" uid="13901111" user="Airiver"/>
  <node id="11832076995" lat="21.0289718" lon="105.8507502" version="1" timestamp="2024-04-20T02:03:44Z" changeset="150245451" uid="13901111" user="Airiver"/>
  <node id="11832076996" lat="21.0288869" lon="105.8503434" version="1" timestamp="2024-04-20T02:03:44Z" changeset="150245451" uid="13901111" user="Airiver"/>
  <node id="11832076997" lat="21.0290431" lon="105.8509221" version="1" timestamp="2024-04-20T02:03:44Z" changeset="150245451" uid="13901111" user="Airiver">
    <tag k="entrance" v="exit"/>
  </node>
  <node id="12404456167" lat="21.0289480" lon="105.8491200" version="1" timestamp="2024-12-08T09:53:48Z" changeset="160050483" uid="4347030" user="vbertola"/>
  <node id="12404456168" lat="21.0289757" lon="105.8491040" version="1" timestamp="2024-12-08T09:53:48Z" changeset="160050483" uid="4347030" user="vbertola"/>
  <node id="12404456169" lat="21.0289857" lon="105.8491898" version="1" timestamp="2024-12-08T09:53:48Z" changeset="160050483" uid="4347030" user="vbertola"/>
  <node id="12404456170" lat="21.0289880" lon="105.8492635" version="1" timestamp="2024-12-08T09:53:48Z" changeset="160050483" uid="4347030" user="vbertola"/>
  <node id="12404456171" lat="21.0289774" lon="105.8493674" version="1" timestamp="2024-12-08T09:53:48Z" changeset="160050483" uid="4347030" user="vbertola"/>
  <node id="12404456172" lat="21.0289092" lon="105.8494338" version="1" timestamp="2024-12-08T09:53:48Z" changeset="160050483" uid="4347030" user="vbertola"/>
  <node id="12404456173" lat="21.0288084" lon="105.8494110" version="1" timestamp="2024-12-08T09:53:48Z" changeset="160050483" uid="4347030" user="vbertola"/>
  <node id="12404456174" lat="21.0287372" lon="105.8493706" version="1" timestamp="2024-12-08T09:53:48Z" changeset="160050483" uid="4347030" user="vbertola"/>
  <node id="12404456175" lat="21.0287898" lon="105.8494004" version="1" timestamp="2024-12-08T09:53:48Z" changeset="160050483" uid="4347030" user="vbertola"/>
  <node id="12404456176" lat="21.0287098" lon="105.8493156" version="1" timestamp="2024-12-08T09:53:48Z" changeset="160050483" uid="4347030" user="vbertola"/>
  <node id="12404456177" lat="21.0287367" lon="105.8492995" version="1" timestamp="2024-12-08T09:53:48Z" changeset="160050483" uid="4347030" user="vbertola"/>
  <node id="12404456178" lat="21.0288222" lon="105.8489503" version="1" timestamp="2024-12-08T09:53:48Z" changeset="160050483" uid="4347030" user="vbertola"/>
  <node id="12404456179" lat="21.0288065" lon="105.8489228" version="1" timestamp="2024-12-08T09:53:48Z" changeset="160050483" uid="4347030" user="vbertola"/>
  <node id="12404456180" lat="21.0288484" lon="105.8489335" version="1" timestamp="2024-12-08T09:53:48Z" changeset="160050483" uid="4347030" user="vbertola"/>
  <node id="12404456181" lat="21.0287953" lon="105.8489034" version="1" timestamp="2024-12-08T09:53:48Z" changeset="160050483" uid="4347030" user="vbertola"/>
  <node id="12404456182" lat="21.0288023" lon="105.8489156" version="1" timestamp="2024-12-08T09:53:48Z" changeset="160050483" uid="4347030" user="vbertola"/>
  <node id="12404456183" lat="21.0287765" lon="105.8488678" version="1" timestamp="2024-12-08T09:53:48Z" changeset="160050483" uid="4347030" user="vbertola"/>
  <node id="12404456184" lat="21.0288038" lon="105.8488494" version="1" timestamp="2024-12-08T09:53:48Z" changeset="160050483" uid="4347030" user="vbertola"/>
  <node id="12404456186" lat="21.0289300" lon="105.8490525" version="1" timestamp="2024-12-08T09:53:48Z" changeset="160050483" uid="4347030" user="vbertola"/>
  <node id="12408809716" lat="21.0251239" lon="105.8520543" version="2" timestamp="2026-06-30T03:14:41Z" changeset="184830314" uid="24180697" user="Nhu Hieu"/>
  <node id="12408809717" lat="21.0252905" lon="105.8521543" version="2" timestamp="2026-06-30T03:14:41Z" changeset="184830314" uid="24180697" user="Nhu Hieu"/>
  <node id="12408809718" lat="21.0253545" lon="105.8521636" version="2" timestamp="2026-06-30T03:14:41Z" changeset="184830314" uid="24180697" user="Nhu Hieu"/>
  <node id="12408809719" lat="21.0254380" lon="105.8521800" version="2" timestamp="2026-06-30T03:14:41Z" changeset="184830314" uid="24180697" user="Nhu Hieu"/>
  <node id="12408809720" lat="21.0257511" lon="105.8523100" version="3" timestamp="2026-06-30T03:14:41Z" changeset="184830314" uid="24180697" user="Nhu Hieu"/>
  <node id="12713005342" lat="21.0257004" lon="105.8522904" version="2" timestamp="2026-06-30T03:14:41Z" changeset="184830314" uid="24180697" user="Nhu Hieu"/>
  <node id="13000988318" lat="21.0240543" lon="105.8492473" version="1" timestamp="2025-07-15T06:08:14Z" changeset="168946290" uid="16194143" user="Tewuzij"/>
  <node id="13000988319" lat="21.0243294" lon="105.8493369" version="1" timestamp="2025-07-15T06:08:14Z" changeset="168946290" uid="16194143" user="Tewuzij"/>
  <node id="13026719368" lat="21.0275369" lon="105.8559552" version="1" timestamp="2025-07-26T14:11:22Z" changeset="169509234" uid="20910140" user="Hung Tran 9x0"/>
  <node id="13105492355" lat="21.0260671" lon="105.8516257" version="1" timestamp="2025-08-29T09:48:10Z" changeset="171174509" uid="3323343" user="phoenixsaigon1698"/>
  <node id="13108988547" lat="21.0246147" lon="105.8465108" version="1" timestamp="2025-08-30T17:07:57Z" changeset="171237857" uid="22644759" user="TiuTit 2">
    <tag k="highway" v="crossing"/>
  </node>
  <node id="13108988548" lat="21.0245014" lon="105.8467097" version="1" timestamp="2025-08-30T17:07:57Z" changeset="171237857" uid="22644759" user="TiuTit 2">
    <tag k="highway" v="crossing"/>
  </node>
  <node id="13525869904" lat="21.0310025" lon="105.8509476" version="1" timestamp="2026-02-05T09:19:10Z" changeset="178129619" uid="13899214" user="GrabVN_Lien"/>
  <node id="13525869907" lat="21.0308617" lon="105.8509757" version="1" timestamp="2026-02-05T09:19:10Z" changeset="178129619" uid="13899214" user="GrabVN_Lien"/>
  <node id="13886629281" lat="21.0286124" lon="105.8499592" version="1" timestamp="2026-05-27T04:36:37Z" changeset="183236528" uid="19853899" user="tnnk-gis"/>
  <node id="13886629282" lat="21.0282493" lon="105.8501058" version="1" timestamp="2026-05-27T04:36:37Z" changeset="183236528" uid="19853899" user="tnnk-gis"/>
  <node id="13886629283" lat="21.0281658" lon="105.8498481" version="1" timestamp="2026-05-27T04:36:37Z" changeset="183236528" uid="19853899" user="tnnk-gis"/>
  <node id="13886629284" lat="21.0281342" lon="105.8501539" version="1" timestamp="2026-05-27T04:36:37Z" changeset="183236528" uid="19853899" user="tnnk-gis"/>
  <node id="13886629285" lat="21.0283246" lon="105.8503491" version="1" timestamp="2026-05-27T04:36:37Z" changeset="183236528" uid="19853899" user="tnnk-gis"/>
  <node id="13886629298" lat="21.0298634" lon="105.8477695" version="1" timestamp="2026-05-27T04:36:37Z" changeset="183236528" uid="19853899" user="tnnk-gis"/>
  <node id="13912258373" lat="21.0272437" lon="105.8492656" version="1" timestamp="2026-06-05T12:50:57Z" changeset="183694386" uid="20364807" user="sbachinin"/>
  <node id="13956186331" lat="21.0292017" lon="105.8483502" version="1" timestamp="2026-06-21T19:56:26Z" changeset="184404402" uid="161619" user="FvGordon"/>
  <node id="13976546146" lat="21.0255377" lon="105.8528361" version="1" timestamp="2026-06-30T03:14:41Z" changeset="184830314" uid="24180697" user="Nhu Hieu"/>
  <node id="13976546147" lat="21.0252385" lon="105.8527453" version="2" timestamp="2026-07-04T13:20:53Z" changeset="185090598" uid="24180697" user="Nhu Hieu"/>
  <node id="13976546148" lat="21.0253361" lon="105.8527748" version="1" timestamp="2026-06-30T03:14:41Z" changeset="184830314" uid="24180697" user="Nhu Hieu"/>
  <node id="13976546159" lat="21.0255554" lon="105.8527840" version="1" timestamp="2026-06-30T03:14:41Z" changeset="184830314" uid="24180697" user="Nhu Hieu"/>
  <node id="13976546160" lat="21.0250347" lon="105.8523469" version="1" timestamp="2026-06-30T03:14:41Z" changeset="184830314" uid="24180697" user="Nhu Hieu"/>
  <node id="13976546161" lat="21.0251434" lon="105.8525078" version="1" timestamp="2026-06-30T03:14:41Z" changeset="184830314" uid="24180697" user="Nhu Hieu"/>
  <node id="13976546162" lat="21.0252144" lon="105.8525789" version="1" timestamp="2026-06-30T03:14:41Z" changeset="184830314" uid="24180697" user="Nhu Hieu"/>
  <node id="13976546163" lat="21.0253336" lon="105.8527155" version="1" timestamp="2026-06-30T03:14:41Z" changeset="184830314" uid="24180697" user="Nhu Hieu"/>
  <node id="13979637059" lat="21.0259139" lon="105.8503733" version="1" timestamp="2026-07-01T05:04:01Z" changeset="184893854" uid="24180697" user="Nhu Hieu"/>
  <node id="13979637060" lat="21.0260244" lon="105.8504134" version="1" timestamp="2026-07-01T05:04:01Z" changeset="184893854" uid="24180697" user="Nhu Hieu"/>
  <node id="13979637061" lat="21.0260519" lon="105.8505308" version="1" timestamp="2026-07-01T05:04:01Z" changeset="184893854" uid="24180697" user="Nhu Hieu"/>
  <node id="13979637062" lat="21.0261876" lon="105.8505727" version="1" timestamp="2026-07-01T05:04:01Z" changeset="184893854" uid="24180697" user="Nhu Hieu"/>
  <node id="13979637063" lat="21.0259816" lon="105.8507204" version="1" timestamp="2026-07-01T05:04:01Z" changeset="184893854" uid="24180697" user="Nhu Hieu"/>
  <node id="13979637064" lat="21.0260108" lon="105.8506120" version="1" timestamp="2026-07-01T05:04:01Z" changeset="184893854" uid="24180697" user="Nhu Hieu"/>
  <node id="13979637065" lat="21.0259709" lon="105.8507594" version="1" timestamp="2026-07-01T05:04:01Z" changeset="184893854" uid="24180697" user="Nhu Hieu"/>
  <node id="13979637066" lat="21.0261333" lon="105.8507626" version="1" timestamp="2026-07-01T05:04:01Z" changeset="184893854" uid="24180697" user="Nhu Hieu"/>
  <way id="11552833" version="18" timestamp="2026-05-27T04:36:37Z" changeset="183236528" uid="19853899" user="tnnk-gis">
    <nd ref="103010880"/>
    <nd ref="5703662598"/>
    <nd ref="4023288103"/>
    <nd ref="13886629283"/>
    <nd ref="103010881"/>
    <tag k="highway" v="residential"/>
    <tag k="name" v="Phố Nhà Chung"/>
    <tag k="name:en" v="Nha Chung Street"/>
    <tag k="name:zh" v="钟楼街"/>
    <tag k="oneway" v="yes"/>
    <tag k="surface" v="asphalt"/>
  </way>
  <way id="11552836" version="11" timestamp="2024-09-17T09:45:22Z" changeset="156721451" uid="11196308" user="vietnam321">
    <nd ref="103010886"/>
    <nd ref="6668066147"/>
    <nd ref="103010952"/>
    <tag k="highway" v="residential"/>
    <tag k="name" v="Phố Chân Cầm"/>
    <tag k="name:en" v="Chan Cam Street"/>
    <tag k="oneway" v="yes"/>
    <tag k="oneway:bicycle" v="no"/>
    <tag k="oneway:mofa" v="no"/>
    <tag k="oneway:moped" v="no"/>
    <tag k="oneway:motorcycle" v="no"/>
    <tag k="surface" v="asphalt"/>
  </way>
  <way id="11706198" version="44" timestamp="2026-02-24T03:55:33Z" changeset="178969383" uid="21198639" user="Ilovemap1999">
    <nd ref="6644523689"/>
    <nd ref="6644523687"/>
    <nd ref="6646949999"/>
    <nd ref="1497570400"/>
    <nd ref="6646949997"/>
    <nd ref="98009579"/>
    <tag k="highway" v="secondary"/>
    <tag k="lanes" v="3"/>
    <tag k="motor_vehicle:conditional" v="no @ (Feb 16 19:30-23:59; Feb 17 00:01-02:00; Fr 19:00-23:59; Sa-Su 00:00-23:59)"/>
    <tag k="name" v="Phố Tràng Thi"/>
    <tag k="name:en" v="Trang Thi Street"/>
    <tag k="name:id" v="Jalan Trang Thi"/>
    <tag k="name:vi" v="Phố Tràng Thi"/>
    <tag k="name:zh" v="场试街"/>
    <tag k="oneway" v="yes"/>
    <tag k="surface" v="asphalt"/>
  </way>
  <way id="27933445" version="49" timestamp="2026-02-24T03:55:33Z" changeset="178969383" uid="21198639" user="Ilovemap1999">
    <nd ref="75617751"/>
    <nd ref="8176640955"/>
    <nd ref="12408809720"/>
    <nd ref="977640003"/>
    <nd ref="6644523689"/>
    <tag k="highway" v="secondary"/>
    <tag k="lanes" v="2"/>
    <tag k="motor_vehicle:conditional" v="no @ (Feb 16 19:30-23:59; Feb 17 00:01-02:00; Fr 19:00-23:59; Sa-Su 00:00-23:59)"/>
    <tag k="name" v="Phố Hàng Khay"/>
    <tag k="name:en" v="Hang Khay Street"/>
    <tag k="surface" v="asphalt"/>
  </way>
  <way id="28102089" version="18" timestamp="2024-06-14T16:05:15Z" changeset="152684706" uid="12945167" user="Equate">
    <nd ref="103011363"/>
    <nd ref="6658650121"/>
    <nd ref="6591434569"/>
    <nd ref="11832076982"/>
    <nd ref="6591434586"/>
    <nd ref="11451665536"/>
    <nd ref="104763597"/>
    <tag k="highway" v="residential"/>
    <tag k="lanes" v="2"/>
    <tag k="lit" v="yes"/>
    <tag k="name" v="Phố Hàng Trống"/>
    <tag k="name:en" v="Hang Trong Street"/>
    <tag k="name:id" v="Jalan Hang Trong"/>
    <tag k="oneway" v="yes"/>
    <tag k="oneway:bicycle" v="no"/>
    <tag k="oneway:moped" v="no"/>
    <tag k="oneway:motorcycle" v="no"/>
    <tag k="surface" v="asphalt"/>
  </way>
  <way id="28102094" version="19" timestamp="2024-11-05T09:23:55Z" changeset="158771036" uid="13953005" user="JBS21">
    <nd ref="322505330"/>
    <nd ref="6658650119"/>
    <nd ref="103010884"/>
    <nd ref="103010886"/>
    <nd ref="6648206007"/>
    <nd ref="103012143"/>
    <tag k="highway" v="residential"/>
    <tag k="lanes" v="2"/>
    <tag k="lit" v="no"/>
    <tag k="name" v="Phố Lý Quốc Sư"/>
    <tag k="name:en" v="Ly Quoc Su Street"/>
    <tag k="name:id" v="Jalan Ly Quoc Su"/>
    <tag k="name:zh" v="李国师街"/>
    <tag k="oneway" v="yes"/>
    <tag k="smoothness" v="good"/>
    <tag k="surface" v="asphalt"/>
  </way>
  <way id="28187498" version="31" timestamp="2026-06-05T15:18:47Z" changeset="183700061" uid="11196308" user="vietnam321">
    <nd ref="98010332"/>
    <nd ref="6644906347"/>
    <nd ref="5703662587"/>
    <nd ref="11217220363"/>
    <nd ref="309597635"/>
    <tag k="highway" v="residential"/>
    <tag k="lit" v="yes"/>
    <tag k="motor_vehicle:conditional" v="no @ (Feb 16 19:30-23:59; Feb 17 00:01-02:00; Fr 19:00-23:59; Sa-Su 00:00-23:59)"/>
    <tag k="name" v="Phố Lê Thạch"/>
    <tag k="name:en" v="Le Thach Street"/>
    <tag k="name:etymology:wikidata" v="Q6649627"/>
    <tag k="name:zh" v="黎石街"/>
    <tag k="oneway" v="yes"/>
    <tag k="surface" v="asphalt"/>
    <tag k="vehicle:conditional" v="no @ (Jan 1 00:00-23:59)"/>
  </way>
  <way id="28187501" version="27" timestamp="2026-06-05T15:19:10Z" changeset="183700061" uid="11196308" user="vietnam321">
    <nd ref="8184606185"/>
    <nd ref="10555858433"/>
    <nd ref="309597640"/>
    <nd ref="8184606216"/>
    <nd ref="309597639"/>
    <tag k="highway" v="residential"/>
    <tag k="motor_vehicle:conditional" v="no @ (Feb 16 19:30-23:59; Feb 17 00:01-02:00; Fr 19:00-23:59; Sa-Su 00:00-23:59)"/>
    <tag k="name" v="Phố Đinh Lễ"/>
    <tag k="name:en" v="Dinh Le Street"/>
    <tag k="name:etymology:wikidata" v="Q10840108"/>
    <tag k="name:id" v="Jalan Dinh Le"/>
    <tag k="name:zh" v="丁礼街"/>
    <tag k="oneway" v="no"/>
    <tag k="surface" v="asphalt"/>
    <tag k="vehicle:conditional" v="no @ (Jan 1 00:00-23:59)"/>
  </way>
  <way id="28864371" version="11" timestamp="2026-05-09T05:54:41Z" changeset="182409550" uid="24092123" user="xuanhuong39">
    <nd ref="317319372"/>
    <nd ref="8176640980"/>
    <nd ref="6651584907"/>
    <nd ref="8176640983"/>
    <nd ref="6651584905"/>
    <nd ref="317319370"/>
    <tag k="covered" v="no"/>
    <tag k="highway" v="footway"/>
    <tag k="lit" v="yes"/>
    <tag k="name" v="Phố 19 Tháng 12"/>
    <tag k="name:en" v="December 19th Street"/>
    <tag k="oneway" v="no"/>
    <tag k="surface" v="paving_stones"/>
  </way>
  <way id="29313238" version="20" timestamp="2026-06-21T19:56:26Z" changeset="184404402" uid="161619" user="FvGordon">
    <nd ref="322505474"/>
    <nd ref="6363620554"/>
    <nd ref="4023283637"/>
    <tag k="hgv" v="no"/>
    <tag k="highway" v="residential"/>
    <tag k="maxwidth" v="2"/>
    <tag k="motorcar" v="destination"/>
    <tag k="name" v="Ngõ Huyện"/>
    <tag k="name:en" v="Huyen Alley"/>
    <tag k="name:id" v="Gang Distrik (Huyen)"/>
    <tag k="note" v="357_2"/>
    <tag k="surface" v="asphalt"/>
  </way>
  <way id="29313240" version="13" timestamp="2024-09-17T09:45:22Z" changeset="156721451" uid="11196308" user="vietnam321">
    <nd ref="322505394"/>
    <nd ref="322505386"/>
    <nd ref="322505380"/>
    <nd ref="322505365"/>
    <nd ref="5701454486"/>
    <nd ref="4023283638"/>
    <nd ref="322505330"/>
    <tag k="highway" v="residential"/>
    <tag k="name" v="Phố Ấu Triệu"/>
    <tag k="name:en" v="Au Trieu Street"/>
    <tag k="oneway" v="yes"/>
    <tag k="oneway:bicycle" v="no"/>
    <tag k="oneway:mofa" v="no"/>
    <tag k="oneway:moped" v="no"/>
    <tag k="oneway:motorcycle" v="no"/>
    <tag k="surface" v="asphalt"/>
  </way>
  <way id="29313242" version="16" timestamp="2026-06-04T09:32:33Z" changeset="183634427" uid="21626746" user="GrabVN_Phuong Nguyen Thanh">
    <nd ref="322505401"/>
    <nd ref="322505406"/>
    <nd ref="322505414"/>
    <nd ref="322505422"/>
    <nd ref="322505450"/>
    <tag k="hgv" v="no"/>
    <tag k="highway" v="service"/>
    <tag k="lanes" v="1"/>
    <tag k="maxwidth" v="2"/>
    <tag k="motorcar" v="destination"/>
    <tag k="name" v="Ngõ Thọ Xương"/>
    <tag k="name:en" v="Tho Xuong Alley"/>
    <tag k="note" v="370_2"/>
    <tag k="surface" v="asphalt"/>
  </way>
  <way id="29313243" version="12" timestamp="2026-06-21T19:56:26Z" changeset="184404402" uid="161619" user="FvGordon">
    <nd ref="322505450"/>
    <nd ref="13956186331"/>
    <nd ref="322505474"/>
    <tag k="hgv" v="no"/>
    <tag k="highway" v="service"/>
    <tag k="lanes" v="1"/>
    <tag k="layer" v="-2"/>
    <tag k="motorcar" v="destination"/>
    <tag k="name" v="Ngõ Huyện"/>
    <tag k="note" v="358_2"/>
    <tag k="surface" v="asphalt"/>
  </way>
  <way id="37458882" version="46" timestamp="2026-06-05T15:16:58Z" changeset="183700061" uid="11196308" user="vietnam321">
    <nd ref="75617760"/>
    <nd ref="11336026486"/>
    <nd ref="309601536"/>
    <nd ref="5927909820"/>
    <nd ref="1497570422"/>
    <nd ref="13525869904"/>
    <nd ref="11336026485"/>
    <nd ref="1497570416"/>
    <nd ref="13525869907"/>
    <nd ref="6644523701"/>
    <nd ref="309601293"/>
    <nd ref="6644523700"/>
    <nd ref="75617755"/>
    <nd ref="11832076990"/>
    <nd ref="11304264848"/>
    <nd ref="11304265478"/>
    <nd ref="1497570407"/>
    <nd ref="11304265477"/>
    <nd ref="1497570404"/>
    <nd ref="2169312345"/>
    <nd ref="75617754"/>
    <nd ref="6644523698"/>
    <tag k="highway" v="secondary"/>
    <tag k="lanes" v="2"/>
    <tag k="motor_vehicle:conditional" v="no @ (Feb 16 19:30-23:59; Feb 17 00:01-02:00; Fr 19:00-23:59; Sa-Su 00:00-23:59)"/>
    <tag k="name" v="Phố Lê Thái Tổ"/>
    <tag k="name:en" v="Le Thai To Street"/>
    <tag k="name:etymology:wikidata" v="Q1195391"/>
    <tag k="name:id" v="Jalan Le Thai To"/>
    <tag k="name:vi" v="Phố Lê Thái Tổ"/>
    <tag k="name:zh" v="黎太祖街"/>
    <tag k="oneway" v="yes"/>
    <tag k="surface" v="asphalt"/>
  </way>
  <way id="211860296" version="5" timestamp="2022-05-16T09:24:30Z" changeset="121042322" uid="15740602" user="GrabVN_QThoai">
    <nd ref="2218033249"/>
    <nd ref="3147473691"/>
    <nd ref="8830844254"/>
    <nd ref="2218033250"/>
    <nd ref="2218033254"/>
    <nd ref="2218033253"/>
    <nd ref="8909952779"/>
    <nd ref="8909952769"/>
    <tag k="access" v="private"/>
    <tag k="highway" v="service"/>
  </way>
  <way id="211893097" version="11" timestamp="2024-06-14T16:05:01Z" changeset="152681769" uid="12945167" user="Equate">
    <nd ref="309601310"/>
    <nd ref="6658650124"/>
    <nd ref="103011365"/>
    <nd ref="6591434621"/>
    <nd ref="103011363"/>
    <tag k="highway" v="residential"/>
    <tag k="lanes" v="2"/>
    <tag k="lit" v="yes"/>
    <tag k="name" v="Phố Hàng Trống"/>
    <tag k="name:en" v="Hang Trong Street"/>
    <tag k="name:id" v="Jalan Hang Trong"/>
    <tag k="oneway" v="yes"/>
    <tag k="oneway:bicycle" v="no"/>
    <tag k="oneway:mofa" v="no"/>
    <tag k="oneway:moped" v="no"/>
    <tag k="oneway:motorcycle" v="no"/>
    <tag k="surface" v="asphalt"/>
  </way>
  <way id="399597047" version="23" timestamp="2025-10-31T05:33:28Z" changeset="174004200" uid="11196308" user="vietnam321">
    <nd ref="309601293"/>
    <nd ref="6644523699"/>
    <nd ref="4023205753"/>
    <tag k="alt_name" v="Phố Bảo Khánh"/>
    <tag k="alt_name:vi" v="Phố Bảo Khánh"/>
    <tag k="highway" v="residential"/>
    <tag k="lane_markings" v="no"/>
    <tag k="motor_vehicle:conditional" v="no @ (Aug 7 03:45-08:15; Aug 8 06:45-12:15; Fr 19:00-23:59; Sa-Su 00:00-23:59)"/>
    <tag k="name" v="Phố Báo Khánh"/>
    <tag k="name:en" v="Bao Khanh Street"/>
    <tag k="name:id" v="Jalan Bao Khanh"/>
    <tag k="name:zh" v="宝庆街"/>
    <tag k="surface" v="asphalt"/>
  </way>
  <way id="399606397" version="13" timestamp="2026-06-25T07:33:40Z" changeset="184568276" uid="22086224" user="DucXDO">
    <nd ref="98009663"/>
    <nd ref="6646949992"/>
    <nd ref="5703662605"/>
    <nd ref="5703662610"/>
    <nd ref="8178544865"/>
    <nd ref="98010039"/>
    <tag k="highway" v="residential"/>
    <tag k="lanes" v="2"/>
    <tag k="name" v="Phố Triệu Quốc Đạt"/>
    <tag k="name:en" v="Trieu Quoc Dat Street"/>
    <tag k="surface" v="asphalt"/>
  </way>
  <way id="399607413" version="5" timestamp="2026-05-27T04:36:37Z" changeset="183236528" uid="19853899" user="tnnk-gis">
    <nd ref="4023283637"/>
    <nd ref="322505458"/>
    <nd ref="4023283638"/>
    <tag k="alleyResourceId" v="1__930"/>
    <tag k="batch" v="2"/>
    <tag k="contributor" v="GIS_OTS"/>
    <tag k="hgv" v="no"/>
    <tag k="highway" v="service"/>
    <tag k="motorcar" v="destination"/>
    <tag k="name" v="Ngõ Huyện"/>
    <tag k="process_id" v="359_2"/>
    <tag k="service" v="alley"/>
  </way>
  <way id="399607540" version="10" timestamp="2025-07-18T07:24:32Z" changeset="169093493" uid="5035183" user="Almucheck Almucheck">
    <nd ref="103011363"/>
    <nd ref="6658650122"/>
    <nd ref="11832076984"/>
    <nd ref="6658650120"/>
    <nd ref="103010881"/>
    <tag k="highway" v="residential"/>
    <tag k="lanes" v="2"/>
    <tag k="lit" v="yes"/>
    <tag k="name" v="Phố Nhà Thờ"/>
    <tag k="name:en" v="Nha Tho Street"/>
    <tag k="name:id" v="Jalan Nha Tho (Gereja)"/>
    <tag k="name:zh" v="教堂街"/>
    <tag k="surface" v="asphalt"/>
  </way>
  <way id="399608005" version="7" timestamp="2026-06-09T05:02:36Z" changeset="183856031" uid="22177075" user="LKCuong">
    <nd ref="4023288101"/>
    <nd ref="11118363066"/>
    <nd ref="4023288102"/>
    <nd ref="5703662590"/>
    <nd ref="6591434417"/>
    <nd ref="4023288103"/>
    <tag k="hgv" v="no"/>
    <tag k="highway" v="service"/>
    <tag k="name" v="Lối đi nội bộ Nhà Thờ Lớn"/>
    <tag k="note" v="285_3"/>
  </way>
  <way id="529921993" version="12" timestamp="2026-05-27T04:36:37Z" changeset="183236528" uid="19853899" user="tnnk-gis">
    <nd ref="4023205756"/>
    <nd ref="4023205755"/>
    <nd ref="6588964407"/>
    <nd ref="6588964408"/>
    <nd ref="4023205754"/>
    <nd ref="6588964406"/>
    <nd ref="4023205753"/>
    <tag k="alleyResourceId" v="1__924"/>
    <tag k="batch" v="2"/>
    <tag k="contributor" v="GIS_OTS"/>
    <tag k="hgv" v="yes"/>
    <tag k="highway" v="residential"/>
    <tag k="lane_markings" v="no"/>
    <tag k="lit" v="yes"/>
    <tag k="name" v="Ngõ Bảo Khánh"/>
    <tag k="name:en" v="Bao Khanh Alley"/>
    <tag k="name:zh" v="宝庆巷"/>
    <tag k="oneway" v="yes"/>
    <tag k="oneway:bicycle" v="no"/>
    <tag k="oneway:motorcycle" v="no"/>
    <tag k="process_id" v="350_2"/>
    <tag k="surface" v="asphalt"/>
  </way>
  <way id="560465209" version="6" timestamp="2023-11-09T14:50:29Z" changeset="143826136" uid="11691953" user="ItsLouisAnderson">
    <nd ref="11163896863"/>
    <nd ref="11336019741"/>
    <nd ref="5857305437"/>
    <nd ref="5405026112"/>
    <tag k="crossing" v="traffic_signals"/>
    <tag k="crossing:markings" v="zebra"/>
    <tag k="footway" v="crossing"/>
    <tag k="highway" v="footway"/>
    <tag k="lit" v="yes"/>
  </way>
  <way id="560465210" version="7" timestamp="2025-07-30T12:31:08Z" changeset="169717804" uid="22976896" user="Capricorn3576">
    <nd ref="5857305441"/>
    <nd ref="11336019735"/>
    <nd ref="5405026114"/>
    <nd ref="11435116652"/>
    <nd ref="5857305389"/>
    <tag k="crossing" v="uncontrolled"/>
    <tag k="crossing:markings" v="zebra"/>
    <tag k="footway" v="crossing"/>
    <tag k="highway" v="footway"/>
    <tag k="lit" v="yes"/>
    <tag k="surface" v="asphalt"/>
  </way>
  <way id="560465211" version="6" timestamp="2025-07-30T12:31:08Z" changeset="169717804" uid="22976896" user="Capricorn3576">
    <nd ref="963611926"/>
    <nd ref="11336019733"/>
    <nd ref="6644360681"/>
    <nd ref="9966237336"/>
    <tag k="crossing" v="zebra"/>
    <tag k="footway" v="crossing"/>
    <tag k="highway" v="footway"/>
    <tag k="lit" v="yes"/>
    <tag k="surface" v="asphalt"/>
  </way>
  <way id="599200595" version="35" timestamp="2026-06-05T15:17:31Z" changeset="183700061" uid="11196308" user="vietnam321">
    <nd ref="75617751"/>
    <nd ref="5857305437"/>
    <nd ref="8184606185"/>
    <nd ref="10555858431"/>
    <nd ref="5703662589"/>
    <nd ref="309597635"/>
    <nd ref="5405026114"/>
    <nd ref="309597644"/>
    <tag k="highway" v="secondary"/>
    <tag k="lanes" v="4"/>
    <tag k="motor_vehicle:conditional" v="no @ (Feb 16 19:30-23:59; Feb 17 00:01-02:00; Fr 19:00-23:59; Sa-Su 00:00-23:59)"/>
    <tag k="name" v="Phố Đinh Tiên Hoàng"/>
    <tag k="name:en" v="Dinh Tien Hoang Street"/>
    <tag k="name:etymology:wikidata" v="Q1184365"/>
    <tag k="name:zh" v="丁先皇街"/>
    <tag k="oneway" v="yes"/>
    <tag k="surface" v="asphalt"/>
    <tag k="vehicle:conditional" v="no @ (Jan 1 00:00-23:59)"/>
  </way>
  <way id="599510061" version="2" timestamp="2020-12-01T16:14:36Z" changeset="95104435" uid="11691953" user="ItsLouisAnderson">
    <nd ref="5703662589"/>
    <nd ref="8184606209"/>
    <nd ref="5703662588"/>
    <tag k="highway" v="service"/>
  </way>
  <way id="599510063" version="3" timestamp="2026-06-05T12:50:57Z" changeset="183694386" uid="20364807" user="sbachinin">
    <nd ref="5703662598"/>
    <nd ref="5703662597"/>
    <nd ref="5703662596"/>
    <nd ref="5703662595"/>
    <nd ref="5703662594"/>
    <nd ref="13912258373"/>
    <nd ref="5703662593"/>
    <nd ref="5703662591"/>
    <nd ref="5703662590"/>
    <tag k="highway" v="path"/>
  </way>
  <way id="599510065" version="3" timestamp="2026-05-27T04:36:37Z" changeset="183236528" uid="19853899" user="tnnk-gis">
    <nd ref="5703662600"/>
    <nd ref="8176641006"/>
    <nd ref="5703662599"/>
    <tag k="alleyResourceId" v="1__950"/>
    <tag k="batch" v="2"/>
    <tag k="contributor" v="GIS_OTS"/>
    <tag k="hgv" v="no"/>
    <tag k="highway" v="service"/>
    <tag k="name" v="Lối vào Thư viện Quốc gia Phố Tràng Thi"/>
    <tag k="process_id" v="378_2"/>
  </way>
  <way id="599510067" version="1" timestamp="2018-06-20T03:27:47Z" changeset="59995937" uid="7671604" user="Malka7">
    <nd ref="5703662604"/>
    <nd ref="5703662601"/>
    <tag k="highway" v="service"/>
  </way>
  <way id="599510068" version="3" timestamp="2025-04-10T07:43:35Z" changeset="164755334" uid="22005783" user="tuan_gsm">
    <nd ref="8176641004"/>
    <nd ref="5703662604"/>
    <nd ref="5703662603"/>
    <nd ref="5703662602"/>
    <tag k="highway" v="service"/>
    <tag k="layer" v="-1"/>
  </way>
  <way id="599510069" version="2" timestamp="2020-12-27T06:15:30Z" changeset="96472984" uid="11196308" user="vietnam321">
    <nd ref="5703662609"/>
    <nd ref="5703662606"/>
    <nd ref="5703662585"/>
    <nd ref="5703662584"/>
    <nd ref="5703662608"/>
    <tag k="highway" v="service"/>
  </way>
  <way id="599510070" version="2" timestamp="2020-11-30T06:21:54Z" changeset="95020564" uid="11691953" user="ItsLouisAnderson">
    <nd ref="5703662610"/>
    <nd ref="8178544867"/>
    <nd ref="5703662609"/>
    <nd ref="5703662608"/>
    <nd ref="5703662607"/>
    <tag k="highway" v="service"/>
  </way>
  <way id="599622831" version="1" timestamp="2018-06-20T07:45:58Z" changeset="60001207" uid="7671604" user="Malka7">
    <nd ref="5704289438"/>
    <nd ref="5704289437"/>
    <tag k="highway" v="service"/>
  </way>
  <way id="599622833" version="3" timestamp="2020-11-29T16:21:31Z" changeset="94990030" uid="11691953" user="ItsLouisAnderson">
    <nd ref="5704289440"/>
    <nd ref="8176641005"/>
    <nd ref="5704289438"/>
    <nd ref="5706969278"/>
    <tag k="highway" v="service"/>
  </way>
  <way id="599622842" version="8" timestamp="2026-05-09T05:54:41Z" changeset="182409550" uid="24092123" user="xuanhuong39">
    <nd ref="5704289449"/>
    <nd ref="6651584904"/>
    <nd ref="8176640982"/>
    <nd ref="6651584906"/>
    <nd ref="8176640979"/>
    <nd ref="5704289447"/>
    <tag k="covered" v="no"/>
    <tag k="highway" v="footway"/>
    <tag k="lit" v="yes"/>
    <tag k="name" v="Phố 19 Tháng 12"/>
    <tag k="name:en" v="December 19th Street"/>
    <tag k="surface" v="paving_stones"/>
  </way>
  <way id="600008203" version="1" timestamp="2018-06-21T02:29:59Z" changeset="60027705" uid="7726586" user="alekhya5">
    <nd ref="5706969277"/>
    <nd ref="5704289439"/>
    <tag k="highway" v="service"/>
  </way>
  <way id="600008204" version="2" timestamp="2023-12-23T07:44:18Z" changeset="145429105" uid="11196308" user="vietnam321">
    <nd ref="5706969278"/>
    <nd ref="5706969277"/>
    <tag k="highway" v="service"/>
    <tag k="tunnel" v="building_passage"/>
  </way>
  <way id="605231050" version="31" timestamp="2026-06-05T15:18:36Z" changeset="183700061" uid="11196308" user="vietnam321">
    <nd ref="309597644"/>
    <nd ref="11217220367"/>
    <nd ref="9966237375"/>
    <nd ref="6644906350"/>
    <nd ref="309597647"/>
    <nd ref="13026719368"/>
    <tag k="highway" v="residential"/>
    <tag k="lit" v="yes"/>
    <tag k="motor_vehicle:conditional" v="no @ (Feb 16 19:30-23:59; Feb 17 00:01-02:00; Fr 19:00-23:59; Sa-Su 00:00-23:59)"/>
    <tag k="name" v="Phố Lê Lai"/>
    <tag k="name:en" v="Le Lai Street"/>
    <tag k="name:etymology:wikidata" v="Q10787703"/>
    <tag k="name:vi" v="Phố Lê Lai"/>
    <tag k="name:zh" v="黎莱街"/>
    <tag k="oneway" v="yes"/>
    <tag k="surface" v="asphalt"/>
    <tag k="vehicle:conditional" v="no @ (Jan 1 00:00-23:59)"/>
  </way>
  <way id="679604007" version="4" timestamp="2026-05-27T04:36:37Z" changeset="183236528" uid="19853899" user="tnnk-gis">
    <nd ref="7202327211"/>
    <nd ref="6363620554"/>
    <tag k="alleyResourceId" v="1__930"/>
    <tag k="batch" v="2"/>
    <tag k="contributor" v="GIS_OTS"/>
    <tag k="hgv" v="no"/>
    <tag k="highway" v="service"/>
    <tag k="motor_vehicle" v="no"/>
    <tag k="name" v="Ngõ Huyện"/>
    <tag k="noname" v="yes"/>
    <tag k="process_id" v="360_2"/>
    <tag k="service" v="alley"/>
  </way>
  <way id="684044681" version="19" timestamp="2026-06-25T07:33:40Z" changeset="184568276" uid="22086224" user="DucXDO">
    <nd ref="98009663"/>
    <nd ref="6646949990"/>
    <nd ref="6647007968"/>
    <nd ref="6647027047"/>
    <nd ref="98044325"/>
    <tag k="highway" v="secondary"/>
    <tag k="lanes" v="3"/>
    <tag k="lit" v="yes"/>
    <tag k="name" v="Phố Tràng Thi"/>
    <tag k="name:en" v="Trang Thi Street"/>
    <tag k="name:zh" v="场诗街"/>
    <tag k="oneway" v="yes"/>
    <tag k="surface" v="asphalt"/>
  </way>
  <way id="684081211" version="8" timestamp="2026-05-27T04:36:37Z" changeset="183236528" uid="19853899" user="tnnk-gis">
    <nd ref="6408474767"/>
    <nd ref="11433601786"/>
    <nd ref="11433601785"/>
    <tag k="alleyResourceId" v="1__934"/>
    <tag k="batch" v="2"/>
    <tag k="contributor" v="GIS_OTS"/>
    <tag k="hgv" v="no"/>
    <tag k="highway" v="service"/>
    <tag k="maxwidth" v="3"/>
    <tag k="moped" v="yes"/>
    <tag k="motor_vehicle" v="no"/>
    <tag k="motorcycle" v="yes"/>
    <tag k="name" v="Ngõ Phủ Doãn"/>
    <tag k="process_id" v="365_2"/>
    <tag k="service" v="alley"/>
    <tag k="surface" v="asphalt"/>
  </way>
  <way id="701605940" version="1" timestamp="2019-07-04T13:49:06Z" changeset="71898163" uid="625303" user="TuanIfan">
    <nd ref="6588880020"/>
    <nd ref="6588880035"/>
    <tag k="highway" v="path"/>
  </way>
  <way id="701605941" version="1" timestamp="2019-07-04T13:49:06Z" changeset="71898163" uid="625303" user="TuanIfan">
    <nd ref="6588880020"/>
    <nd ref="6588880019"/>
    <tag k="highway" v="steps"/>
  </way>
  <way id="701605942" version="1" timestamp="2019-07-04T13:49:06Z" changeset="71898163" uid="625303" user="TuanIfan">
    <nd ref="6588880035"/>
    <nd ref="6588880034"/>
    <nd ref="6588880033"/>
    <nd ref="6588880032"/>
    <nd ref="6588880031"/>
    <nd ref="6588880030"/>
    <nd ref="6588880029"/>
    <nd ref="6588880022"/>
    <nd ref="6588880028"/>
    <nd ref="6588880027"/>
    <nd ref="6588880026"/>
    <nd ref="6588880025"/>
    <nd ref="6588880024"/>
    <nd ref="6588880023"/>
    <nd ref="6588880035"/>
    <tag k="highway" v="path"/>
  </way>
  <way id="701605943" version="1" timestamp="2019-07-04T13:49:06Z" changeset="71898163" uid="625303" user="TuanIfan">
    <nd ref="6588880022"/>
    <nd ref="6588880036"/>
    <nd ref="5703662597"/>
    <tag k="highway" v="path"/>
  </way>
  <way id="701882895" version="9" timestamp="2026-07-04T13:20:53Z" changeset="185090598" uid="24180697" user="Nhu Hieu">
    <nd ref="12408809720"/>
    <nd ref="12713005342"/>
    <nd ref="12408809719"/>
    <nd ref="12408809718"/>
    <nd ref="12408809717"/>
    <nd ref="6591434086"/>
    <nd ref="6591434085"/>
    <nd ref="12408809716"/>
    <nd ref="6591425281"/>
    <nd ref="6591425282"/>
    <nd ref="6591425283"/>
    <nd ref="8176641138"/>
    <nd ref="6591425284"/>
    <tag k="hgv" v="no"/>
    <tag k="highway" v="service"/>
    <tag k="layer" v="-1"/>
    <tag k="motorcar" v="destination"/>
    <tag k="name" v="Ngõ 31 Phố Hàng Khay"/>
    <tag k="note" v="709_4"/>
    <tag k="service" v="alley"/>
  </way>
  <way id="701882920" version="3" timestamp="2025-03-30T12:12:13Z" changeset="164284671" uid="16194143" user="Tewuzij">
    <nd ref="6591434256"/>
    <nd ref="6591434255"/>
    <tag k="highway" v="service"/>
    <tag k="layer" v="-1"/>
    <tag k="surface" v="concrete"/>
  </way>
  <way id="701882925" version="2" timestamp="2025-03-30T12:12:13Z" changeset="164284671" uid="16194143" user="Tewuzij">
    <nd ref="6591434270"/>
    <nd ref="6591434269"/>
    <tag k="highway" v="service"/>
    <tag k="layer" v="-1"/>
  </way>
  <way id="701882947" version="6" timestamp="2026-06-09T05:02:36Z" changeset="183856031" uid="22177075" user="LKCuong">
    <nd ref="11201427648"/>
    <nd ref="11201427651"/>
    <nd ref="12404456169"/>
    <nd ref="7202327205"/>
    <nd ref="12404456167"/>
    <nd ref="11201427650"/>
    <nd ref="12404456180"/>
    <nd ref="12404456184"/>
    <nd ref="6591434472"/>
    <nd ref="8458182587"/>
    <nd ref="6591434471"/>
    <nd ref="6591434470"/>
    <nd ref="6591434469"/>
    <nd ref="6591434468"/>
    <nd ref="6591434467"/>
    <nd ref="6591434466"/>
    <nd ref="6591434465"/>
    <nd ref="6591434464"/>
    <nd ref="6591434463"/>
    <nd ref="6591434462"/>
    <nd ref="4023288101"/>
    <tag k="hgv" v="no"/>
    <tag k="highway" v="service"/>
    <tag k="motor_vehicle" v="private"/>
    <tag k="name" v="Lối đi nội bộ Nhà Thờ Lớn"/>
    <tag k="note" v="284_3"/>
  </way>
  <way id="701882951" version="3" timestamp="2025-11-27T07:22:19Z" changeset="175184587" uid="20742048" user="friendly_neighbor">
    <nd ref="6591434543"/>
    <nd ref="6591434530"/>
    <nd ref="6591434529"/>
    <nd ref="6591434528"/>
    <nd ref="6591434527"/>
    <nd ref="6591434526"/>
    <nd ref="6591434525"/>
    <nd ref="6591434524"/>
    <nd ref="6591434523"/>
    <nd ref="6591434522"/>
    <nd ref="6591434521"/>
    <nd ref="6591434520"/>
    <nd ref="6591434519"/>
    <nd ref="6591434518"/>
    <nd ref="11311214215"/>
    <nd ref="6591434517"/>
    <nd ref="6591434541"/>
    <nd ref="6591434542"/>
    <nd ref="6591434543"/>
    <tag k="area" v="yes"/>
    <tag k="highway" v="pedestrian"/>
    <tag k="surface" v="paving_stones"/>
  </way>
  <way id="701882955" version="2" timestamp="2024-04-20T02:03:44Z" changeset="150245451" uid="13901111" user="Airiver">
    <nd ref="11832076990"/>
    <nd ref="11832076986"/>
    <nd ref="6591434558"/>
    <tag k="highway" v="footway"/>
  </way>
  <way id="701882957" version="1" timestamp="2019-07-05T13:59:23Z" changeset="71933947" uid="625303" user="TuanIfan">
    <nd ref="6591434562"/>
    <nd ref="6591434561"/>
    <tag k="highway" v="footway"/>
  </way>
  <way id="701882958" version="2" timestamp="2024-04-20T02:03:44Z" changeset="150245451" uid="13901111" user="Airiver">
    <nd ref="11832076988"/>
    <nd ref="6591434563"/>
    <nd ref="6591434562"/>
    <tag k="highway" v="steps"/>
  </way>
  <way id="701882962" version="2" timestamp="2024-04-20T02:03:44Z" changeset="150245451" uid="13901111" user="Airiver">
    <nd ref="6591434569"/>
    <nd ref="11832076987"/>
    <nd ref="6591434588"/>
    <nd ref="6591434568"/>
    <tag k="highway" v="footway"/>
  </way>
  <way id="701882963" version="3" timestamp="2024-04-20T02:03:44Z" changeset="150245451" uid="13901111" user="Airiver">
    <nd ref="6591434586"/>
    <nd ref="11832076994"/>
    <nd ref="6644582352"/>
    <nd ref="6591434570"/>
    <tag k="highway" v="footway"/>
  </way>
  <way id="707035045" version="28" timestamp="2026-06-05T15:17:31Z" changeset="183700061" uid="11196308" user="vietnam321">
    <nd ref="309642117"/>
    <nd ref="11336019766"/>
    <nd ref="11304265525"/>
    <nd ref="5701485503"/>
    <nd ref="75617763"/>
    <tag k="highway" v="secondary"/>
    <tag k="lanes" v="4"/>
    <tag k="lit" v="yes"/>
    <tag k="motor_vehicle:conditional" v="no @ (Feb 16 19:30-23:59; Feb 17 00:01-02:00; Fr 19:00-23:59; Sa-Su 00:00-23:59)"/>
    <tag k="name" v="Phố Đinh Tiên Hoàng"/>
    <tag k="name:en" v="Dinh Tien Hoang Street"/>
    <tag k="name:etymology:wikidata" v="Q1184365"/>
    <tag k="name:zh" v="丁先皇街"/>
    <tag k="oneway" v="yes"/>
    <tag k="surface" v="asphalt"/>
  </way>
  <way id="707036650" version="29" timestamp="2026-06-05T15:17:31Z" changeset="183700061" uid="11196308" user="vietnam321">
    <nd ref="75617763"/>
    <nd ref="10142034278"/>
    <nd ref="10142034277"/>
    <nd ref="10142034276"/>
    <nd ref="2218313051"/>
    <nd ref="5405026116"/>
    <nd ref="11465167153"/>
    <nd ref="5405026120"/>
    <tag k="cycleway:both" v="no"/>
    <tag k="highway" v="secondary"/>
    <tag k="lanes" v="3"/>
    <tag k="lit" v="yes"/>
    <tag k="motor_vehicle:conditional" v="no @ (Feb 16 19:30-23:59; Feb 17 00:01-02:00; Fr 19:00-23:59; Sa-Su 00:00-23:59)"/>
    <tag k="name" v="Phố Đinh Tiên Hoàng"/>
    <tag k="name:en" v="Dinh Tien Hoang Street"/>
    <tag k="name:etymology:wikidata" v="Q1184365"/>
    <tag k="name:zh" v="丁先皇街"/>
    <tag k="oneway" v="yes"/>
    <tag k="smoothness" v="good"/>
    <tag k="surface" v="asphalt"/>
  </way>
  <way id="707052080" version="8" timestamp="2026-06-05T15:16:58Z" changeset="183700061" uid="11196308" user="vietnam321">
    <nd ref="6644523698"/>
    <nd ref="11311214216"/>
    <nd ref="6644523695"/>
    <nd ref="104763597"/>
    <tag k="highway" v="secondary"/>
    <tag k="lanes" v="2"/>
    <tag k="name" v="Phố Lê Thái Tổ"/>
    <tag k="name:en" v="Le Thai To Street"/>
    <tag k="name:etymology:wikidata" v="Q1195391"/>
    <tag k="name:id" v="Jalan Le Thai To"/>
    <tag k="name:vi" v="Phố Lê Thái Tổ"/>
    <tag k="name:zh" v="黎太祖街"/>
    <tag k="oneway" v="yes"/>
    <tag k="surface" v="asphalt"/>
  </way>
  <way id="707052081" version="10" timestamp="2026-06-05T15:16:58Z" changeset="183700061" uid="11196308" user="vietnam321">
    <nd ref="104763597"/>
    <nd ref="6644523693"/>
    <nd ref="4023225769"/>
    <nd ref="6644523691"/>
    <nd ref="13105492355"/>
    <nd ref="6644523689"/>
    <tag k="highway" v="secondary"/>
    <tag k="lanes" v="2"/>
    <tag k="lit" v="yes"/>
    <tag k="name" v="Phố Lê Thái Tổ"/>
    <tag k="name:en" v="Le Thai To Street"/>
    <tag k="name:etymology:wikidata" v="Q1195391"/>
    <tag k="name:id" v="Jalan Le Thai To"/>
    <tag k="name:vi" v="Phố Lê Thái Tổ"/>
    <tag k="name:zh" v="黎太祖街"/>
    <tag k="oneway" v="yes"/>
    <tag k="surface" v="asphalt"/>
  </way>
  <way id="707055568" version="17" timestamp="2026-06-05T15:24:45Z" changeset="183701503" uid="11196308" user="vietnam321">
    <nd ref="6644523689"/>
    <nd ref="8176640946"/>
    <nd ref="6591425284"/>
    <nd ref="6644549177"/>
    <nd ref="98009137"/>
    <tag k="highway" v="secondary"/>
    <tag k="lanes" v="2"/>
    <tag k="lit" v="yes"/>
    <tag k="motor_vehicle:conditional" v="no @ (Feb 16 19:30-23:59; Feb 17 00:01-02:00; Fr 19:00-23:59; Sa-Su 00:00-23:59)"/>
    <tag k="motor_vehicle:lanes" v="yes|no"/>
    <tag k="motorcycle:lanes" v="no|yes"/>
    <tag k="name" v="Phố Bà Triệu"/>
    <tag k="name:en" v="Ba Trieu Street"/>
    <tag k="name:etymology:wikidata" v="Q269989"/>
    <tag k="name:id" v="Jalan Ba Trieu"/>
    <tag k="name:zh" v="婆赵街"/>
    <tag k="oneway" v="yes"/>
    <tag k="surface" v="asphalt"/>
  </way>
  <way id="707074535" version="5" timestamp="2025-07-18T07:24:59Z" changeset="169093493" uid="5035183" user="Almucheck Almucheck">
    <nd ref="5857305452"/>
    <nd ref="11336019768"/>
    <nd ref="6644656679"/>
    <nd ref="6644523691"/>
    <tag k="crossing" v="traffic_signals"/>
    <tag k="footway" v="crossing"/>
    <tag k="highway" v="footway"/>
    <tag k="lit" v="yes"/>
  </way>
  <way id="707074536" version="6" timestamp="2025-11-27T07:16:02Z" changeset="175184407" uid="20742048" user="friendly_neighbor">
    <nd ref="6644656677"/>
    <nd ref="11336019756"/>
    <nd ref="6644656678"/>
    <nd ref="4023225769"/>
    <tag k="crossing" v="uncontrolled"/>
    <tag k="footway" v="crossing"/>
    <tag k="highway" v="footway"/>
    <tag k="lit" v="yes"/>
    <tag k="surface" v="asphalt"/>
  </way>
  <way id="707074537" version="5" timestamp="2023-11-09T14:50:29Z" changeset="143826136" uid="11691953" user="ItsLouisAnderson">
    <nd ref="6644656682"/>
    <nd ref="11336019759"/>
    <nd ref="6644656681"/>
    <nd ref="6644523693"/>
    <tag k="crossing" v="uncontrolled"/>
    <tag k="crossing:markings" v="zebra"/>
    <tag k="footway" v="crossing"/>
    <tag k="highway" v="footway"/>
    <tag k="lit" v="yes"/>
    <tag k="surface" v="asphalt"/>
  </way>
  <way id="707074538" version="31" timestamp="2026-06-05T15:16:58Z" changeset="183700061" uid="11196308" user="vietnam321">
    <nd ref="104763597"/>
    <nd ref="6644656681"/>
    <nd ref="6644700487"/>
    <nd ref="6644656678"/>
    <nd ref="6644656679"/>
    <nd ref="6644523689"/>
    <tag k="highway" v="tertiary"/>
    <tag k="lane_markings" v="yes"/>
    <tag k="lanes" v="1"/>
    <tag k="lit" v="yes"/>
    <tag k="motor_vehicle:conditional" v="no @ (Feb 16 19:30-23:59; Feb 17 00:01-02:00; Fr 19:00-23:59; Sa-Su 00:00-23:59)"/>
    <tag k="name" v="Phố Lê Thái Tổ"/>
    <tag k="name:etymology:wikidata" v="Q1195391"/>
    <tag k="oneway" v="yes"/>
    <tag k="surface" v="asphalt"/>
  </way>
  <way id="707325184" version="6" timestamp="2025-07-18T07:25:10Z" changeset="169093493" uid="5035183" user="Almucheck Almucheck">
    <nd ref="6646950000"/>
    <nd ref="977640003"/>
    <nd ref="11336019749"/>
    <nd ref="8184606156"/>
    <tag k="crossing" v="traffic_signals"/>
    <tag k="footway" v="crossing"/>
    <tag k="highway" v="footway"/>
    <tag k="lit" v="yes"/>
    <tag k="surface" v="asphalt"/>
    <tag k="trail_visibility" v="excellent"/>
  </way>
  <way id="707337132" version="9" timestamp="2026-06-25T07:33:40Z" changeset="184568276" uid="22086224" user="DucXDO">
    <nd ref="6647007970"/>
    <nd ref="6646949993"/>
    <nd ref="98009663"/>
    <tag k="highway" v="secondary"/>
    <tag k="lanes" v="3"/>
    <tag k="name" v="Phố Tràng Thi"/>
    <tag k="name:en" v="Trang Thi Street"/>
    <tag k="name:id" v="Jalan Trang Thi"/>
    <tag k="name:vi" v="Phố Tràng Thi"/>
    <tag k="name:zh" v="场试街"/>
    <tag k="oneway" v="yes"/>
    <tag k="smoothness" v="good"/>
    <tag k="surface" v="asphalt"/>
  </way>
  <way id="707390780" version="4" timestamp="2025-07-22T14:54:07Z" changeset="169298266" uid="5035183" user="Almucheck Almucheck">
    <nd ref="103010880"/>
    <nd ref="6646949998"/>
    <nd ref="1497570400"/>
    <tag k="highway" v="residential"/>
    <tag k="lit" v="yes"/>
    <tag k="name" v="Phố Nhà Chung"/>
    <tag k="name:en" v="Nha Chung Street"/>
    <tag k="name:zh" v="钟楼街"/>
    <tag k="oneway" v="yes"/>
    <tag k="surface" v="asphalt"/>
  </way>
  <way id="708601342" version="5" timestamp="2024-05-31T07:44:17Z" changeset="152065808" uid="42045" user="Waldrenner">
    <nd ref="103011372"/>
    <nd ref="6648227185"/>
    <nd ref="6658650123"/>
    <nd ref="6658650126"/>
    <nd ref="309601310"/>
    <tag k="highway" v="residential"/>
    <tag k="lanes" v="2"/>
    <tag k="name" v="Phố Hàng Trống"/>
    <tag k="name:en" v="Hang Trong Street"/>
    <tag k="name:id" v="Jalan Hang Trong"/>
    <tag k="oneway" v="yes"/>
    <tag k="oneway:bicycle" v="no"/>
    <tag k="oneway:mofa" v="no"/>
    <tag k="oneway:moped" v="no"/>
    <tag k="oneway:motorcycle" v="no"/>
    <tag k="surface" v="asphalt"/>
  </way>
  <way id="708601344" version="8" timestamp="2025-10-31T05:33:28Z" changeset="174004200" uid="11196308" user="vietnam321">
    <nd ref="4023205753"/>
    <nd ref="6658650125"/>
    <nd ref="309601310"/>
    <tag k="alt_name" v="Phố Bảo Khánh"/>
    <tag k="alt_name:vi" v="Phố Bảo Khánh"/>
    <tag k="highway" v="residential"/>
    <tag k="lane_markings" v="no"/>
    <tag k="lit" v="yes"/>
    <tag k="name" v="Phố Báo Khánh"/>
    <tag k="name:en" v="Bao Khanh Street"/>
    <tag k="name:id" v="Jalan Bao Khanh"/>
    <tag k="name:zh" v="宝庆街"/>
    <tag k="oneway" v="no"/>
    <tag k="oneway:bicycle" v="no"/>
    <tag k="oneway:mofa" v="no"/>
    <tag k="oneway:moped" v="no"/>
    <tag k="oneway:motorcycle" v="no"/>
    <tag k="surface" v="asphalt"/>
  </way>
  <way id="709362108" version="13" timestamp="2026-05-27T04:36:37Z" changeset="183236528" uid="19853899" user="tnnk-gis">
    <nd ref="103011356"/>
    <nd ref="11433601785"/>
    <nd ref="13886629298"/>
    <nd ref="6668066146"/>
    <nd ref="103010952"/>
    <tag k="highway" v="residential"/>
    <tag k="lanes" v="2"/>
    <tag k="name" v="Phố Phủ Doãn"/>
    <tag k="name:en" v="Phu Doan Street"/>
    <tag k="oneway" v="yes"/>
    <tag k="oneway:bicycle" v="no"/>
    <tag k="oneway:mofa" v="no"/>
    <tag k="oneway:moped" v="no"/>
    <tag k="oneway:motorcycle" v="no"/>
    <tag k="surface" v="asphalt"/>
  </way>
  <way id="709362109" version="8" timestamp="2025-11-17T10:28:50Z" changeset="174764644" uid="18820325" user="Grab_Cong">
    <nd ref="103010952"/>
    <nd ref="81794043"/>
    <tag k="highway" v="residential"/>
    <tag k="lanes" v="2"/>
    <tag k="name" v="Phố Phủ Doãn"/>
    <tag k="name:en" v="Phu Doan Street"/>
    <tag k="name:zh" v="府尹街"/>
    <tag k="oneway" v="yes"/>
    <tag k="oneway:bicycle" v="no"/>
    <tag k="oneway:mofa" v="no"/>
    <tag k="oneway:moped" v="no"/>
    <tag k="oneway:motorcycle" v="no"/>
    <tag k="surface" v="asphalt"/>
  </way>
  <way id="720109449" version="27" timestamp="2026-06-05T15:17:57Z" changeset="183700061" uid="11196308" user="vietnam321">
    <nd ref="309642113"/>
    <nd ref="11348293010"/>
    <nd ref="11348293011"/>
    <nd ref="309642117"/>
    <tag k="highway" v="residential"/>
    <tag k="motor_vehicle:conditional" v="no @ (Feb 16 19:30-23:59; Feb 17 00:01-02:00; Fr 19:00-23:59; Sa-Su 00:00-23:59)"/>
    <tag k="name" v="Phố Trần Nguyên Hãn"/>
    <tag k="name:en" v="Tran Nguyen Han Street"/>
    <tag k="name:etymology:wikidata" v="Q10829396"/>
    <tag k="name:zh" v="陈元扞街"/>
    <tag k="surface" v="asphalt"/>
    <tag k="vehicle:conditional" v="no @ (Jan 1 00:00-23:59)"/>
  </way>
  <way id="764854186" version="24" timestamp="2026-02-24T03:55:33Z" changeset="178969383" uid="21198639" user="Ilovemap1999">
    <nd ref="75617763"/>
    <nd ref="2218313053"/>
    <nd ref="6644360680"/>
    <tag k="highway" v="residential"/>
    <tag k="lane_markings" v="no"/>
    <tag k="motor_vehicle:conditional" v="no @ (Feb 16 19:30-23:59; Feb 17 00:01-02:00; Fr 19:00-23:59; Sa-Su 00:00-23:59)"/>
    <tag k="name" v="Phố Hàng Dầu"/>
    <tag k="name:en" v="Hang Dau Street"/>
    <tag k="name:zh" v="行油街"/>
    <tag k="oneway" v="yes"/>
    <tag k="oneway:bicycle" v="no"/>
    <tag k="oneway:mofa" v="no"/>
    <tag k="oneway:moped" v="no"/>
    <tag k="oneway:motorcycle" v="no"/>
    <tag k="surface" v="asphalt"/>
  </way>
  <way id="768043929" version="3" timestamp="2025-07-18T07:24:23Z" changeset="169093493" uid="5035183" user="Almucheck Almucheck">
    <nd ref="11197639570"/>
    <nd ref="7171121006"/>
    <nd ref="7171121007"/>
    <tag k="highway" v="footway"/>
    <tag k="lit" v="yes"/>
  </way>
  <way id="771520201" version="3" timestamp="2024-12-08T09:53:48Z" changeset="160050483" uid="4347030" user="vbertola">
    <nd ref="6591434314"/>
    <nd ref="12404456168"/>
    <nd ref="7202327204"/>
    <nd ref="11201427651"/>
    <nd ref="7171121006"/>
    <nd ref="7202327203"/>
    <nd ref="12404456175"/>
    <nd ref="12404456177"/>
    <nd ref="6591434309"/>
    <nd ref="7202327202"/>
    <nd ref="6591434311"/>
    <nd ref="6591434312"/>
    <nd ref="6591434313"/>
    <nd ref="11201427650"/>
    <nd ref="12404456186"/>
    <nd ref="6591434314"/>
    <tag k="area" v="yes"/>
    <tag k="highway" v="pedestrian"/>
  </way>
  <way id="771520202" version="4" timestamp="2026-06-09T05:02:36Z" changeset="183856031" uid="22177075" user="LKCuong">
    <nd ref="103010881"/>
    <nd ref="7202327201"/>
    <nd ref="12404456174"/>
    <nd ref="12404456176"/>
    <nd ref="4023288101"/>
    <tag k="hgv" v="no"/>
    <tag k="highway" v="service"/>
    <tag k="name" v="Lối đi nội bộ Nhà Thờ Lớn"/>
    <tag k="note" v="284_3"/>
  </way>
  <way id="838526716" version="7" timestamp="2026-06-05T15:21:04Z" changeset="183701503" uid="11196308" user="vietnam321">
    <nd ref="98009580"/>
    <nd ref="6651678058"/>
    <nd ref="5704289440"/>
    <nd ref="317319370"/>
    <nd ref="5704289449"/>
    <nd ref="11455539093"/>
    <nd ref="9903217936"/>
    <nd ref="8176641011"/>
    <nd ref="98010039"/>
    <tag k="highway" v="secondary"/>
    <tag k="lanes" v="2"/>
    <tag k="name" v="Phố Hai Bà Trưng"/>
    <tag k="name:en" v="Hai Ba Trung Street"/>
    <tag k="name:etymology:wikidata" v="Q1207428"/>
    <tag k="name:zh" v="二征夫人街"/>
    <tag k="surface" v="asphalt"/>
  </way>
  <way id="838526717" version="14" timestamp="2026-06-25T07:33:40Z" changeset="184568276" uid="22086224" user="DucXDO">
    <nd ref="98009580"/>
    <nd ref="8176641007"/>
    <nd ref="6646949996"/>
    <nd ref="98009579"/>
    <tag k="highway" v="tertiary"/>
    <tag k="name" v="Phố Quang Trung"/>
    <tag k="name:en" v="Quang Trung Street"/>
    <tag k="name:etymology:wikidata" v="Q379775"/>
    <tag k="surface" v="asphalt"/>
  </way>
  <way id="838526718" version="12" timestamp="2026-06-25T07:33:40Z" changeset="184568276" uid="22086224" user="DucXDO">
    <nd ref="98009579"/>
    <nd ref="6646949995"/>
    <nd ref="5703662600"/>
    <nd ref="6591434270"/>
    <nd ref="6591434256"/>
    <nd ref="6647007970"/>
    <tag k="highway" v="secondary"/>
    <tag k="lanes" v="3"/>
    <tag k="name" v="Phố Tràng Thi"/>
    <tag k="name:en" v="Trang Thi Street"/>
    <tag k="name:id" v="Jalan Trang Thi"/>
    <tag k="name:vi" v="Phố Tràng Thi"/>
    <tag k="name:zh" v="场试街"/>
    <tag k="oneway" v="yes"/>
    <tag k="surface" v="asphalt"/>
  </way>
  <way id="838526719" version="11" timestamp="2026-06-25T07:33:40Z" changeset="184568276" uid="22086224" user="DucXDO">
    <nd ref="98009579"/>
    <nd ref="6646949994"/>
    <nd ref="103010880"/>
    <tag k="highway" v="residential"/>
    <tag k="lit" v="yes"/>
    <tag k="name" v="Phố Quang Trung"/>
    <tag k="name:en" v="Quang Trung Street"/>
    <tag k="name:etymology:wikidata" v="Q379775"/>
    <tag k="oneway" v="yes"/>
    <tag k="surface" v="asphalt"/>
  </way>
  <way id="878930694" version="3" timestamp="2026-07-01T05:04:01Z" changeset="184893854" uid="24180697" user="Nhu Hieu">
    <nd ref="8176599807"/>
    <nd ref="8176599808"/>
    <nd ref="8176599809"/>
    <nd ref="8176599810"/>
    <nd ref="8176640928"/>
    <nd ref="8176599811"/>
    <nd ref="8176599812"/>
    <nd ref="8176599813"/>
    <nd ref="8176599814"/>
    <nd ref="8176599815"/>
    <nd ref="8176599816"/>
    <nd ref="8176640917"/>
    <nd ref="8176640918"/>
    <nd ref="8176640956"/>
    <nd ref="13979637066"/>
    <nd ref="13979637062"/>
    <nd ref="8176640919"/>
    <nd ref="8176640957"/>
    <nd ref="8176640920"/>
    <nd ref="8176640921"/>
    <nd ref="8176640958"/>
    <nd ref="8176640922"/>
    <nd ref="8176599807"/>
    <tag k="footway" v="sidewalk"/>
    <tag k="highway" v="footway"/>
  </way>
  <way id="878930698" version="8" timestamp="2026-06-30T03:14:41Z" changeset="184830314" uid="24180697" user="Nhu Hieu">
    <nd ref="6646950000"/>
    <nd ref="8176640929"/>
    <nd ref="8176640930"/>
    <nd ref="8176640931"/>
    <nd ref="8176640947"/>
    <nd ref="8176641138"/>
    <nd ref="8176640951"/>
    <nd ref="8176640932"/>
    <nd ref="8176640933"/>
    <nd ref="8176640934"/>
    <nd ref="8176640935"/>
    <nd ref="11455539080"/>
    <nd ref="8176640936"/>
    <nd ref="8176640938"/>
    <nd ref="11455539079"/>
    <nd ref="8176640939"/>
    <nd ref="8176640941"/>
    <nd ref="8178544892"/>
    <nd ref="8176640942"/>
    <nd ref="8176640943"/>
    <nd ref="8176640944"/>
    <nd ref="11304265516"/>
    <nd ref="8176640945"/>
    <nd ref="13976546146"/>
    <nd ref="13976546159"/>
    <nd ref="12713005342"/>
    <nd ref="6646950000"/>
    <tag k="footway" v="sidewalk"/>
    <tag k="highway" v="footway"/>
    <tag k="smoothness" v="intermediate"/>
    <tag k="surface" v="concrete:plates"/>
  </way>
  <way id="878930699" version="3" timestamp="2023-01-15T05:17:46Z" changeset="131286241" uid="11691953" user="ItsLouisAnderson">
    <nd ref="8176599815"/>
    <nd ref="8176640946"/>
    <nd ref="8176640947"/>
    <tag k="crossing" v="traffic_signals"/>
    <tag k="crossing:markings" v="zebra"/>
    <tag k="footway" v="crossing"/>
    <tag k="highway" v="footway"/>
    <tag k="lit" v="yes"/>
  </way>
  <way id="878930703" version="4" timestamp="2025-07-18T07:22:21Z" changeset="169093493" uid="5035183" user="Almucheck Almucheck">
    <nd ref="8176640945"/>
    <nd ref="8176640955"/>
    <nd ref="11336019745"/>
    <nd ref="5857305450"/>
    <tag k="crossing" v="traffic_signals"/>
    <tag k="footway" v="crossing"/>
    <tag k="highway" v="footway"/>
    <tag k="lit" v="yes"/>
  </way>
  <way id="878930704" version="3" timestamp="2025-07-18T07:25:04Z" changeset="169093493" uid="5035183" user="Almucheck Almucheck">
    <nd ref="6644523687"/>
    <nd ref="8176640956"/>
    <tag k="crossing" v="traffic_signals"/>
    <tag k="footway" v="crossing"/>
    <tag k="highway" v="footway"/>
    <tag k="lit" v="yes"/>
  </way>
  <way id="878930705" version="3" timestamp="2024-05-01T10:43:28Z" changeset="150743645" uid="13554586" user="Goldbube">
    <nd ref="6646949997"/>
    <nd ref="8176640957"/>
    <tag k="crossing" v="marked"/>
    <tag k="crossing:markings" v="yes"/>
    <tag k="footway" v="crossing"/>
    <tag k="highway" v="footway"/>
    <tag k="surface" v="asphalt"/>
  </way>
  <way id="878930706" version="4" timestamp="2025-07-22T14:53:56Z" changeset="169298266" uid="5035183" user="Almucheck Almucheck">
    <nd ref="8176641009"/>
    <nd ref="6646949996"/>
    <nd ref="8176640958"/>
    <tag k="crossing" v="marked"/>
    <tag k="crossing:markings" v="yes"/>
    <tag k="footway" v="crossing"/>
    <tag k="highway" v="footway"/>
    <tag k="lit" v="yes"/>
    <tag k="surface" v="asphalt"/>
  </way>
  <way id="878930707" version="4" timestamp="2025-07-15T06:08:14Z" changeset="168946290" uid="16194143" user="Tewuzij">
    <nd ref="8176640983"/>
    <nd ref="8176640963"/>
    <nd ref="8176640964"/>
    <nd ref="8176640965"/>
    <nd ref="8176640966"/>
    <nd ref="13000988319"/>
    <nd ref="13000988318"/>
    <nd ref="8176640985"/>
    <nd ref="8176640967"/>
    <nd ref="8176640968"/>
    <nd ref="8176640969"/>
    <nd ref="8176640970"/>
    <nd ref="8176641063"/>
    <nd ref="11224700071"/>
    <nd ref="8176640984"/>
    <nd ref="8176640981"/>
    <tag k="footway" v="sidewalk"/>
    <tag k="highway" v="footway"/>
    <tag k="surface" v="concrete:plates"/>
  </way>
  <way id="878930708" version="6" timestamp="2025-08-30T17:07:57Z" changeset="171237857" uid="22644759" user="TiuTit 2">
    <nd ref="8176640979"/>
    <nd ref="8176641055"/>
    <nd ref="11112265412"/>
    <nd ref="8176641080"/>
    <nd ref="13108988548"/>
    <nd ref="8176640971"/>
    <nd ref="8176640972"/>
    <nd ref="8176640973"/>
    <nd ref="8176640974"/>
    <nd ref="13108988547"/>
    <nd ref="8176640975"/>
    <nd ref="8176640976"/>
    <nd ref="8176640977"/>
    <nd ref="8178544842"/>
    <nd ref="8176640960"/>
    <nd ref="8176640959"/>
    <nd ref="8176640962"/>
    <nd ref="11455539088"/>
    <nd ref="11455539089"/>
    <nd ref="8178544862"/>
    <nd ref="8176641010"/>
    <nd ref="9903217942"/>
    <nd ref="11455539092"/>
    <nd ref="8176640982"/>
    <tag k="footway" v="sidewalk"/>
    <tag k="highway" v="footway"/>
  </way>
  <way id="878930711" version="2" timestamp="2023-12-26T13:22:30Z" changeset="145534011" uid="11691953" user="ItsLouisAnderson">
    <nd ref="8176640982"/>
    <nd ref="8176640983"/>
    <tag k="crossing" v="uncontrolled"/>
    <tag k="footway" v="crossing"/>
    <tag k="highway" v="footway"/>
  </way>
  <way id="878930714" version="5" timestamp="2025-04-10T07:43:35Z" changeset="164755334" uid="22005783" user="tuan_gsm">
    <nd ref="11455539091"/>
    <nd ref="8176641005"/>
    <nd ref="8176640990"/>
    <nd ref="8176640991"/>
    <nd ref="11455539078"/>
    <nd ref="8176640992"/>
    <nd ref="8176640993"/>
    <nd ref="8176641009"/>
    <nd ref="8176640994"/>
    <nd ref="8176640995"/>
    <nd ref="8176640996"/>
    <nd ref="8176641006"/>
    <nd ref="8176640997"/>
    <nd ref="8176640998"/>
    <nd ref="8176640999"/>
    <nd ref="8178544866"/>
    <nd ref="8176641004"/>
    <tag k="footway" v="sidewalk"/>
    <tag k="highway" v="footway"/>
    <tag k="surface" v="concrete:plates"/>
  </way>
  <way id="878930717" version="2" timestamp="2023-10-24T20:39:33Z" changeset="143083128" uid="10882995" user="Necessarycoot72">
    <nd ref="8176640995"/>
    <nd ref="6646949995"/>
    <tag k="crossing" v="marked"/>
    <tag k="crossing:markings" v="yes"/>
    <tag k="footway" v="crossing"/>
    <tag k="highway" v="footway"/>
  </way>
  <way id="878930720" version="3" timestamp="2024-06-17T07:23:48Z" changeset="152787264" uid="12945167" user="Equate">
    <nd ref="8176641010"/>
    <nd ref="8176641011"/>
    <nd ref="8176641003"/>
    <tag k="crossing" v="uncontrolled"/>
    <tag k="footway" v="crossing"/>
    <tag k="highway" v="footway"/>
    <tag k="surface" v="asphalt"/>
  </way>
  <way id="879132449" version="7" timestamp="2025-12-28T02:08:14Z" changeset="176510751" uid="21231771" user="ThShepard">
    <nd ref="8178544846"/>
    <nd ref="8178544872"/>
    <nd ref="8178544870"/>
    <nd ref="11455539090"/>
    <nd ref="8178544847"/>
    <nd ref="8178544849"/>
    <nd ref="8178544850"/>
    <nd ref="8178544851"/>
    <nd ref="8178544867"/>
    <nd ref="8178544852"/>
    <nd ref="8178544853"/>
    <nd ref="8178544854"/>
    <nd ref="8178544855"/>
    <nd ref="8178544856"/>
    <nd ref="8178544857"/>
    <nd ref="8178544858"/>
    <nd ref="8178544859"/>
    <nd ref="8178544860"/>
    <nd ref="10149108569"/>
    <nd ref="10149108570"/>
    <nd ref="8178544846"/>
    <tag k="footway" v="sidewalk"/>
    <tag k="highway" v="footway"/>
    <tag k="smoothness" v="good"/>
    <tag k="surface" v="paving_stones"/>
  </way>
  <way id="879132450" version="3" timestamp="2025-07-15T04:21:50Z" changeset="168943557" uid="5035183" user="Almucheck Almucheck">
    <nd ref="8178544847"/>
    <nd ref="8178544863"/>
    <nd ref="8178544862"/>
    <tag k="crossing" v="marked"/>
    <tag k="crossing:island" v="yes"/>
    <tag k="crossing:markings" v="yes"/>
    <tag k="footway" v="crossing"/>
    <tag k="highway" v="footway"/>
    <tag k="surface" v="asphalt"/>
  </way>
  <way id="879132451" version="3" timestamp="2025-07-15T04:20:12Z" changeset="168943557" uid="5035183" user="Almucheck Almucheck">
    <nd ref="8178544851"/>
    <nd ref="8178544865"/>
    <nd ref="8178544864"/>
    <tag k="crossing" v="marked"/>
    <tag k="crossing:markings" v="yes"/>
    <tag k="footway" v="crossing"/>
    <tag k="highway" v="footway"/>
    <tag k="surface" v="asphalt"/>
  </way>
  <way id="879132452" version="3" timestamp="2025-04-15T07:44:30Z" changeset="164970521" uid="16194143" user="Tewuzij">
    <nd ref="8178544852"/>
    <nd ref="6646949992"/>
    <nd ref="8178544866"/>
    <tag k="crossing" v="marked"/>
    <tag k="crossing:markings" v="yes"/>
    <tag k="footway" v="crossing"/>
    <tag k="highway" v="footway"/>
    <tag k="surface" v="asphalt"/>
  </way>
  <way id="879841421" version="4" timestamp="2025-07-30T12:19:39Z" changeset="169717804" uid="22976896" user="Capricorn3576">
    <nd ref="10142026265"/>
    <nd ref="8184606168"/>
    <nd ref="8184606169"/>
    <nd ref="8184606170"/>
    <nd ref="8184606171"/>
    <nd ref="8184606172"/>
    <nd ref="5405026112"/>
    <nd ref="8184606157"/>
    <nd ref="11163896854"/>
    <nd ref="8184606158"/>
    <nd ref="8184606159"/>
    <nd ref="8184606160"/>
    <nd ref="8184606177"/>
    <tag k="footway" v="sidewalk"/>
    <tag k="highway" v="footway"/>
    <tag k="surface" v="paving_stones"/>
  </way>
  <way id="879841426" version="7" timestamp="2024-01-02T06:00:23Z" changeset="145785007" uid="7794340" user="AyeshK">
    <nd ref="8184606188"/>
    <nd ref="8184606208"/>
    <nd ref="8184606189"/>
    <nd ref="8184606190"/>
    <nd ref="10555858432"/>
    <nd ref="8184606191"/>
    <nd ref="8184606192"/>
    <nd ref="11445782988"/>
    <nd ref="8184606193"/>
    <nd ref="8184606194"/>
    <nd ref="8184606195"/>
    <nd ref="8184606239"/>
    <nd ref="8997860586"/>
    <nd ref="8184606211"/>
    <nd ref="8184606301"/>
    <nd ref="10146964677"/>
    <nd ref="8184606199"/>
    <nd ref="8184606200"/>
    <nd ref="8184606201"/>
    <nd ref="8184606202"/>
    <nd ref="8184606203"/>
    <nd ref="8184606210"/>
    <nd ref="11217220362"/>
    <nd ref="8184606204"/>
    <nd ref="8184606205"/>
    <nd ref="8184606206"/>
    <nd ref="8184606207"/>
    <nd ref="8184606209"/>
    <nd ref="10555858430"/>
    <nd ref="8184606188"/>
    <tag k="footway" v="sidewalk"/>
    <tag k="highway" v="footway"/>
    <tag k="surface" v="asphalt"/>
  </way>
  <way id="954121960" version="3" timestamp="2026-06-05T06:50:45Z" changeset="183678155" uid="20364807" user="sbachinin">
    <nd ref="8830844254"/>
    <nd ref="8909952797"/>
    <nd ref="8909958026"/>
    <nd ref="8830844252"/>
    <nd ref="8830844250"/>
    <tag k="highway" v="service"/>
  </way>
  <way id="963227363" version="5" timestamp="2026-05-27T04:36:37Z" changeset="183236528" uid="19853899" user="tnnk-gis">
    <nd ref="8909952759"/>
    <nd ref="8909952803"/>
    <nd ref="8909952773"/>
    <nd ref="8830844250"/>
    <nd ref="8909952796"/>
    <nd ref="8909952743"/>
    <nd ref="13886629298"/>
    <tag k="access" v="private"/>
    <tag k="highway" v="service"/>
  </way>
  <way id="963227370" version="2" timestamp="2022-05-16T09:24:30Z" changeset="121042322" uid="15740602" user="GrabVN_QThoai">
    <nd ref="8909952797"/>
    <nd ref="8909958037"/>
    <nd ref="8909952787"/>
    <tag k="access" v="private"/>
    <tag k="highway" v="service"/>
  </way>
  <way id="963227375" version="1" timestamp="2021-07-10T15:33:36Z" changeset="107752707" uid="11196308" user="vietnam321">
    <nd ref="2218033254"/>
    <nd ref="8909958026"/>
    <tag k="highway" v="service"/>
  </way>
  <way id="965041066" version="26" timestamp="2026-06-05T15:17:31Z" changeset="183700061" uid="11196308" user="vietnam321">
    <nd ref="309597644"/>
    <nd ref="9966237358"/>
    <nd ref="9966237368"/>
    <nd ref="6644360681"/>
    <nd ref="309642117"/>
    <tag k="highway" v="secondary"/>
    <tag k="lanes" v="4"/>
    <tag k="lit" v="yes"/>
    <tag k="motor_vehicle:conditional" v="no @ (Feb 16 19:30-23:59; Feb 17 00:01-02:00; Fr 19:00-23:59; Sa-Su 00:00-23:59)"/>
    <tag k="name" v="Phố Đinh Tiên Hoàng"/>
    <tag k="name:en" v="Dinh Tien Hoang Street"/>
    <tag k="name:etymology:wikidata" v="Q1184365"/>
    <tag k="name:zh" v="丁先皇街"/>
    <tag k="oneway" v="yes"/>
    <tag k="surface" v="asphalt"/>
    <tag k="vehicle:conditional" v="no @ (Jan 1 00:00-23:59)"/>
  </way>
  <way id="1087731718" version="10" timestamp="2026-03-27T14:05:28Z" changeset="180504628" uid="10129333" user="solenoid jam">
    <nd ref="9966237335"/>
    <nd ref="9966237336"/>
    <nd ref="11323279240"/>
    <nd ref="9966237337"/>
    <nd ref="10584029032"/>
    <nd ref="10584029034"/>
    <nd ref="9966237338"/>
    <nd ref="9966237357"/>
    <nd ref="9966237341"/>
    <nd ref="9966237342"/>
    <nd ref="10584029029"/>
    <nd ref="9966237343"/>
    <nd ref="9966237344"/>
    <nd ref="9966237345"/>
    <nd ref="9966237346"/>
    <nd ref="11435098066"/>
    <nd ref="9966237347"/>
    <nd ref="9966237348"/>
    <nd ref="9966237380"/>
    <nd ref="9966237349"/>
    <nd ref="9966237350"/>
    <nd ref="9966237351"/>
    <nd ref="9966237352"/>
    <nd ref="9966237353"/>
    <nd ref="9966237369"/>
    <nd ref="9966237370"/>
    <nd ref="9966237335"/>
    <tag k="footway" v="sidewalk"/>
    <tag k="highway" v="footway"/>
    <tag k="lit" v="yes"/>
    <tag k="surface" v="paving_stones"/>
  </way>
  <way id="1087731719" version="2" timestamp="2023-11-06T16:17:47Z" changeset="143700654" uid="11691953" user="ItsLouisAnderson">
    <nd ref="9966237371"/>
    <nd ref="9966237374"/>
    <nd ref="9966237359"/>
    <nd ref="9966237360"/>
    <nd ref="9966237361"/>
    <nd ref="9966237362"/>
    <nd ref="9966237363"/>
    <nd ref="9966237364"/>
    <nd ref="9966237365"/>
    <nd ref="9966237366"/>
    <nd ref="9966237367"/>
    <nd ref="9966237373"/>
    <nd ref="9966237372"/>
    <tag k="access" v="private"/>
    <tag k="highway" v="service"/>
    <tag k="service" v="driveway"/>
    <tag k="surface" v="paving_stones"/>
  </way>
  <way id="1087731720" version="2" timestamp="2023-11-06T16:17:47Z" changeset="143700654" uid="11691953" user="ItsLouisAnderson">
    <nd ref="9966237373"/>
    <nd ref="9966237374"/>
    <tag k="access" v="private"/>
    <tag k="highway" v="service"/>
    <tag k="service" v="driveway"/>
    <tag k="surface" v="paving_stones"/>
  </way>
  <way id="1132104915" version="3" timestamp="2025-07-18T07:22:28Z" changeset="169093493" uid="5035183" user="Almucheck Almucheck">
    <nd ref="10555858429"/>
    <nd ref="11336026470"/>
    <nd ref="10555858431"/>
    <nd ref="10555858430"/>
    <tag k="button_operated" v="yes"/>
    <tag k="crossing" v="traffic_signals"/>
    <tag k="crossing:markings" v="zebra"/>
    <tag k="footway" v="crossing"/>
    <tag k="highway" v="footway"/>
    <tag k="lit" v="yes"/>
  </way>
  <way id="1132104916" version="2" timestamp="2025-07-30T12:19:40Z" changeset="169717804" uid="22976896" user="Capricorn3576">
    <nd ref="8184606170"/>
    <nd ref="10555858433"/>
    <nd ref="10555858432"/>
    <tag k="crossing" v="uncontrolled"/>
    <tag k="crossing:markings" v="zebra"/>
    <tag k="footway" v="crossing"/>
    <tag k="highway" v="footway"/>
    <tag k="surface" v="asphalt"/>
  </way>
  <way id="1135420635" version="5" timestamp="2026-06-07T11:33:52Z" changeset="183776087" uid="11691953" user="ItsLouisAnderson">
    <nd ref="10583987392"/>
    <nd ref="10583987391"/>
    <nd ref="11335293280"/>
    <nd ref="10583987390"/>
    <nd ref="10583987389"/>
    <nd ref="10583987388"/>
    <nd ref="10583987387"/>
    <nd ref="10583987386"/>
    <nd ref="10583987385"/>
    <nd ref="10584029031"/>
    <nd ref="10583987384"/>
    <nd ref="10583987375"/>
    <nd ref="10583987376"/>
    <nd ref="10584029033"/>
    <nd ref="10583987377"/>
    <nd ref="10583987378"/>
    <nd ref="10583987379"/>
    <nd ref="10583987380"/>
    <nd ref="10583987381"/>
    <nd ref="10583987383"/>
    <nd ref="10583987403"/>
    <nd ref="10584029104"/>
    <nd ref="10583987382"/>
    <nd ref="10583987393"/>
    <nd ref="10583987394"/>
    <nd ref="10583987395"/>
    <nd ref="10583987396"/>
    <nd ref="10583987397"/>
    <nd ref="10583987398"/>
    <nd ref="10583987399"/>
    <nd ref="10583987392"/>
    <tag k="footway" v="sidewalk"/>
    <tag k="highway" v="footway"/>
    <tag k="lit" v="yes"/>
    <tag k="surface" v="paving_stones"/>
  </way>
  <way id="1169824385" version="9" timestamp="2025-11-17T10:28:50Z" changeset="174764644" uid="18820325" user="Grab_Cong">
    <nd ref="98009663"/>
    <nd ref="6646949991"/>
    <nd ref="2218033249"/>
    <nd ref="8909952787"/>
    <nd ref="322505394"/>
    <nd ref="322505401"/>
    <nd ref="103011356"/>
    <tag k="highway" v="residential"/>
    <tag k="lanes" v="2"/>
    <tag k="name" v="Phố Phủ Doãn"/>
    <tag k="name:en" v="Phu Doan Street"/>
    <tag k="oneway" v="yes"/>
    <tag k="oneway:bicycle" v="no"/>
    <tag k="oneway:mofa" v="no"/>
    <tag k="oneway:moped" v="no"/>
    <tag k="oneway:motorcycle" v="no"/>
    <tag k="surface" v="asphalt"/>
  </way>
  <way id="1197730126" version="1" timestamp="2023-08-13T15:55:22Z" changeset="139831345" uid="11691953" user="ItsLouisAnderson">
    <nd ref="11112265407"/>
    <nd ref="11112265452"/>
    <nd ref="11112265408"/>
    <nd ref="9903217938"/>
    <nd ref="9975258320"/>
    <nd ref="9903217939"/>
    <nd ref="9903217940"/>
    <nd ref="9903217941"/>
    <tag k="highway" v="service"/>
  </way>
  <way id="1197730127" version="2" timestamp="2023-09-05T15:27:41Z" changeset="140856282" uid="11691953" user="ItsLouisAnderson">
    <nd ref="9903217936"/>
    <nd ref="9903217942"/>
    <nd ref="9903217943"/>
    <nd ref="9903217941"/>
    <nd ref="11169867121"/>
    <nd ref="9975258337"/>
    <nd ref="9903217937"/>
    <nd ref="11112265410"/>
    <nd ref="11112265459"/>
    <nd ref="11112265406"/>
    <tag k="highway" v="service"/>
  </way>
  <way id="1210684764" version="3" timestamp="2025-07-30T12:31:07Z" changeset="169717804" uid="22976896" user="Capricorn3576">
    <nd ref="11217220362"/>
    <nd ref="11217220363"/>
    <nd ref="11435116651"/>
    <nd ref="11217220360"/>
    <tag k="crossing" v="uncontrolled"/>
    <tag k="crossing:markings" v="yes"/>
    <tag k="footway" v="crossing"/>
    <tag k="highway" v="footway"/>
    <tag k="surface" v="asphalt"/>
  </way>
  <way id="1210684766" version="2" timestamp="2023-12-20T15:05:30Z" changeset="145335355" uid="11691953" user="ItsLouisAnderson">
    <nd ref="9966237354"/>
    <nd ref="11435116653"/>
    <nd ref="11217220367"/>
    <nd ref="9966237349"/>
    <tag k="crossing" v="uncontrolled"/>
    <tag k="crossing:markings" v="yes"/>
    <tag k="footway" v="crossing"/>
    <tag k="highway" v="footway"/>
  </way>
  <way id="1217914500" version="5" timestamp="2024-06-25T10:33:49Z" changeset="153150699" uid="3323343" user="phoenixsaigon1698">
    <nd ref="81794043"/>
    <nd ref="6648113973"/>
    <nd ref="98044691"/>
    <tag k="highway" v="tertiary"/>
    <tag k="lanes" v="2"/>
    <tag k="lit" v="yes"/>
    <tag k="name" v="Phố Hàng Bông"/>
    <tag k="name:en" v="Hang Bong Street"/>
    <tag k="oneway" v="yes"/>
    <tag k="oneway:bicycle" v="no"/>
    <tag k="oneway:bus" v="no"/>
    <tag k="oneway:mofa" v="no"/>
    <tag k="oneway:moped" v="no"/>
    <tag k="oneway:motorcycle" v="no"/>
    <tag k="surface" v="asphalt"/>
  </way>
  <way id="1219966855" version="3" timestamp="2025-07-18T07:24:18Z" changeset="169093493" uid="5035183" user="Almucheck Almucheck">
    <nd ref="103010881"/>
    <nd ref="11197639570"/>
    <nd ref="11201427648"/>
    <nd ref="322505330"/>
    <tag k="highway" v="residential"/>
    <tag k="lane_markings" v="no"/>
    <tag k="lit" v="yes"/>
    <tag k="name" v="Phố Lý Quốc Sư"/>
    <tag k="name:en" v="Ly Quoc Su Street"/>
    <tag k="name:id" v="Jalan Ly Quoc Su"/>
    <tag k="name:zh" v="李国师街"/>
    <tag k="oneway" v="yes"/>
    <tag k="surface" v="asphalt"/>
  </way>
  <way id="1219991526" version="12" timestamp="2024-06-12T18:34:54Z" changeset="152595775" uid="12945167" user="Equate">
    <nd ref="10582152352"/>
    <nd ref="11311214214"/>
    <nd ref="11308870545"/>
    <nd ref="11304265481"/>
    <nd ref="11308870554"/>
    <nd ref="11308870556"/>
    <nd ref="11308870522"/>
    <nd ref="11304265480"/>
    <nd ref="11306485254"/>
    <nd ref="11306485245"/>
    <nd ref="11304265479"/>
    <nd ref="11304265476"/>
    <nd ref="11306485237"/>
    <nd ref="11304265474"/>
    <nd ref="11304265475"/>
    <nd ref="11304265473"/>
    <nd ref="11304265472"/>
    <nd ref="11306485230"/>
    <nd ref="11304265471"/>
    <nd ref="11305178256"/>
    <nd ref="11304265470"/>
    <nd ref="11305178246"/>
    <nd ref="11305178227"/>
    <nd ref="11304265469"/>
    <nd ref="11305178216"/>
    <nd ref="11305178211"/>
    <nd ref="11336026482"/>
    <nd ref="11305178179"/>
    <nd ref="11305178171"/>
    <nd ref="11336026483"/>
    <nd ref="11304264868"/>
    <nd ref="11305178169"/>
    <nd ref="11304265585"/>
    <nd ref="11304264867"/>
    <nd ref="11304264866"/>
    <nd ref="11304264865"/>
    <nd ref="11304264864"/>
    <nd ref="11304264863"/>
    <nd ref="11304264862"/>
    <nd ref="11304264861"/>
    <nd ref="11304264849"/>
    <nd ref="11304265613"/>
    <nd ref="11314900771"/>
    <nd ref="11304264850"/>
    <nd ref="11304264851"/>
    <nd ref="11304264852"/>
    <nd ref="11304890243"/>
    <nd ref="11304264853"/>
    <nd ref="11304264854"/>
    <nd ref="11304264855"/>
    <nd ref="11304264856"/>
    <nd ref="5857305467"/>
    <nd ref="11304264857"/>
    <nd ref="11304581256"/>
    <nd ref="11304264858"/>
    <nd ref="11304264859"/>
    <nd ref="11304581255"/>
    <nd ref="10584029095"/>
    <nd ref="11331266723"/>
    <nd ref="11304890232"/>
    <nd ref="11304264860"/>
    <tag k="footway" v="sidewalk"/>
    <tag k="highway" v="footway"/>
    <tag k="lit" v="yes"/>
    <tag k="surface" v="paving_stones"/>
  </way>
  <way id="1219991527" version="11" timestamp="2026-04-12T02:37:02Z" changeset="181212959" uid="22579655" user="inserteunnombreaqui">
    <nd ref="11304264860"/>
    <nd ref="11304265504"/>
    <nd ref="11304581253"/>
    <nd ref="11304890213"/>
    <nd ref="11304265503"/>
    <nd ref="11304265502"/>
    <nd ref="11304265501"/>
    <nd ref="11304265500"/>
    <nd ref="11304265499"/>
    <nd ref="11304581246"/>
    <nd ref="11304265498"/>
    <nd ref="6324265708"/>
    <nd ref="11304265497"/>
    <nd ref="11304581234"/>
    <nd ref="11304570767"/>
    <nd ref="5405026115"/>
    <nd ref="11304570766"/>
    <nd ref="11304581216"/>
    <nd ref="11304265671"/>
    <nd ref="11304570752"/>
    <nd ref="11304265670"/>
    <nd ref="11304265482"/>
    <nd ref="11304265483"/>
    <nd ref="11304265484"/>
    <nd ref="11304265485"/>
    <nd ref="11304265700"/>
    <nd ref="11304265486"/>
    <nd ref="11304265712"/>
    <nd ref="11304265487"/>
    <nd ref="11304897929"/>
    <nd ref="11304265488"/>
    <nd ref="11304897945"/>
    <nd ref="11304265489"/>
    <nd ref="11304581469"/>
    <nd ref="11304898075"/>
    <nd ref="11304265490"/>
    <nd ref="11304265491"/>
    <nd ref="963611926"/>
    <nd ref="11323279228"/>
    <nd ref="11323279241"/>
    <nd ref="11304265492"/>
    <nd ref="11304898099"/>
    <nd ref="11304898110"/>
    <nd ref="11329521244"/>
    <nd ref="11305152242"/>
    <nd ref="11304265493"/>
    <nd ref="11305152253"/>
    <nd ref="11305152255"/>
    <nd ref="11305152258"/>
    <nd ref="5857305441"/>
    <nd ref="11305152261"/>
    <nd ref="11304265494"/>
    <nd ref="11305152263"/>
    <nd ref="11305152265"/>
    <nd ref="11304265668"/>
    <nd ref="11304265495"/>
    <nd ref="11323279195"/>
    <nd ref="10555858429"/>
    <nd ref="11304265667"/>
    <nd ref="11304265496"/>
    <nd ref="11304265658"/>
    <nd ref="11304265665"/>
    <nd ref="11304265659"/>
    <nd ref="11304265507"/>
    <nd ref="11307716928"/>
    <nd ref="11304265508"/>
    <nd ref="11304265505"/>
    <nd ref="11304265506"/>
    <nd ref="11323279182"/>
    <nd ref="11323279183"/>
    <nd ref="11304265512"/>
    <nd ref="11304265515"/>
    <nd ref="11163896863"/>
    <nd ref="11304265513"/>
    <nd ref="11304265514"/>
    <nd ref="5857305450"/>
    <tag k="footway" v="sidewalk"/>
    <tag k="highway" v="footway"/>
    <tag k="lit" v="yes"/>
    <tag k="surface" v="paving_stones"/>
  </way>
  <way id="1219991528" version="3" timestamp="2023-11-05T17:05:37Z" changeset="143658915" uid="11691953" user="ItsLouisAnderson">
    <nd ref="8184606156"/>
    <nd ref="11307444360"/>
    <nd ref="11307444260"/>
    <nd ref="11307444280"/>
    <nd ref="11307444211"/>
    <nd ref="11307444195"/>
    <nd ref="11307444191"/>
    <nd ref="11307444329"/>
    <nd ref="11304265509"/>
    <tag k="footway" v="sidewalk"/>
    <tag k="highway" v="footway"/>
    <tag k="surface" v="paving_stones"/>
  </way>
  <way id="1219991529" version="2" timestamp="2023-11-05T17:05:37Z" changeset="143658915" uid="11691953" user="ItsLouisAnderson">
    <nd ref="11304265509"/>
    <nd ref="11304265510"/>
    <nd ref="11304265511"/>
    <nd ref="5857305450"/>
    <tag k="footway" v="sidewalk"/>
    <tag k="highway" v="footway"/>
    <tag k="surface" v="paving_stones"/>
  </way>
  <way id="1219991530" version="4" timestamp="2024-06-12T18:35:09Z" changeset="152595775" uid="12945167" user="Equate">
    <nd ref="10582152352"/>
    <nd ref="11307716891"/>
    <nd ref="11304265517"/>
    <nd ref="11304265518"/>
    <nd ref="11304265519"/>
    <nd ref="11307716867"/>
    <nd ref="6644656682"/>
    <nd ref="11307716848"/>
    <nd ref="11307716828"/>
    <nd ref="11307716787"/>
    <nd ref="11307716783"/>
    <nd ref="11307716750"/>
    <nd ref="11304265520"/>
    <nd ref="11307716700"/>
    <nd ref="6644656677"/>
    <nd ref="11307716607"/>
    <nd ref="11307716636"/>
    <nd ref="11304265521"/>
    <nd ref="11307716623"/>
    <nd ref="5857305452"/>
    <nd ref="11307611939"/>
    <nd ref="11304265522"/>
    <nd ref="11304265523"/>
    <nd ref="11304265524"/>
    <nd ref="8184606156"/>
    <tag k="footway" v="sidewalk"/>
    <tag k="highway" v="footway"/>
    <tag k="lit" v="yes"/>
    <tag k="surface" v="paving_stones"/>
  </way>
  <way id="1219991531" version="13" timestamp="2024-06-12T18:32:15Z" changeset="152595775" uid="12945167" user="Equate">
    <nd ref="11304265585"/>
    <nd ref="11304265583"/>
    <nd ref="11305178170"/>
    <nd ref="11305178172"/>
    <nd ref="11304265582"/>
    <nd ref="11305178183"/>
    <nd ref="11304265581"/>
    <nd ref="11305178215"/>
    <nd ref="11304265580"/>
    <nd ref="11305178217"/>
    <nd ref="11304265579"/>
    <nd ref="11305178228"/>
    <nd ref="11304265578"/>
    <nd ref="11305178247"/>
    <nd ref="11304265577"/>
    <nd ref="11304265576"/>
    <nd ref="11304265526"/>
    <nd ref="11304265527"/>
    <nd ref="11304265528"/>
    <nd ref="11306485238"/>
    <nd ref="11304265529"/>
    <nd ref="11304265530"/>
    <nd ref="11306485246"/>
    <nd ref="11306485255"/>
    <nd ref="11304265531"/>
    <nd ref="11329529212"/>
    <nd ref="11308870523"/>
    <nd ref="11304265532"/>
    <nd ref="11329529211"/>
    <nd ref="11304265533"/>
    <nd ref="11329529210"/>
    <nd ref="11304265534"/>
    <nd ref="11304265535"/>
    <nd ref="11304265536"/>
    <nd ref="11307716862"/>
    <nd ref="11304265537"/>
    <nd ref="11304265538"/>
    <nd ref="11304265539"/>
    <nd ref="11304265540"/>
    <nd ref="11304265541"/>
    <nd ref="11307716784"/>
    <nd ref="11304265542"/>
    <nd ref="11304265543"/>
    <nd ref="11304265544"/>
    <nd ref="11304265545"/>
    <nd ref="11307716732"/>
    <nd ref="11304265546"/>
    <nd ref="11304265547"/>
    <nd ref="11304265548"/>
    <nd ref="11307716602"/>
    <nd ref="11304265549"/>
    <nd ref="11307716651"/>
    <nd ref="11304265550"/>
    <nd ref="11307716652"/>
    <nd ref="11304265551"/>
    <nd ref="11307611922"/>
    <nd ref="11307444359"/>
    <nd ref="11307444358"/>
    <nd ref="11304265552"/>
    <nd ref="11304265553"/>
    <nd ref="11304265554"/>
    <nd ref="11304265555"/>
    <nd ref="11304265556"/>
    <nd ref="11304265557"/>
    <nd ref="11307444224"/>
    <nd ref="11304265558"/>
    <nd ref="11307444228"/>
    <nd ref="11304265559"/>
    <nd ref="11304265560"/>
    <nd ref="11304265561"/>
    <nd ref="11307444193"/>
    <nd ref="11307444192"/>
    <nd ref="11304265562"/>
    <nd ref="11307444190"/>
    <nd ref="11307444189"/>
    <nd ref="11307444327"/>
    <nd ref="11305152267"/>
    <nd ref="11304265563"/>
    <nd ref="11304265564"/>
    <nd ref="11304265657"/>
    <nd ref="11304265565"/>
    <nd ref="11304265566"/>
    <nd ref="11304265567"/>
    <nd ref="11307444171"/>
    <nd ref="11304265568"/>
    <nd ref="11304265664"/>
    <nd ref="11304265569"/>
    <nd ref="11304265666"/>
    <nd ref="11304265570"/>
    <nd ref="11323279196"/>
    <nd ref="11304265571"/>
    <nd ref="11304265669"/>
    <nd ref="11305152266"/>
    <nd ref="11305152264"/>
    <nd ref="11305152262"/>
    <nd ref="11304265572"/>
    <nd ref="11305152260"/>
    <nd ref="11305152259"/>
    <nd ref="11305152256"/>
    <nd ref="11305152254"/>
    <nd ref="11305152257"/>
    <nd ref="11305152252"/>
    <nd ref="11304265573"/>
    <nd ref="11305152243"/>
    <nd ref="11329521243"/>
    <nd ref="11304898111"/>
    <nd ref="11304265574"/>
    <nd ref="11304898094"/>
    <nd ref="11323279247"/>
    <nd ref="11323279229"/>
    <nd ref="11304265575"/>
    <nd ref="11304265586"/>
    <nd ref="11304265587"/>
    <nd ref="11304265588"/>
    <nd ref="11304898069"/>
    <nd ref="11304265589"/>
    <nd ref="11304897982"/>
    <nd ref="11304898080"/>
    <nd ref="11304265590"/>
    <nd ref="11304581470"/>
    <nd ref="11304897981"/>
    <nd ref="11304897983"/>
    <nd ref="11304265591"/>
    <nd ref="11304897984"/>
    <nd ref="11304897990"/>
    <nd ref="11304265592"/>
    <nd ref="11304897931"/>
    <nd ref="11304265593"/>
    <nd ref="11304265594"/>
    <nd ref="11304265732"/>
    <nd ref="11304897932"/>
    <nd ref="11304897876"/>
    <nd ref="11304265595"/>
    <nd ref="11304570765"/>
    <nd ref="11304265596"/>
    <nd ref="11304265597"/>
    <nd ref="11304265725"/>
    <nd ref="11304265598"/>
    <nd ref="11304265599"/>
    <nd ref="11304265600"/>
    <nd ref="11304265601"/>
    <nd ref="11304265602"/>
    <nd ref="11304581313"/>
    <nd ref="11304265603"/>
    <nd ref="11304265604"/>
    <nd ref="11304265605"/>
    <nd ref="11304265606"/>
    <nd ref="11304265607"/>
    <nd ref="11304265608"/>
    <nd ref="11304265609"/>
    <nd ref="11304265610"/>
    <nd ref="11304265635"/>
    <nd ref="11304265611"/>
    <tag k="highway" v="footway"/>
    <tag k="lit" v="yes"/>
    <tag k="surface" v="paving_stones"/>
  </way>
  <way id="1219991535" version="3" timestamp="2023-11-05T17:05:37Z" changeset="143658915" uid="11691953" user="ItsLouisAnderson">
    <nd ref="11304265652"/>
    <nd ref="11304265653"/>
    <nd ref="11304265654"/>
    <nd ref="11323279181"/>
    <nd ref="11304265655"/>
    <nd ref="11304265656"/>
    <nd ref="11304265638"/>
    <nd ref="11304265639"/>
    <nd ref="11304265640"/>
    <nd ref="11304265641"/>
    <nd ref="11304265647"/>
    <nd ref="11304265648"/>
    <nd ref="11304265649"/>
    <nd ref="11304265650"/>
    <nd ref="11304265651"/>
    <nd ref="11304265642"/>
    <nd ref="11304265643"/>
    <nd ref="11304265644"/>
    <nd ref="11304265645"/>
    <nd ref="11304265646"/>
    <nd ref="11304265652"/>
    <tag k="highway" v="footway"/>
    <tag k="surface" v="paving_stones"/>
  </way>
  <way id="1219991536" version="2" timestamp="2023-11-05T17:05:37Z" changeset="143658915" uid="11691953" user="ItsLouisAnderson">
    <nd ref="11304265639"/>
    <nd ref="5857305450"/>
    <tag k="highway" v="footway"/>
    <tag k="surface" v="paving_stones"/>
  </way>
  <way id="1219991537" version="2" timestamp="2023-11-05T17:05:37Z" changeset="143658915" uid="11691953" user="ItsLouisAnderson">
    <nd ref="11304265645"/>
    <nd ref="11304265657"/>
    <tag k="highway" v="footway"/>
    <tag k="surface" v="paving_stones"/>
  </way>
  <way id="1219991539" version="2" timestamp="2023-11-05T17:05:37Z" changeset="143658915" uid="11691953" user="ItsLouisAnderson">
    <nd ref="11304265664"/>
    <nd ref="11304265665"/>
    <tag k="highway" v="footway"/>
    <tag k="surface" v="paving_stones"/>
  </way>
  <way id="1219991540" version="2" timestamp="2023-11-05T17:05:37Z" changeset="143658915" uid="11691953" user="ItsLouisAnderson">
    <nd ref="11304265666"/>
    <nd ref="11304265667"/>
    <tag k="highway" v="footway"/>
    <tag k="surface" v="paving_stones"/>
  </way>
  <way id="1219991541" version="2" timestamp="2023-11-05T17:05:37Z" changeset="143658915" uid="11691953" user="ItsLouisAnderson">
    <nd ref="11304265668"/>
    <nd ref="11304265669"/>
    <tag k="highway" v="footway"/>
    <tag k="surface" v="paving_stones"/>
  </way>
  <way id="1219991545" version="3" timestamp="2023-11-05T17:05:37Z" changeset="143658915" uid="11691953" user="ItsLouisAnderson">
    <nd ref="11304570756"/>
    <nd ref="11304570759"/>
    <nd ref="11304570758"/>
    <nd ref="11304265691"/>
    <nd ref="11304265692"/>
    <nd ref="11304265693"/>
    <nd ref="11304265694"/>
    <nd ref="11304265695"/>
    <nd ref="11304265696"/>
    <tag k="highway" v="footway"/>
    <tag k="surface" v="paving_stones"/>
  </way>
  <way id="1219991546" version="2" timestamp="2023-11-05T17:05:37Z" changeset="143658915" uid="11691953" user="ItsLouisAnderson">
    <nd ref="11304265696"/>
    <nd ref="11304265697"/>
    <nd ref="11304265698"/>
    <nd ref="11304265699"/>
    <tag k="highway" v="footway"/>
    <tag k="surface" v="paving_stones"/>
  </way>
  <way id="1219991547" version="4" timestamp="2023-11-08T06:32:22Z" changeset="143764689" uid="11691953" user="ItsLouisAnderson">
    <nd ref="11304265700"/>
    <nd ref="11304265701"/>
    <nd ref="11304265719"/>
    <nd ref="11304265702"/>
    <nd ref="11304265703"/>
    <nd ref="11304265704"/>
    <nd ref="11304265705"/>
    <nd ref="11304265706"/>
    <nd ref="11304265707"/>
    <nd ref="11304265699"/>
    <nd ref="11304265708"/>
    <nd ref="11304265727"/>
    <nd ref="11304265709"/>
    <nd ref="11304265710"/>
    <nd ref="11332415903"/>
    <nd ref="11304265711"/>
    <nd ref="11304890262"/>
    <nd ref="11304265712"/>
    <tag k="highway" v="footway"/>
    <tag k="surface" v="paving_stones"/>
  </way>
  <way id="1219991548" version="2" timestamp="2023-11-05T17:05:37Z" changeset="143658915" uid="11691953" user="ItsLouisAnderson">
    <nd ref="11304265713"/>
    <nd ref="11304265714"/>
    <nd ref="11304265715"/>
    <nd ref="11304265716"/>
    <nd ref="11304265717"/>
    <nd ref="11304265718"/>
    <nd ref="11304265719"/>
    <tag k="highway" v="footway"/>
    <tag k="surface" v="paving_stones"/>
  </way>
  <way id="1219991549" version="4" timestamp="2023-11-05T17:05:37Z" changeset="143658915" uid="11691953" user="ItsLouisAnderson">
    <nd ref="11304265696"/>
    <nd ref="11304265720"/>
    <nd ref="11304265721"/>
    <nd ref="11304265722"/>
    <nd ref="11304265723"/>
    <nd ref="11304265726"/>
    <nd ref="11304265733"/>
    <nd ref="11304265728"/>
    <nd ref="11304265724"/>
    <nd ref="11304570764"/>
    <nd ref="11304265729"/>
    <nd ref="11304890268"/>
    <nd ref="11304265730"/>
    <nd ref="11304897875"/>
    <nd ref="11304897869"/>
    <nd ref="11304897930"/>
    <tag k="highway" v="footway"/>
    <tag k="surface" v="paving_stones"/>
  </way>
  <way id="1219991550" version="1" timestamp="2023-11-01T11:02:10Z" changeset="143468422" uid="11691953" user="ItsLouisAnderson">
    <nd ref="11304265725"/>
    <nd ref="11304265726"/>
    <tag k="highway" v="footway"/>
  </way>
  <way id="1219991551" version="3" timestamp="2023-11-05T17:05:37Z" changeset="143658915" uid="11691953" user="ItsLouisAnderson">
    <nd ref="11304265723"/>
    <nd ref="11304897873"/>
    <nd ref="11304265727"/>
    <tag k="highway" v="footway"/>
    <tag k="surface" v="paving_stones"/>
  </way>
  <way id="1220021886" version="2" timestamp="2023-11-05T17:05:37Z" changeset="143658915" uid="11691953" user="ItsLouisAnderson">
    <nd ref="11304265704"/>
    <nd ref="11304570760"/>
    <nd ref="11304570761"/>
    <nd ref="11304570762"/>
    <nd ref="11304570763"/>
    <tag k="highway" v="footway"/>
    <tag k="surface" v="paving_stones"/>
  </way>
  <way id="1220021913" version="1" timestamp="2023-11-01T13:56:40Z" changeset="143476807" uid="11691953" user="ItsLouisAnderson">
    <nd ref="11304265693"/>
    <nd ref="11304581313"/>
    <tag k="highway" v="footway"/>
  </way>
  <way id="1220021919" version="2" timestamp="2023-11-05T17:05:37Z" changeset="143658915" uid="11691953" user="ItsLouisAnderson">
    <nd ref="11304265696"/>
    <nd ref="11304581412"/>
    <nd ref="11304581413"/>
    <nd ref="11304581414"/>
    <nd ref="11304265704"/>
    <tag k="highway" v="footway"/>
    <tag k="surface" v="paving_stones"/>
  </way>
  <way id="1220021924" version="2" timestamp="2023-11-05T17:05:37Z" changeset="143658915" uid="11691953" user="ItsLouisAnderson">
    <nd ref="11304265586"/>
    <nd ref="11304265491"/>
    <tag k="highway" v="footway"/>
    <tag k="surface" v="paving_stones"/>
  </way>
  <way id="1220054882" version="2" timestamp="2023-11-05T17:05:37Z" changeset="143658915" uid="11691953" user="ItsLouisAnderson">
    <nd ref="11304265730"/>
    <nd ref="11304890263"/>
    <nd ref="11304897907"/>
    <tag k="highway" v="footway"/>
    <tag k="surface" v="paving_stones"/>
  </way>
  <way id="1220054883" version="2" timestamp="2023-11-05T17:05:37Z" changeset="143658915" uid="11691953" user="ItsLouisAnderson">
    <nd ref="11304897932"/>
    <nd ref="11304897869"/>
    <nd ref="11304897872"/>
    <nd ref="11304897871"/>
    <nd ref="11304897870"/>
    <nd ref="11304890263"/>
    <nd ref="11304890264"/>
    <nd ref="11304890265"/>
    <nd ref="11304890267"/>
    <nd ref="11304890266"/>
    <tag k="highway" v="footway"/>
    <tag k="surface" v="paving_stones"/>
  </way>
  <way id="1220054884" version="2" timestamp="2023-11-05T17:05:37Z" changeset="143658915" uid="11691953" user="ItsLouisAnderson">
    <nd ref="11304265727"/>
    <nd ref="11304890266"/>
    <nd ref="11304897907"/>
    <nd ref="11304897940"/>
    <nd ref="11304897914"/>
    <tag k="highway" v="footway"/>
    <tag k="surface" v="paving_stones"/>
  </way>
  <way id="1220054885" version="2" timestamp="2023-11-05T17:05:37Z" changeset="143658915" uid="11691953" user="ItsLouisAnderson">
    <nd ref="11304890266"/>
    <nd ref="11304265712"/>
    <tag k="highway" v="footway"/>
    <tag k="surface" v="paving_stones"/>
  </way>
  <way id="1220054891" version="2" timestamp="2023-11-05T17:05:37Z" changeset="143658915" uid="11691953" user="ItsLouisAnderson">
    <nd ref="11304897930"/>
    <nd ref="11304897937"/>
    <nd ref="11304897985"/>
    <nd ref="11304897936"/>
    <nd ref="11304897931"/>
    <tag k="highway" v="footway"/>
    <tag k="surface" v="paving_stones"/>
  </way>
  <way id="1220054892" version="2" timestamp="2023-11-05T17:05:37Z" changeset="143658915" uid="11691953" user="ItsLouisAnderson">
    <nd ref="11304897930"/>
    <nd ref="11304897946"/>
    <nd ref="11304897938"/>
    <nd ref="11304897939"/>
    <nd ref="11304897986"/>
    <nd ref="11304897914"/>
    <tag k="highway" v="footway"/>
    <tag k="surface" v="paving_stones"/>
  </way>
  <way id="1220054893" version="3" timestamp="2023-11-08T06:32:22Z" changeset="143764689" uid="11691953" user="ItsLouisAnderson">
    <nd ref="11304897940"/>
    <nd ref="11304897942"/>
    <nd ref="11304897929"/>
    <tag k="highway" v="footway"/>
    <tag k="surface" v="paving_stones"/>
  </way>
  <way id="1220054897" version="2" timestamp="2023-11-05T17:05:37Z" changeset="143658915" uid="11691953" user="ItsLouisAnderson">
    <nd ref="11304897990"/>
    <nd ref="11304897991"/>
    <nd ref="11304897996"/>
    <nd ref="11304897993"/>
    <nd ref="11304897992"/>
    <nd ref="11304897994"/>
    <nd ref="11304898042"/>
    <tag k="highway" v="footway"/>
    <tag k="surface" v="paving_stones"/>
  </way>
  <way id="1220054898" version="2" timestamp="2023-11-05T17:05:37Z" changeset="143658915" uid="11691953" user="ItsLouisAnderson">
    <nd ref="11304897914"/>
    <nd ref="11304897997"/>
    <nd ref="11304897998"/>
    <nd ref="11304897999"/>
    <nd ref="11304897945"/>
    <tag k="highway" v="footway"/>
    <tag k="surface" v="paving_stones"/>
  </way>
  <way id="1220054900" version="2" timestamp="2023-11-05T17:05:37Z" changeset="143658915" uid="11691953" user="ItsLouisAnderson">
    <nd ref="11304897914"/>
    <nd ref="11304898008"/>
    <nd ref="11304898011"/>
    <nd ref="11304898009"/>
    <nd ref="11304898010"/>
    <nd ref="11304897989"/>
    <tag k="highway" v="footway"/>
    <tag k="surface" v="paving_stones"/>
  </way>
  <way id="1220054902" version="2" timestamp="2023-11-05T17:05:37Z" changeset="143658915" uid="11691953" user="ItsLouisAnderson">
    <nd ref="11304898036"/>
    <nd ref="11304898037"/>
    <nd ref="11304898038"/>
    <nd ref="11304898039"/>
    <nd ref="11304898040"/>
    <nd ref="11304898041"/>
    <nd ref="11304897989"/>
    <nd ref="11304898042"/>
    <nd ref="11304898043"/>
    <nd ref="11304898044"/>
    <nd ref="11304898045"/>
    <nd ref="11304898046"/>
    <nd ref="11304898047"/>
    <nd ref="11304898048"/>
    <nd ref="11304898076"/>
    <nd ref="11304898077"/>
    <nd ref="11304897995"/>
    <nd ref="11304898049"/>
    <nd ref="11304898036"/>
    <tag k="highway" v="footway"/>
    <tag k="surface" v="paving_stones"/>
  </way>
  <way id="1220054905" version="2" timestamp="2023-11-05T17:05:37Z" changeset="143658915" uid="11691953" user="ItsLouisAnderson">
    <nd ref="11304897995"/>
    <nd ref="11304898075"/>
    <tag k="highway" v="footway"/>
    <tag k="surface" v="paving_stones"/>
  </way>
  <way id="1220054906" version="2" timestamp="2023-11-05T17:05:37Z" changeset="143658915" uid="11691953" user="ItsLouisAnderson">
    <nd ref="11304898076"/>
    <nd ref="11304898078"/>
    <nd ref="11304898079"/>
    <nd ref="11304898080"/>
    <tag k="highway" v="footway"/>
    <tag k="surface" v="paving_stones"/>
  </way>
  <way id="1220054907" version="2" timestamp="2023-11-05T17:05:37Z" changeset="143658915" uid="11691953" user="ItsLouisAnderson">
    <nd ref="11304898077"/>
    <nd ref="11304898081"/>
    <nd ref="11304898082"/>
    <nd ref="11304898083"/>
    <nd ref="11304898069"/>
    <tag k="highway" v="footway"/>
    <tag k="surface" v="paving_stones"/>
  </way>
  <way id="1220054911" version="3" timestamp="2023-11-06T16:17:47Z" changeset="143700654" uid="11691953" user="ItsLouisAnderson">
    <nd ref="11304898110"/>
    <nd ref="11329521245"/>
    <nd ref="11304898111"/>
    <tag k="highway" v="footway"/>
    <tag k="surface" v="paving_stones"/>
  </way>
  <way id="1220085068" version="2" timestamp="2023-11-05T17:05:37Z" changeset="143658915" uid="11691953" user="ItsLouisAnderson">
    <nd ref="11305152242"/>
    <nd ref="11305152243"/>
    <tag k="highway" v="footway"/>
    <tag k="surface" v="paving_stones"/>
  </way>
  <way id="1220085071" version="2" timestamp="2023-11-05T17:05:37Z" changeset="143658915" uid="11691953" user="ItsLouisAnderson">
    <nd ref="11304265493"/>
    <nd ref="11305152252"/>
    <tag k="highway" v="footway"/>
    <tag k="surface" v="paving_stones"/>
  </way>
  <way id="1220085072" version="2" timestamp="2023-11-05T17:05:37Z" changeset="143658915" uid="11691953" user="ItsLouisAnderson">
    <nd ref="5857305441"/>
    <nd ref="11305152260"/>
    <tag k="highway" v="footway"/>
    <tag k="surface" v="paving_stones"/>
  </way>
  <way id="1220085079" version="2" timestamp="2023-11-05T17:05:37Z" changeset="143658915" uid="11691953" user="ItsLouisAnderson">
    <nd ref="11305178211"/>
    <nd ref="11305178212"/>
    <nd ref="11305178213"/>
    <nd ref="11305178214"/>
    <nd ref="11304265581"/>
    <tag k="highway" v="footway"/>
    <tag k="surface" v="paving_stones"/>
  </way>
  <way id="1220085080" version="2" timestamp="2023-11-05T17:05:37Z" changeset="143658915" uid="11691953" user="ItsLouisAnderson">
    <nd ref="11305178216"/>
    <nd ref="11305178217"/>
    <tag k="highway" v="footway"/>
    <tag k="surface" v="paving_stones"/>
  </way>
  <way id="1220085082" version="2" timestamp="2023-11-05T17:05:37Z" changeset="143658915" uid="11691953" user="ItsLouisAnderson">
    <nd ref="11305178227"/>
    <nd ref="11305178228"/>
    <tag k="highway" v="footway"/>
    <tag k="surface" v="paving_stones"/>
  </way>
  <way id="1220085084" version="2" timestamp="2023-11-05T17:05:37Z" changeset="143658915" uid="11691953" user="ItsLouisAnderson">
    <nd ref="11305178246"/>
    <nd ref="11305178247"/>
    <tag k="highway" v="footway"/>
    <tag k="surface" v="paving_stones"/>
  </way>
  <way id="1220085086" version="2" timestamp="2023-11-05T17:05:37Z" changeset="143658915" uid="11691953" user="ItsLouisAnderson">
    <nd ref="11304265577"/>
    <nd ref="11305178256"/>
    <tag k="highway" v="footway"/>
    <tag k="surface" v="paving_stones"/>
  </way>
  <way id="1220183633" version="2" timestamp="2023-11-05T17:05:37Z" changeset="143658915" uid="11691953" user="ItsLouisAnderson">
    <nd ref="11306485230"/>
    <nd ref="11304265526"/>
    <tag k="highway" v="footway"/>
    <tag k="surface" v="paving_stones"/>
  </way>
  <way id="1220183635" version="2" timestamp="2023-11-05T17:05:37Z" changeset="143658915" uid="11691953" user="ItsLouisAnderson">
    <nd ref="11306485237"/>
    <nd ref="11306485238"/>
    <tag k="highway" v="footway"/>
    <tag k="surface" v="paving_stones"/>
  </way>
  <way id="1220183637" version="2" timestamp="2023-11-05T17:05:37Z" changeset="143658915" uid="11691953" user="ItsLouisAnderson">
    <nd ref="11306485245"/>
    <nd ref="11306485246"/>
    <tag k="highway" v="footway"/>
    <tag k="surface" v="paving_stones"/>
  </way>
  <way id="1220183639" version="2" timestamp="2023-11-05T17:05:37Z" changeset="143658915" uid="11691953" user="ItsLouisAnderson">
    <nd ref="11306485254"/>
    <nd ref="11306485255"/>
    <tag k="highway" v="footway"/>
    <tag k="surface" v="paving_stones"/>
  </way>
  <way id="1220267657" version="3" timestamp="2023-11-05T17:05:37Z" changeset="143658915" uid="11691953" user="ItsLouisAnderson">
    <nd ref="11304265568"/>
    <nd ref="11304265507"/>
    <tag k="highway" v="footway"/>
    <tag k="surface" v="paving_stones"/>
  </way>
  <way id="1220267659" version="2" timestamp="2023-11-05T17:05:37Z" changeset="143658915" uid="11691953" user="ItsLouisAnderson">
    <nd ref="11307444193"/>
    <nd ref="11307444194"/>
    <tag k="highway" v="footway"/>
    <tag k="surface" v="paving_stones"/>
  </way>
  <way id="1220267660" version="2" timestamp="2023-11-05T17:05:37Z" changeset="143658915" uid="11691953" user="ItsLouisAnderson">
    <nd ref="11307444194"/>
    <nd ref="11307444195"/>
    <tag k="highway" v="footway"/>
    <tag k="surface" v="paving_stones"/>
  </way>
  <way id="1220267661" version="3" timestamp="2023-11-05T17:05:37Z" changeset="143658915" uid="11691953" user="ItsLouisAnderson">
    <nd ref="11307444194"/>
    <nd ref="11307444213"/>
    <nd ref="11314900881"/>
    <nd ref="11307444196"/>
    <tag k="highway" v="footway"/>
    <tag k="surface" v="paving_stones"/>
  </way>
  <way id="1220267663" version="3" timestamp="2023-11-05T17:05:37Z" changeset="143658915" uid="11691953" user="ItsLouisAnderson">
    <nd ref="11307444196"/>
    <nd ref="11307444211"/>
    <tag k="highway" v="footway"/>
    <tag k="surface" v="paving_stones"/>
  </way>
  <way id="1220267665" version="3" timestamp="2023-11-05T17:05:37Z" changeset="143658915" uid="11691953" user="ItsLouisAnderson">
    <nd ref="11307444196"/>
    <nd ref="11304265559"/>
    <tag k="highway" v="footway"/>
    <tag k="surface" v="paving_stones"/>
  </way>
  <way id="1220267666" version="2" timestamp="2023-11-05T17:05:37Z" changeset="143658915" uid="11691953" user="ItsLouisAnderson">
    <nd ref="11307444224"/>
    <nd ref="11307444227"/>
    <tag k="highway" v="footway"/>
    <tag k="surface" v="paving_stones"/>
  </way>
  <way id="1220267667" version="5" timestamp="2025-11-27T11:58:23Z" changeset="175195059" uid="20742048" user="friendly_neighbor">
    <nd ref="11307444196"/>
    <nd ref="11307444325"/>
    <nd ref="11307444225"/>
    <nd ref="11307444281"/>
    <nd ref="11307444226"/>
    <nd ref="11307611921"/>
    <tag k="highway" v="footway"/>
    <tag k="smoothness" v="intermediate"/>
    <tag k="surface" v="paving_stones"/>
  </way>
  <way id="1220267668" version="2" timestamp="2023-11-05T17:05:37Z" changeset="143658915" uid="11691953" user="ItsLouisAnderson">
    <nd ref="11307444211"/>
    <nd ref="11307444225"/>
    <tag k="highway" v="footway"/>
    <tag k="surface" v="paving_stones"/>
  </way>
  <way id="1220267671" version="3" timestamp="2025-11-27T12:00:54Z" changeset="175195059" uid="20742048" user="friendly_neighbor">
    <nd ref="11307444225"/>
    <nd ref="11307444244"/>
    <tag k="highway" v="footway"/>
    <tag k="smoothness" v="good"/>
    <tag k="surface" v="paving_stones"/>
  </way>
  <way id="1220267672" version="3" timestamp="2023-11-05T17:05:37Z" changeset="143658915" uid="11691953" user="ItsLouisAnderson">
    <nd ref="11307444243"/>
    <nd ref="11304265553"/>
    <tag k="highway" v="footway"/>
    <tag k="surface" v="paving_stones"/>
  </way>
  <way id="1220267674" version="3" timestamp="2023-11-05T17:05:37Z" changeset="143658915" uid="11691953" user="ItsLouisAnderson">
    <nd ref="11307444243"/>
    <nd ref="11307444261"/>
    <nd ref="11307444262"/>
    <nd ref="11307444263"/>
    <nd ref="11307444264"/>
    <nd ref="11307716578"/>
    <nd ref="11307444374"/>
    <nd ref="11307444271"/>
    <nd ref="11307444226"/>
    <tag k="highway" v="footway"/>
    <tag k="surface" v="paving_stones"/>
  </way>
  <way id="1220267678" version="2" timestamp="2023-11-05T17:05:37Z" changeset="143658915" uid="11691953" user="ItsLouisAnderson">
    <nd ref="11307444280"/>
    <nd ref="11307444281"/>
    <tag k="highway" v="footway"/>
    <tag k="surface" v="paving_stones"/>
  </way>
  <way id="1220267681" version="2" timestamp="2023-11-05T17:05:37Z" changeset="143658915" uid="11691953" user="ItsLouisAnderson">
    <nd ref="11307444327"/>
    <nd ref="11307444328"/>
    <nd ref="11307444329"/>
    <tag k="highway" v="footway"/>
    <tag k="surface" v="paving_stones"/>
  </way>
  <way id="1220267682" version="2" timestamp="2023-11-05T17:05:37Z" changeset="143658915" uid="11691953" user="ItsLouisAnderson">
    <nd ref="11307444328"/>
    <nd ref="11304265650"/>
    <tag k="highway" v="footway"/>
    <tag k="surface" v="paving_stones"/>
  </way>
  <way id="1220267685" version="2" timestamp="2023-11-05T17:05:37Z" changeset="143658915" uid="11691953" user="ItsLouisAnderson">
    <nd ref="11307444226"/>
    <nd ref="11307444360"/>
    <tag k="highway" v="footway"/>
    <tag k="surface" v="paving_stones"/>
  </way>
  <way id="1220299335" version="2" timestamp="2023-11-05T17:05:37Z" changeset="143658915" uid="11691953" user="ItsLouisAnderson">
    <nd ref="11307611939"/>
    <nd ref="11307611921"/>
    <nd ref="11307611920"/>
    <nd ref="11307611922"/>
    <tag k="highway" v="footway"/>
    <tag k="surface" v="paving_stones"/>
  </way>
  <way id="1220299339" version="3" timestamp="2023-11-05T17:05:37Z" changeset="143658915" uid="11691953" user="ItsLouisAnderson">
    <nd ref="11307611920"/>
    <nd ref="11307444243"/>
    <nd ref="11307444244"/>
    <nd ref="11307444357"/>
    <nd ref="11307444227"/>
    <nd ref="11307444196"/>
    <tag k="highway" v="footway"/>
    <tag k="surface" v="paving_stones"/>
  </way>
  <way id="1220299341" version="2" timestamp="2023-11-05T17:05:37Z" changeset="143658915" uid="11691953" user="ItsLouisAnderson">
    <nd ref="11307611943"/>
    <nd ref="11307716602"/>
    <tag k="highway" v="footway"/>
    <tag k="surface" v="paving_stones"/>
  </way>
  <way id="1220299342" version="2" timestamp="2023-11-05T17:05:37Z" changeset="143658915" uid="11691953" user="ItsLouisAnderson">
    <nd ref="11307611921"/>
    <nd ref="11307716621"/>
    <nd ref="11307716622"/>
    <nd ref="11307716603"/>
    <nd ref="11307716604"/>
    <nd ref="11307716605"/>
    <nd ref="11307716606"/>
    <nd ref="11307716624"/>
    <nd ref="11307716625"/>
    <nd ref="11307716628"/>
    <nd ref="11307716626"/>
    <tag k="highway" v="footway"/>
    <tag k="surface" v="paving_stones"/>
  </way>
  <way id="1220299344" version="2" timestamp="2023-11-05T17:05:37Z" changeset="143658915" uid="11691953" user="ItsLouisAnderson">
    <nd ref="11307716635"/>
    <nd ref="11307716626"/>
    <tag k="highway" v="footway"/>
    <tag k="surface" v="paving_stones"/>
  </way>
  <way id="1220299345" version="3" timestamp="2024-06-12T18:35:11Z" changeset="152595775" uid="12945167" user="Equate">
    <nd ref="11307716872"/>
    <nd ref="11307716871"/>
    <nd ref="11307716868"/>
    <nd ref="11307716870"/>
    <nd ref="11307716869"/>
    <nd ref="11307716747"/>
    <nd ref="11307716748"/>
    <nd ref="11307716836"/>
    <nd ref="11307716786"/>
    <nd ref="11307716746"/>
    <nd ref="11307716782"/>
    <nd ref="11307716745"/>
    <nd ref="11307716749"/>
    <nd ref="11307716744"/>
    <nd ref="11307716698"/>
    <nd ref="11307716627"/>
    <nd ref="11307611943"/>
    <nd ref="11307716629"/>
    <nd ref="11307716630"/>
    <nd ref="11307716620"/>
    <nd ref="11307611942"/>
    <nd ref="11307716631"/>
    <nd ref="11307716632"/>
    <nd ref="11307716697"/>
    <nd ref="11307611941"/>
    <nd ref="11307716633"/>
    <nd ref="11307611940"/>
    <nd ref="11307611920"/>
    <tag k="highway" v="footway"/>
    <tag k="lit" v="yes"/>
    <tag k="surface" v="paving_stones"/>
  </way>
  <way id="1220299346" version="2" timestamp="2023-11-05T17:05:37Z" changeset="143658915" uid="11691953" user="ItsLouisAnderson">
    <nd ref="11307716626"/>
    <nd ref="11307716634"/>
    <tag k="highway" v="steps"/>
    <tag k="incline" v="up"/>
    <tag k="surface" v="paving_stones"/>
  </way>
  <way id="1220299347" version="2" timestamp="2023-11-05T17:05:37Z" changeset="143658915" uid="11691953" user="ItsLouisAnderson">
    <nd ref="11307716627"/>
    <nd ref="11307716635"/>
    <tag k="highway" v="steps"/>
    <tag k="incline" v="up"/>
    <tag k="surface" v="paving_stones"/>
  </way>
  <way id="1220299348" version="2" timestamp="2023-11-05T17:05:37Z" changeset="143658915" uid="11691953" user="ItsLouisAnderson">
    <nd ref="11307716634"/>
    <nd ref="11307716636"/>
    <tag k="highway" v="footway"/>
    <tag k="surface" v="paving_stones"/>
  </way>
  <way id="1220299350" version="2" timestamp="2023-11-05T17:05:37Z" changeset="143658915" uid="11691953" user="ItsLouisAnderson">
    <nd ref="11307611942"/>
    <nd ref="11307716663"/>
    <nd ref="11307716660"/>
    <nd ref="11307716661"/>
    <nd ref="11307716662"/>
    <nd ref="11307716624"/>
    <tag k="highway" v="footway"/>
    <tag k="surface" v="paving_stones"/>
  </way>
  <way id="1220299352" version="2" timestamp="2023-11-05T17:05:37Z" changeset="143658915" uid="11691953" user="ItsLouisAnderson">
    <nd ref="11307716623"/>
    <nd ref="11307716605"/>
    <tag k="highway" v="footway"/>
    <tag k="surface" v="paving_stones"/>
  </way>
  <way id="1220299354" version="2" timestamp="2023-11-05T17:05:37Z" changeset="143658915" uid="11691953" user="ItsLouisAnderson">
    <nd ref="11307716605"/>
    <nd ref="11307716697"/>
    <tag k="highway" v="footway"/>
    <tag k="surface" v="paving_stones"/>
  </way>
  <way id="1220299355" version="3" timestamp="2025-11-27T07:14:07Z" changeset="175184362" uid="20742048" user="friendly_neighbor">
    <nd ref="11307716698"/>
    <nd ref="11307716699"/>
    <tag k="handrail" v="no"/>
    <tag k="highway" v="steps"/>
    <tag k="incline" v="up"/>
    <tag k="surface" v="paving_stones"/>
  </way>
  <way id="1220299356" version="2" timestamp="2023-11-05T17:05:37Z" changeset="143658915" uid="11691953" user="ItsLouisAnderson">
    <nd ref="11307716699"/>
    <nd ref="11307716700"/>
    <tag k="highway" v="footway"/>
    <tag k="surface" v="paving_stones"/>
  </way>
  <way id="1220299359" version="2" timestamp="2023-11-05T17:05:37Z" changeset="143658915" uid="11691953" user="ItsLouisAnderson">
    <nd ref="11307716698"/>
    <nd ref="11307716732"/>
    <tag k="highway" v="footway"/>
    <tag k="surface" v="paving_stones"/>
  </way>
  <way id="1220299361" version="4" timestamp="2025-11-27T07:14:42Z" changeset="175184379" uid="20742048" user="friendly_neighbor">
    <nd ref="11307716749"/>
    <nd ref="11307716750"/>
    <tag k="handrail" v="no"/>
    <tag k="highway" v="steps"/>
    <tag k="incline" v="up"/>
    <tag k="ramp" v="no"/>
    <tag k="surface" v="paving_stones"/>
  </way>
  <way id="1220299364" version="5" timestamp="2025-11-27T07:16:24Z" changeset="175184416" uid="20742048" user="friendly_neighbor">
    <nd ref="11307716782"/>
    <nd ref="11307716783"/>
    <tag k="handrail" v="no"/>
    <tag k="highway" v="steps"/>
    <tag k="incline" v="up"/>
    <tag k="ramp" v="no"/>
    <tag k="step_count" v="5"/>
    <tag k="surface" v="paving_stones"/>
  </way>
  <way id="1220299365" version="2" timestamp="2023-11-05T17:05:37Z" changeset="143658915" uid="11691953" user="ItsLouisAnderson">
    <nd ref="11307716782"/>
    <nd ref="11307716784"/>
    <tag k="highway" v="footway"/>
    <tag k="surface" v="paving_stones"/>
  </way>
  <way id="1220299368" version="2" timestamp="2023-11-05T17:05:37Z" changeset="143658915" uid="11691953" user="ItsLouisAnderson">
    <nd ref="11307716788"/>
    <nd ref="11307716822"/>
    <nd ref="11307716823"/>
    <nd ref="11307716824"/>
    <nd ref="11307716825"/>
    <nd ref="11307716826"/>
    <nd ref="11307716787"/>
    <tag k="highway" v="footway"/>
    <tag k="surface" v="paving_stones"/>
  </way>
  <way id="1220299369" version="2" timestamp="2023-11-05T17:05:37Z" changeset="143658915" uid="11691953" user="ItsLouisAnderson">
    <nd ref="11307716828"/>
    <nd ref="11307716829"/>
    <nd ref="11307716830"/>
    <nd ref="11307716831"/>
    <nd ref="11307716832"/>
    <nd ref="11307716833"/>
    <nd ref="11307716827"/>
    <tag k="highway" v="footway"/>
    <tag k="surface" v="paving_stones"/>
  </way>
  <way id="1220299370" version="2" timestamp="2023-11-05T17:05:37Z" changeset="143658915" uid="11691953" user="ItsLouisAnderson">
    <nd ref="11307716827"/>
    <nd ref="11307716835"/>
    <nd ref="11307716788"/>
    <tag k="highway" v="footway"/>
    <tag k="surface" v="paving_stones"/>
  </way>
  <way id="1220299371" version="5" timestamp="2025-11-27T07:16:47Z" changeset="175184416" uid="20742048" user="friendly_neighbor">
    <nd ref="11307716835"/>
    <nd ref="11307716836"/>
    <tag k="handrail" v="no"/>
    <tag k="highway" v="steps"/>
    <tag k="incline" v="down"/>
    <tag k="ramp" v="no"/>
    <tag k="step_count" v="4"/>
    <tag k="surface" v="paving_stones"/>
  </way>
  <way id="1220299373" version="5" timestamp="2025-11-27T07:17:22Z" changeset="175184416" uid="20742048" user="friendly_neighbor">
    <nd ref="11307716747"/>
    <nd ref="11307716848"/>
    <tag k="handrail" v="no"/>
    <tag k="highway" v="steps"/>
    <tag k="incline" v="up"/>
    <tag k="ramp" v="no"/>
    <tag k="step_count" v="4"/>
    <tag k="surface" v="paving_stones"/>
  </way>
  <way id="1220299375" version="2" timestamp="2023-11-05T17:05:37Z" changeset="143658915" uid="11691953" user="ItsLouisAnderson">
    <nd ref="11307716747"/>
    <nd ref="11307716862"/>
    <tag k="highway" v="footway"/>
    <tag k="surface" v="paving_stones"/>
  </way>
  <way id="1220299376" version="5" timestamp="2025-11-27T07:19:52Z" changeset="175184416" uid="20742048" user="friendly_neighbor">
    <nd ref="11307716867"/>
    <nd ref="11307716873"/>
    <tag k="handrail" v="no"/>
    <tag k="highway" v="steps"/>
    <tag k="incline" v="down"/>
    <tag k="ramp" v="no"/>
    <tag k="step_count" v="4"/>
    <tag k="surface" v="paving_stones"/>
  </way>
  <way id="1220299377" version="2" timestamp="2023-11-05T17:05:37Z" changeset="143658915" uid="11691953" user="ItsLouisAnderson">
    <nd ref="11307716873"/>
    <nd ref="11307716868"/>
    <tag k="highway" v="footway"/>
    <tag k="surface" v="paving_stones"/>
  </way>
  <way id="1220299379" version="2" timestamp="2023-11-05T17:05:37Z" changeset="143658915" uid="11691953" user="ItsLouisAnderson">
    <nd ref="11307716891"/>
    <nd ref="11307716872"/>
    <tag k="highway" v="footway"/>
    <tag k="surface" v="paving_stones"/>
  </way>
  <way id="1220299380" version="3" timestamp="2023-11-05T17:05:37Z" changeset="143658915" uid="11691953" user="ItsLouisAnderson">
    <nd ref="11307716872"/>
    <nd ref="11304265534"/>
    <tag k="highway" v="footway"/>
    <tag k="surface" v="paving_stones"/>
  </way>
  <way id="1220426402" version="3" timestamp="2023-11-09T14:50:29Z" changeset="143826136" uid="11691953" user="ItsLouisAnderson">
    <nd ref="11308870545"/>
    <nd ref="11336026472"/>
    <nd ref="11308870547"/>
    <nd ref="11308870548"/>
    <nd ref="11308870549"/>
    <nd ref="11308870550"/>
    <nd ref="11308870551"/>
    <nd ref="11308870552"/>
    <nd ref="11336026476"/>
    <nd ref="11308870554"/>
    <tag k="highway" v="footway"/>
    <tag k="surface" v="paving_stones"/>
  </way>
  <way id="1220426403" version="3" timestamp="2023-11-06T16:17:47Z" changeset="143700654" uid="11691953" user="ItsLouisAnderson">
    <nd ref="11308870522"/>
    <nd ref="11308870557"/>
    <nd ref="11308870558"/>
    <nd ref="11308870559"/>
    <nd ref="11308870560"/>
    <nd ref="11308870561"/>
    <nd ref="11308870523"/>
    <tag k="highway" v="footway"/>
    <tag k="surface" v="paving_stones"/>
  </way>
  <way id="1220678564" version="2" timestamp="2023-11-09T14:50:29Z" changeset="143826136" uid="11691953" user="ItsLouisAnderson">
    <nd ref="11311214214"/>
    <nd ref="11336019764"/>
    <nd ref="6644523698"/>
    <nd ref="11311214215"/>
    <tag k="crossing" v="traffic_signals"/>
    <tag k="footway" v="crossing"/>
    <tag k="highway" v="footway"/>
  </way>
  <way id="1221244158" version="2" timestamp="2023-11-05T17:05:37Z" changeset="143658915" uid="11691953" user="ItsLouisAnderson">
    <nd ref="11304265655"/>
    <nd ref="11323279183"/>
    <tag k="highway" v="footway"/>
    <tag k="surface" v="paving_stones"/>
  </way>
  <way id="1221244159" version="2" timestamp="2023-11-05T17:05:37Z" changeset="143658915" uid="11691953" user="ItsLouisAnderson">
    <nd ref="11323279195"/>
    <nd ref="11323279196"/>
    <tag k="highway" v="footway"/>
    <tag k="surface" v="paving_stones"/>
  </way>
  <way id="1221568397" version="1" timestamp="2023-11-06T16:17:47Z" changeset="143700654" uid="11691953" user="ItsLouisAnderson">
    <nd ref="9966237358"/>
    <nd ref="9966237369"/>
    <nd ref="9966237371"/>
    <tag k="highway" v="service"/>
    <tag k="service" v="driveway"/>
    <tag k="surface" v="paving_stones"/>
  </way>
  <way id="1221568398" version="1" timestamp="2023-11-06T16:17:47Z" changeset="143700654" uid="11691953" user="ItsLouisAnderson">
    <nd ref="9966237372"/>
    <nd ref="9966237370"/>
    <nd ref="9966237368"/>
    <tag k="highway" v="service"/>
    <tag k="service" v="driveway"/>
    <tag k="surface" v="paving_stones"/>
  </way>
  <way id="1221568399" version="1" timestamp="2023-11-06T16:17:47Z" changeset="143700654" uid="11691953" user="ItsLouisAnderson">
    <nd ref="11304265575"/>
    <nd ref="11329521221"/>
    <nd ref="11329521222"/>
    <nd ref="11329521223"/>
    <nd ref="11329521224"/>
    <nd ref="11329521226"/>
    <nd ref="11329521225"/>
    <nd ref="11329521227"/>
    <nd ref="11323279228"/>
    <tag k="highway" v="footway"/>
    <tag k="surface" v="paving_stones"/>
  </way>
  <way id="1221568401" version="1" timestamp="2023-11-06T16:17:47Z" changeset="143700654" uid="11691953" user="ItsLouisAnderson">
    <nd ref="11329521243"/>
    <nd ref="11329521244"/>
    <tag k="highway" v="footway"/>
    <tag k="surface" v="paving_stones"/>
  </way>
  <way id="1223431288" version="2" timestamp="2025-07-30T12:31:10Z" changeset="169717804" uid="22976896" user="Capricorn3576">
    <nd ref="10584029034"/>
    <nd ref="11348293011"/>
    <nd ref="10583987377"/>
    <tag k="crossing" v="uncontrolled"/>
    <tag k="crossing:markings" v="zebra"/>
    <tag k="footway" v="crossing"/>
    <tag k="highway" v="footway"/>
    <tag k="surface" v="asphalt"/>
  </way>
  <way id="1223464161" version="3" timestamp="2026-06-05T15:21:04Z" changeset="183701503" uid="11196308" user="vietnam321">
    <nd ref="98010039"/>
    <nd ref="8178544863"/>
    <nd ref="317319368"/>
    <tag k="highway" v="secondary"/>
    <tag k="lanes" v="2"/>
    <tag k="name" v="Phố Hai Bà Trưng"/>
    <tag k="name:en" v="Hai Ba Trung Street"/>
    <tag k="name:etymology:wikidata" v="Q1207428"/>
    <tag k="name:zh" v="二征夫人街"/>
    <tag k="surface" v="asphalt"/>
  </way>
  <way id="1232698220" version="2" timestamp="2023-12-20T15:52:07Z" changeset="145337239" uid="11691953" user="ItsLouisAnderson">
    <nd ref="11435116269"/>
    <nd ref="11435116275"/>
    <nd ref="11435116274"/>
    <nd ref="11435116273"/>
    <nd ref="9966237354"/>
    <nd ref="11435116365"/>
    <nd ref="11435116436"/>
    <nd ref="11435116375"/>
    <nd ref="11435116643"/>
    <nd ref="11217220366"/>
    <tag k="footway" v="sidewalk"/>
    <tag k="highway" v="footway"/>
    <tag k="surface" v="paving_stones"/>
  </way>
  <way id="1232698221" version="2" timestamp="2023-12-20T15:52:07Z" changeset="145337239" uid="11691953" user="ItsLouisAnderson">
    <nd ref="11435098067"/>
    <nd ref="8184606303"/>
    <nd ref="11435116639"/>
    <nd ref="11435116374"/>
    <nd ref="11435116434"/>
    <nd ref="11435116364"/>
    <nd ref="11217220360"/>
    <nd ref="11435098068"/>
    <tag k="footway" v="sidewalk"/>
    <tag k="highway" v="footway"/>
    <tag k="surface" v="paving_stones"/>
  </way>
  <way id="1232698222" version="2" timestamp="2023-12-20T15:52:07Z" changeset="145337239" uid="11691953" user="ItsLouisAnderson">
    <nd ref="11435116269"/>
    <nd ref="11435116387"/>
    <nd ref="5857305389"/>
    <nd ref="11435116389"/>
    <nd ref="11435116270"/>
    <nd ref="11435116271"/>
    <nd ref="11435116272"/>
    <nd ref="11435098068"/>
    <tag k="footway" v="sidewalk"/>
    <tag k="highway" v="footway"/>
    <tag k="surface" v="paving_stones"/>
  </way>
  <way id="1232698243" version="2" timestamp="2023-12-20T15:52:07Z" changeset="145337239" uid="11691953" user="ItsLouisAnderson">
    <nd ref="11435216521"/>
    <nd ref="11435116395"/>
    <nd ref="11435116356"/>
    <tag k="highway" v="footway"/>
    <tag k="surface" v="paving_stones"/>
  </way>
  <way id="1232698249" version="2" timestamp="2023-12-20T15:52:07Z" changeset="145337239" uid="11691953" user="ItsLouisAnderson">
    <nd ref="9966237354"/>
    <nd ref="11435116384"/>
    <nd ref="11435116388"/>
    <nd ref="11435116386"/>
    <nd ref="11435116390"/>
    <nd ref="11435116385"/>
    <nd ref="11217220360"/>
    <tag k="highway" v="footway"/>
    <tag k="surface" v="paving_stones"/>
  </way>
  <way id="1232698250" version="2" timestamp="2023-12-20T15:52:07Z" changeset="145337239" uid="11691953" user="ItsLouisAnderson">
    <nd ref="11435116387"/>
    <nd ref="11435116388"/>
    <tag k="highway" v="footway"/>
    <tag k="surface" v="paving_stones"/>
  </way>
  <way id="1232698251" version="2" timestamp="2023-12-20T15:52:07Z" changeset="145337239" uid="11691953" user="ItsLouisAnderson">
    <nd ref="11435116389"/>
    <nd ref="11435116390"/>
    <tag k="highway" v="footway"/>
    <tag k="surface" v="paving_stones"/>
  </way>
  <way id="1232709658" version="1" timestamp="2023-12-20T15:52:07Z" changeset="145337239" uid="11691953" user="ItsLouisAnderson">
    <nd ref="5857305389"/>
    <nd ref="11435116386"/>
    <nd ref="11435216520"/>
    <tag k="highway" v="footway"/>
    <tag k="surface" v="paving_stones"/>
  </way>
  <way id="1232709659" version="1" timestamp="2023-12-20T15:52:07Z" changeset="145337239" uid="11691953" user="ItsLouisAnderson">
    <nd ref="11435216520"/>
    <nd ref="11435216521"/>
    <tag k="highway" v="steps"/>
    <tag k="incline" v="up"/>
    <tag k="surface" v="paving_stones"/>
  </way>
  <way id="1234286152" version="2" timestamp="2025-07-15T04:18:37Z" changeset="168943557" uid="5035183" user="Almucheck Almucheck">
    <nd ref="11455539091"/>
    <nd ref="11455539093"/>
    <nd ref="11455539092"/>
    <tag k="crossing" v="uncontrolled"/>
    <tag k="crossing:markings" v="yes"/>
    <tag k="footway" v="crossing"/>
    <tag k="highway" v="footway"/>
    <tag k="surface" v="asphalt"/>
  </way>
  <way id="1274302651" version="2" timestamp="2025-03-30T12:12:13Z" changeset="164284671" uid="16194143" user="Tewuzij">
    <nd ref="11832076995"/>
    <nd ref="11832076989"/>
    <nd ref="11832076997"/>
    <nd ref="11832076983"/>
    <tag k="highway" v="footway"/>
    <tag k="layer" v="-1"/>
  </way>
  <way id="1274302652" version="1" timestamp="2024-04-20T02:03:44Z" changeset="150245451" uid="13901111" user="Airiver">
    <nd ref="6591434558"/>
    <nd ref="6591434556"/>
    <nd ref="6591434557"/>
    <nd ref="6591434561"/>
    <nd ref="6591434560"/>
    <nd ref="6591434559"/>
    <nd ref="6591434558"/>
    <tag k="highway" v="footway"/>
  </way>
  <way id="1274302653" version="1" timestamp="2024-04-20T02:03:44Z" changeset="150245451" uid="13901111" user="Airiver">
    <nd ref="11832076993"/>
    <nd ref="11832076985"/>
    <nd ref="11832076988"/>
    <nd ref="11832076991"/>
    <nd ref="11832076992"/>
    <tag k="highway" v="footway"/>
  </way>
  <way id="1274302654" version="1" timestamp="2024-04-20T02:03:44Z" changeset="150245451" uid="13901111" user="Airiver">
    <nd ref="6591434568"/>
    <nd ref="6591434567"/>
    <tag k="highway" v="steps"/>
  </way>
  <way id="1274302655" version="1" timestamp="2024-04-20T02:03:44Z" changeset="150245451" uid="13901111" user="Airiver">
    <nd ref="11832076984"/>
    <nd ref="11832076981"/>
    <nd ref="11832076996"/>
    <tag k="highway" v="footway"/>
  </way>
  <way id="1274302656" version="1" timestamp="2024-04-20T02:03:44Z" changeset="150245451" uid="13901111" user="Airiver">
    <nd ref="6591434570"/>
    <nd ref="6591434566"/>
    <tag k="highway" v="steps"/>
  </way>
  <way id="1274302657" version="1" timestamp="2024-04-20T02:03:44Z" changeset="150245451" uid="13901111" user="Airiver">
    <nd ref="11832076994"/>
    <nd ref="11832076995"/>
    <nd ref="11832076987"/>
    <tag k="highway" v="footway"/>
  </way>
  <way id="1274302658" version="1" timestamp="2024-04-20T02:03:44Z" changeset="150245451" uid="13901111" user="Airiver">
    <nd ref="6591434566"/>
    <nd ref="11832076993"/>
    <nd ref="11832076983"/>
    <nd ref="11832076992"/>
    <nd ref="6591434567"/>
    <tag k="highway" v="steps"/>
  </way>
  <way id="1340978205" version="1" timestamp="2024-12-08T09:53:48Z" changeset="160050483" uid="4347030" user="vbertola">
    <nd ref="4023283638"/>
    <nd ref="12404456168"/>
    <nd ref="12404456167"/>
    <tag k="highway" v="footway"/>
  </way>
  <way id="1340978206" version="1" timestamp="2024-12-08T09:53:48Z" changeset="160050483" uid="4347030" user="vbertola">
    <nd ref="12404456169"/>
    <nd ref="12404456170"/>
    <nd ref="12404456171"/>
    <nd ref="7171121007"/>
    <nd ref="12404456172"/>
    <nd ref="12404456173"/>
    <nd ref="12404456175"/>
    <nd ref="12404456174"/>
    <tag k="highway" v="footway"/>
  </way>
  <way id="1340978207" version="1" timestamp="2024-12-08T09:53:48Z" changeset="160050483" uid="4347030" user="vbertola">
    <nd ref="7202327205"/>
    <nd ref="12404456177"/>
    <nd ref="12404456176"/>
    <tag k="highway" v="footway"/>
  </way>
  <way id="1340978208" version="1" timestamp="2024-12-08T09:53:48Z" changeset="160050483" uid="4347030" user="vbertola">
    <nd ref="12404456178"/>
    <nd ref="12404456179"/>
    <tag k="highway" v="steps"/>
    <tag k="incline" v="up"/>
  </way>
  <way id="1340978209" version="1" timestamp="2024-12-08T09:53:48Z" changeset="160050483" uid="4347030" user="vbertola">
    <nd ref="12404456178"/>
    <nd ref="12404456180"/>
    <tag k="highway" v="footway"/>
  </way>
  <way id="1340978210" version="1" timestamp="2024-12-08T09:53:48Z" changeset="160050483" uid="4347030" user="vbertola">
    <nd ref="12404456179"/>
    <nd ref="12404456182"/>
    <nd ref="12404456181"/>
    <tag k="highway" v="footway"/>
  </way>
  <way id="1340978211" version="1" timestamp="2024-12-08T09:53:48Z" changeset="160050483" uid="4347030" user="vbertola">
    <nd ref="7202327210"/>
    <nd ref="12404456182"/>
    <tag k="highway" v="footway"/>
  </way>
  <way id="1340978212" version="1" timestamp="2024-12-08T09:53:48Z" changeset="160050483" uid="4347030" user="vbertola">
    <nd ref="12404456183"/>
    <nd ref="12404456181"/>
    <tag k="highway" v="steps"/>
    <tag k="incline" v="up"/>
  </way>
  <way id="1340978213" version="1" timestamp="2024-12-08T09:53:48Z" changeset="160050483" uid="4347030" user="vbertola">
    <nd ref="12404456183"/>
    <nd ref="12404456184"/>
    <tag k="highway" v="footway"/>
  </way>
  <way id="1376401766" version="1" timestamp="2025-04-10T07:43:35Z" changeset="164755334" uid="22005783" user="tuan_gsm">
    <nd ref="8176641004"/>
    <nd ref="8178544864"/>
    <nd ref="8176641000"/>
    <nd ref="8176641001"/>
    <nd ref="8176641002"/>
    <nd ref="8176641003"/>
    <nd ref="8176640989"/>
    <nd ref="11455539091"/>
    <tag k="footway" v="sidewalk"/>
    <tag k="highway" v="footway"/>
    <tag k="surface" v="concrete:plates"/>
  </way>
  <way id="1523244025" version="1" timestamp="2026-05-27T04:36:37Z" changeset="183236528" uid="19853899" user="tnnk-gis">
    <nd ref="13886629283"/>
    <nd ref="13886629282"/>
    <nd ref="13886629281"/>
    <tag k="alleyResourceId" v="1__954"/>
    <tag k="batch" v="2"/>
    <tag k="contributor" v="GIS_OTS"/>
    <tag k="hgv" v="no"/>
    <tag k="highway" v="service"/>
    <tag k="name" v="Ngõ Nhà Chung"/>
    <tag k="process_id" v="384_2"/>
    <tag k="service" v="alley"/>
  </way>
  <way id="1523244026" version="1" timestamp="2026-05-27T04:36:37Z" changeset="183236528" uid="19853899" user="tnnk-gis">
    <nd ref="13886629282"/>
    <nd ref="13886629284"/>
    <tag k="alleyResourceId" v="1__954"/>
    <tag k="batch" v="2"/>
    <tag k="contributor" v="GIS_OTS"/>
    <tag k="hgv" v="no"/>
    <tag k="highway" v="service"/>
    <tag k="name" v="Ngõ Nhà Chung"/>
    <tag k="process_id" v="385_2"/>
    <tag k="service" v="alley"/>
  </way>
  <way id="1523244027" version="1" timestamp="2026-05-27T04:36:37Z" changeset="183236528" uid="19853899" user="tnnk-gis">
    <nd ref="13886629282"/>
    <nd ref="13886629285"/>
    <tag k="alleyResourceId" v="1__954"/>
    <tag k="batch" v="2"/>
    <tag k="contributor" v="GIS_OTS"/>
    <tag k="hgv" v="no"/>
    <tag k="highway" v="service"/>
    <tag k="name" v="Ngõ Nhà Chung"/>
    <tag k="process_id" v="386_2"/>
    <tag k="service" v="alley"/>
  </way>
  <way id="1525451873" version="2" timestamp="2026-06-03T10:52:10Z" changeset="183587024" uid="19853899" user="tnnk-gis">
    <nd ref="103011356"/>
    <nd ref="322505474"/>
    <tag k="hgv" v="no"/>
    <tag k="highway" v="residential"/>
    <tag k="maxwidth" v="2"/>
    <tag k="motorcar" v="destination"/>
    <tag k="name" v="Ngõ Huyện"/>
    <tag k="name:en" v="Huyen Alley"/>
    <tag k="name:id" v="Gang Distrik (Huyen)"/>
    <tag k="note" v="357_2"/>
    <tag k="surface" v="asphalt"/>
  </way>
  <way id="1525451874" version="3" timestamp="2026-06-04T09:32:33Z" changeset="183634427" uid="21626746" user="GrabVN_Phuong Nguyen Thanh">
    <nd ref="322505365"/>
    <nd ref="322505450"/>
    <tag k="hgv" v="no"/>
    <tag k="highway" v="service"/>
    <tag k="lanes" v="1"/>
    <tag k="layer" v="-2"/>
    <tag k="motorcar" v="destination"/>
    <tag k="name" v="Ngõ Huyện"/>
    <tag k="note" v="358_2"/>
    <tag k="surface" v="asphalt"/>
  </way>
  <way id="1525451875" version="3" timestamp="2026-06-04T09:32:33Z" changeset="183634427" uid="21626746" user="GrabVN_Phuong Nguyen Thanh">
    <nd ref="322505450"/>
    <nd ref="322505458"/>
    <tag k="hgv" v="no"/>
    <tag k="highway" v="service"/>
    <tag k="lanes" v="1"/>
    <tag k="maxwidth" v="2"/>
    <tag k="motorcar" v="destination"/>
    <tag k="name" v="Ngõ Thọ Xương"/>
    <tag k="name:en" v="Tho Xuong Alley"/>
    <tag k="note" v="370_2"/>
    <tag k="surface" v="asphalt"/>
  </way>
  <way id="1525451876" version="2" timestamp="2026-06-03T10:52:10Z" changeset="183587024" uid="19853899" user="tnnk-gis">
    <nd ref="4023283637"/>
    <nd ref="103010884"/>
    <tag k="hgv" v="no"/>
    <tag k="highway" v="residential"/>
    <tag k="maxwidth" v="2"/>
    <tag k="motorcar" v="destination"/>
    <tag k="name" v="Ngõ Huyện"/>
    <tag k="name:en" v="Huyen Alley"/>
    <tag k="name:id" v="Gang Distrik (Huyen)"/>
    <tag k="note" v="357_2"/>
    <tag k="surface" v="asphalt"/>
  </way>
  <way id="1533766141" version="2" timestamp="2026-07-04T13:20:53Z" changeset="185090598" uid="24180697" user="Nhu Hieu">
    <nd ref="13976546146"/>
    <nd ref="13976546148"/>
    <nd ref="13976546147"/>
    <tag k="hgv" v="no"/>
    <tag k="highway" v="service"/>
    <tag k="name" v="Ngõ 9 Phố Hàng Khay"/>
    <tag k="note" v="757_4"/>
  </way>
  <way id="1533766149" version="2" timestamp="2026-07-04T13:20:53Z" changeset="185090598" uid="24180697" user="Nhu Hieu">
    <nd ref="13976546159"/>
    <nd ref="13976546163"/>
    <nd ref="13976546162"/>
    <nd ref="13976546161"/>
    <nd ref="13976546160"/>
    <tag k="hgv" v="no"/>
    <tag k="highway" v="service"/>
    <tag k="name" v="Ngõ 11 Phố Hàng Khay"/>
    <tag k="note" v="712_4"/>
  </way>
  <way id="1534168874" version="1" timestamp="2026-07-01T05:04:01Z" changeset="184893854" uid="24180697" user="Nhu Hieu">
    <nd ref="13979637061"/>
    <nd ref="13979637060"/>
    <nd ref="13979637059"/>
    <tag k="hgv" v="no"/>
    <tag k="highway" v="residential"/>
    <tag k="name" v="Ngõ 13T Phố Tràng Thi"/>
    <tag k="note" v="863_4"/>
  </way>
  <way id="1534168875" version="1" timestamp="2026-07-01T05:04:01Z" changeset="184893854" uid="24180697" user="Nhu Hieu">
    <nd ref="13979637062"/>
    <nd ref="13979637061"/>
    <tag k="hgv" v="no"/>
    <tag k="highway" v="residential"/>
    <tag k="name" v="Ngõ 13T Phố Tràng Thi"/>
    <tag k="note" v="862_4"/>
  </way>
  <way id="1534168876" version="1" timestamp="2026-07-01T05:04:01Z" changeset="184893854" uid="24180697" user="Nhu Hieu">
    <nd ref="13979637065"/>
    <nd ref="13979637063"/>
    <nd ref="13979637064"/>
    <tag k="hgv" v="no"/>
    <tag k="highway" v="residential"/>
    <tag k="name" v="Ngõ 13A Phố Tràng Thi"/>
    <tag k="note" v="861_4"/>
  </way>
  <way id="1534168877" version="1" timestamp="2026-07-01T05:04:01Z" changeset="184893854" uid="24180697" user="Nhu Hieu">
    <nd ref="13979637066"/>
    <nd ref="13979637063"/>
    <tag k="hgv" v="no"/>
    <tag k="highway" v="residential"/>
    <tag k="name" v="Ngõ 13A Phố Tràng Thi"/>
    <tag k="note" v="860_4"/>
  </way>

</osm>
